"Journal Data Filtered By:  Selected Categories: TOXICOLOGY Selected Editions: SCIE;SSCI;AHCI;ESCI Selected JCR Year: 2025 Selected Category Schema: WOS Selected Open Access: N Indicator: Default"

Journal name,JCR Abbreviation,Publisher,ISSN,eISSN,Category,Edition,Total Citations,2025 JIF,JIF Quartile,2025 JCI,% of Citable OA
"Annual Review of Pharmacology and Toxicology","ANNU REV PHARMACOL","ANNUAL REVIEWS","0362-1642","1545-4304","TOXICOLOGY","SCIE","9,259","19","Q1","2.35","100"%,
"DRUGS","DRUGS","ADIS INT LTD","0012-6667","1179-1950","TOXICOLOGY","SCIE","24,630","14.7","Q1","2.82","30.18"%,
"Environmental Chemistry and Ecotoxicology","ENVIRON CHEM ECOTOX","KEAI PUBLISHING LTD","N/A","2590-1826","TOXICOLOGY","ESCI","2,003","12.3","Q1","2.26","100"%,
"JOURNAL OF TOXICOLOGY AND ENVIRONMENTAL HEALTH-PART B-CRITICAL REVIEWS","J TOXICOL ENV HEAL B","TAYLOR & FRANCIS INC","1093-7404","1521-6950","TOXICOLOGY","SCIE","2,770","11.6","Q1","1.14","18.64"%,
"ENVIRONMENTAL HEALTH PERSPECTIVES","ENVIRON HEALTH PERSP","US DEPT HEALTH HUMAN SCIENCES PUBLIC HEALTH SCIENCE","0091-6765","1552-9924","TOXICOLOGY","SCIE","41,356","10.9","Q1","2.38","99.27"%,
"ARCHIVES OF TOXICOLOGY","ARCH TOXICOL","SPRINGER HEIDELBERG","0340-5761","1432-0738","TOXICOLOGY","SCIE","19,139","10.9","Q1","1.49","48.75"%,
"Particle and Fibre Toxicology","PART FIBRE TOXICOL","BMC","1743-8977","1743-8977","TOXICOLOGY","SCIE","6,359","10.6","Q1","2.38","100"%,
"Reviews of Environmental Contamination and Toxicology","REV ENVIRON CONTAM T","SPRINGER","0179-5953","2197-6554","TOXICOLOGY","SCIE","3,300","8.3","Q1","0.92","8.43"%,
"ECOTOXICOLOGY AND ENVIRONMENTAL SAFETY","ECOTOX ENVIRON SAFE","ACADEMIC PRESS INC ELSEVIER SCIENCE","0147-6513","1090-2414","TOXICOLOGY","SCIE","80,594","6.6","Q1","1.37","99.94"%,
"MUTATION RESEARCH-REVIEWS IN MUTATION RESEARCH","MUTAT RES-REV MUTAT","ELSEVIER","1383-5742","1388-2139","TOXICOLOGY","SCIE","3,773","6.5","Q1","1.09","41.33"%,
"INFLAMMOPHARMACOLOGY","INFLAMMOPHARMACOLOGY","SPRINGER BASEL AG","0925-4692","1568-5608","TOXICOLOGY","SCIE","8,675","6.3","Q1","1.14","20.41"%,
"DRUG SAFETY","DRUG SAFETY","ADIS INT LTD","0114-5916","1179-1942","TOXICOLOGY","SCIE","7,886","5.9","Q1","1.32","60.93"%,
"Journal of Exposure Science and Environmental Epidemiology","J EXPO SCI ENV EPID","SPRINGERNATURE","1559-0631","1559-064X","TOXICOLOGY","SCIE","6,825","5.9","Q1","1.2","48.12"%,
"CELL BIOLOGY AND TOXICOLOGY","CELL BIOL TOXICOL","SPRINGER","0742-2091","1573-6822","TOXICOLOGY","SCIE","4,619","5.7","Q1","1.1","87.46"%,
"CRITICAL REVIEWS IN TOXICOLOGY","CRIT REV TOXICOL","TAYLOR & FRANCIS LTD","1040-8444","1547-6898","TOXICOLOGY","SCIE","4,711","5.6","Q1","0.65","32.46"%,
"TOXICOLOGY","TOXICOLOGY","ELSEVIER IRELAND LTD","0300-483X","1879-3185","TOXICOLOGY","SCIE","16,009","5.2","Q1","1.38","25.15"%,
"TOXICOLOGICAL SCIENCES","TOXICOL SCI","OXFORD UNIV PRESS","1096-6080","1096-0929","TOXICOLOGY","SCIE","16,504","5.2","Q1","1.2","27.34"%,
"CHEMICO-BIOLOGICAL INTERACTIONS","CHEM-BIOL INTERACT","ELSEVIER IRELAND LTD","0009-2797","1872-7786","TOXICOLOGY","SCIE","20,894","5.2","Q1","1.18","14.65"%,
"Frontiers in Toxicology","FRONT TOXICOL","FRONTIERS MEDIA SA","N/A","2673-3080","TOXICOLOGY","ESCI","2,453","5.1","Q1","0.97","100"%,
"Journal of Environmental Science and Health Part C-Toxicology and Carcinogenesis","J ENV SCI HEAL C-TOX","TAYLOR & FRANCIS INC","2689-6583","2689-6591","TOXICOLOGY","SCIE","317","5","Q1","0.62","0"%,
"Toxics","TOXICS","MDPI","N/A","2305-6304","TOXICOLOGY","SCIE","19,196","4.9","Q1","0.87","100"%,
"Current Research in Toxicology","CURR RES TOXICOL","ELSEVIER","2666-027X","2666-027X","TOXICOLOGY","ESCI","808","4.7","Q1","0.95","100"%,
"AQUATIC TOXICOLOGY","AQUAT TOXICOL","ELSEVIER","0166-445X","1879-1514","TOXICOLOGY","SCIE","17,988","4.6","Q1","1.4","20.57"%,
"Environmental Toxicology and Pharmacology","ENVIRON TOXICOL PHAR","ELSEVIER","1382-6689","1872-7077","TOXICOLOGY","SCIE","11,288","4.6","Q1","1.06","26.95"%,
"Journal of Xenobiotics","J XENOBIOTICS","MDPI","2039-4705","2039-4713","TOXICOLOGY","ESCI","1,615","4.6","Q1","0.93","100"%,
"Expert Opinion on Drug Metabolism & Toxicology","EXPERT OPIN DRUG MET","TAYLOR & FRANCIS LTD","1742-5255","1744-7607","TOXICOLOGY","SCIE","5,723","4.5","Q1","0.53","4.69"%,
"COMPARATIVE BIOCHEMISTRY AND PHYSIOLOGY C-TOXICOLOGY & PHARMACOLOGY","COMP BIOCHEM PHYS C","ELSEVIER SCIENCE INC","1532-0456","1878-1659","TOXICOLOGY","SCIE","9,779","4.4","Q2","1.3","12.88"%,
"REGULATORY TOXICOLOGY AND PHARMACOLOGY","REGUL TOXICOL PHARM","ACADEMIC PRESS INC ELSEVIER SCIENCE","0273-2300","1096-0295","TOXICOLOGY","SCIE","10,942","4.3","Q2","1.35","39.05"%,
"CHEMICAL RESEARCH IN TOXICOLOGY","CHEM RES TOXICOL","AMER CHEMICAL SOC","0893-228X","1520-5010","TOXICOLOGY","SCIE","14,024","4.1","Q2","0.79","29.47"%,
"Toxins","TOXINS","MDPI","N/A","2072-6651","TOXICOLOGY","SCIE","30,338","4","Q2","0.8","99.89"%,
"Environmental Pollutants and Bioavailability","ENV POLLUT BIOAVAIL","TAYLOR & FRANCIS LTD","2639-5932","2639-5940","TOXICOLOGY","SCIE","1,015","4","Q2","0.66","100"%,
"NEUROTOXICOLOGY","NEUROTOXICOLOGY","ELSEVIER","0161-813X","1872-9711","TOXICOLOGY","SCIE","8,095","3.8","Q2","0.98","17.18"%,
"NEUROTOXICOLOGY AND TERATOLOGY","NEUROTOXICOL TERATOL","PERGAMON-ELSEVIER SCIENCE LTD","0892-0362","1872-9738","TOXICOLOGY","SCIE","3,182","3.7","Q2","0.79","15.57"%,
"FOOD AND AGRICULTURAL IMMUNOLOGY","FOOD AGR IMMUNOL","TAYLOR & FRANCIS LTD","0954-0105","1465-3443","TOXICOLOGY","SCIE","1,603","3.7","Q2","0.49","100"%,
"TOXICOLOGY AND APPLIED PHARMACOLOGY","TOXICOL APPL PHARM","ACADEMIC PRESS INC ELSEVIER SCIENCE","0041-008X","1096-0333","TOXICOLOGY","SCIE","19,467","3.6","Q2","1","14.37"%,
"BASIC & CLINICAL PHARMACOLOGY & TOXICOLOGY","BASIC CLIN PHARMACOL","WILEY","1742-7835","1742-7843","TOXICOLOGY","SCIE","5,997","3.6","Q2","0.83","45.12"%,
"CLINICAL TOXICOLOGY","CLIN TOXICOL","TAYLOR & FRANCIS LTD","1556-3650","1556-9519","TOXICOLOGY","SCIE","5,127","3.6","Q2","0.78","9.28"%,
"JOURNAL OF BIOCHEMICAL AND MOLECULAR TOXICOLOGY","J BIOCHEM MOL TOXIC","WILEY","1095-6670","1099-0461","TOXICOLOGY","SCIE","7,581","3.6","Q2","0.72","11.59"%,
"ENVIRONMENTAL TOXICOLOGY AND CHEMISTRY","ENVIRON TOXICOL CHEM","OXFORD UNIV PRESS","0730-7268","1552-8618","TOXICOLOGY","SCIE","19,747","3.6","Q2","0.69","42.13"%,
"Nanotoxicology","NANOTOXICOLOGY","TAYLOR & FRANCIS LTD","1743-5390","1743-5404","TOXICOLOGY","SCIE","4,009","3.6","Q2","0.58","17.54"%,
"BMC Pharmacology & Toxicology","BMC PHARMACOL TOXICO","BMC","N/A","2050-6511","TOXICOLOGY","SCIE","2,827","3.5","Q2","0.83","98.79"%,
"HUMAN & EXPERIMENTAL TOXICOLOGY","HUM EXP TOXICOL","SAGE PUBLICATIONS LTD","0960-3271","1477-0903","TOXICOLOGY","SCIE","5,767","3.5","Q2","0.82","100"%,
"Mycotoxin Research","MYCOTOXIN RES","SPRINGER HEIDELBERG","0178-7888","1867-1632","TOXICOLOGY","SCIE","1,673","3.5","Q2","0.82","32.39"%,
"REPRODUCTIVE TOXICOLOGY","REPROD TOXICOL","PERGAMON-ELSEVIER SCIENCE LTD","0890-6238","1873-1708","TOXICOLOGY","SCIE","8,160","3.4","Q2","0.92","19.1"%,
"MARINE ENVIRONMENTAL RESEARCH","MAR ENVIRON RES","ELSEVIER SCI LTD","0141-1136","1879-0291","TOXICOLOGY","SCIE","12,336","3.4","Q2","0.9","26.61"%,
"Cardiovascular Toxicology","CARDIOVASC TOXICOL","HUMANA PRESS INC","1530-7905","1559-0259","TOXICOLOGY","SCIE","2,641","3.3","Q2","0.92","22.07"%,
"Toxicological Research","TOXICOL RES-GER","KOREAN SOC TOXICOLOGY","1976-8257","2234-2753","TOXICOLOGY","SCIE","1,804","3.3","Q2","0.67","14.72"%,
"Integrated Environmental Assessment and Management","INTEGR ENVIRON ASSES","OXFORD UNIV PRESS","1551-3777","1551-3793","TOXICOLOGY","SCIE","4,831","3.3","Q2","0.56","41.12"%,
"DNA REPAIR","DNA REPAIR","ELSEVIER","1568-7864","1568-7856","TOXICOLOGY","SCIE","6,424","3.2","Q2","0.84","40.14"%,
"FOOD AND CHEMICAL TOXICOLOGY","FOOD CHEM TOXICOL","PERGAMON-ELSEVIER SCIENCE LTD","0278-6915","1873-6351","TOXICOLOGY","SCIE","37,929","3.2","Q2","0.79","13.6"%,
"Toxicon-X","TOXICON-X","ELSEVIER","2590-1710","2590-1710","TOXICOLOGY","ESCI","647","3.2","Q2","0.74","100"%,
"MUTAGENESIS","MUTAGENESIS","OXFORD UNIV PRESS","0267-8357","1464-3804","TOXICOLOGY","SCIE","2,598","3.1","Q2","1.08","43.21"%,
"Computational Toxicology","COMPUT TOXICOL","ELSEVIER","2468-1113","2468-1113","TOXICOLOGY","ESCI","1,020","3.1","Q2","0.85","29.77"%,
"IMMUNOPHARMACOLOGY AND IMMUNOTOXICOLOGY","IMMUNOPHARM IMMUNOT","TAYLOR & FRANCIS LTD","0892-3973","1532-2513","TOXICOLOGY","SCIE","3,070","3.1","Q2","0.81","1.83"%,
"TOXICOLOGY LETTERS","TOXICOL LETT","ELSEVIER IRELAND LTD","0378-4274","1879-3169","TOXICOLOGY","SCIE","13,867","3.1","Q2","0.77","24.47"%,
"JOURNAL OF APPLIED TOXICOLOGY","J APPL TOXICOL","WILEY","0260-437X","1099-1263","TOXICOLOGY","SCIE","6,957","3.1","Q2","0.67","17.95"%,
"ALCOHOL","ALCOHOL","ELSEVIER SCIENCE INC","0741-8329","1873-6823","TOXICOLOGY","SCIE","3,173","2.9","Q3","0.75","21.4"%,
"TOXICOLOGY MECHANISMS AND METHODS","TOXICOL MECH METHOD","TAYLOR & FRANCIS LTD","1537-6516","1537-6524","TOXICOLOGY","SCIE","2,935","2.9","Q3","0.75","6.56"%,
"Toxicology Research","TOXICOL RES-UK","OXFORD UNIV PRESS","2045-452X","2045-4538","TOXICOLOGY","SCIE","3,420","2.9","Q3","0.62","9.6"%,
"TOXICON","TOXICON","PERGAMON-ELSEVIER SCIENCE LTD","0041-0101","1879-3150","TOXICOLOGY","SCIE","13,546","2.8","Q3","0.72","15.39"%,
"MUTATION RESEARCH-GENETIC TOXICOLOGY AND ENVIRONMENTAL MUTAGENESIS","MUTAT RES-GEN TOX EN","ELSEVIER","1383-5718","1879-3592","TOXICOLOGY","SCIE","4,756","2.8","Q3","0.69","18.71"%,
"Journal of Toxicology","J TOXICOL-US","WILEY","1687-8191","1687-8205","TOXICOLOGY","ESCI","1,685","2.8","Q3","0.63","100"%,
"SAR AND QSAR IN ENVIRONMENTAL RESEARCH","SAR QSAR ENVIRON RES","TAYLOR & FRANCIS LTD","1062-936X","1029-046X","TOXICOLOGY","SCIE","1,455","2.8","Q3","0.59","3.23"%,
"TOXICOLOGY IN VITRO","TOXICOL IN VITRO","PERGAMON-ELSEVIER SCIENCE LTD","0887-2333","1879-3177","TOXICOLOGY","SCIE","10,284","2.7","Q3","0.72","24.38"%,
"ECOTOXICOLOGY","ECOTOXICOLOGY","SPRINGER","0963-9292","1573-3017","TOXICOLOGY","SCIE","6,399","2.7","Q3","0.64","18.26"%,
"JOURNAL OF ANALYTICAL TOXICOLOGY","J ANAL TOXICOL","OXFORD UNIV PRESS INC","0146-4760","1945-2403","TOXICOLOGY","SCIE","4,447","2.7","Q3","0.62","18.71"%,
"Journal of Environmental Exposure Assessment","J ENVIRON EXPO ASSES","OAE PUBLISHING INC","N/A","2771-5949","TOXICOLOGY","ESCI","234","2.7","Q3","0.61","83.15"%,
"Toxin Reviews","TOXIN REV","TAYLOR & FRANCIS INC","1556-9543","1556-9551","TOXICOLOGY","SCIE","1,920","2.7","Q3","0.6","1.94"%,
"ENVIRONMENTAL AND MOLECULAR MUTAGENESIS","ENVIRON MOL MUTAGEN","WILEY","0893-6692","1098-2280","TOXICOLOGY","SCIE","3,051","2.7","Q3","0.56","44.35"%,
"Food Additives & Contaminants Part B-Surveillance","FOOD ADDIT CONTAM B","TAYLOR & FRANCIS LTD","1939-3210","1939-3229","TOXICOLOGY","SCIE","1,376","2.6","Q3","0.57","0"%,
"Journal of Immunotoxicology","J IMMUNOTOXICOL","TAYLOR & FRANCIS LTD","1547-691X","1547-6901","TOXICOLOGY","SCIE","1,078","2.5","Q3","0.77","100"%,
"Journal of Venomous Animals and Toxins including Tropical Diseases","J VENOM ANIM TOXINS","CEVAP-SAO PAULO STATE UNIV-UNESP","N/A","1678-9199","TOXICOLOGY","SCIE","1,463","2.5","Q3","0.62","98.48"%,
"Food Additives and Contaminants Part A-Chemistry Analysis Control Exposure & Risk Assessment","FOOD ADDIT CONTAM A","TAYLOR & FRANCIS LTD","1944-0049","1944-0057","TOXICOLOGY","SCIE","8,348","2.5","Q3","0.51","10.19"%,
"Current Opinion in Toxicology","CURR OPIN TOXICOL","ELSEVIER","2468-2020","2468-2020","TOXICOLOGY","ESCI","2,016","2.4","Q3","1.06","38.98"%,
"JOURNAL OF TOXICOLOGY AND ENVIRONMENTAL HEALTH-PART A-CURRENT ISSUES","J TOXICOL ENV HEAL A","TAYLOR & FRANCIS INC","1528-7394","1087-2620","TOXICOLOGY","SCIE","3,923","2.4","Q3","0.71","3.69"%,
"TOXICOLOGIC PATHOLOGY","TOXICOL PATHOL","SAGE PUBLICATIONS INC","0192-6233","1533-1601","TOXICOLOGY","SCIE","5,739","2.4","Q3","0.64","6.85"%,
"MUTATION RESEARCH-FUNDAMENTAL AND MOLECULAR MECHANISMS OF MUTAGENESIS","MUTAT RES-FUND MOL M","ELSEVIER","0027-5107","1873-135X","TOXICOLOGY","SCIE","4,485","2.4","Q3","0.52","13.41"%,
"THERAPEUTIC DRUG MONITORING","THER DRUG MONIT","LIPPINCOTT WILLIAMS & WILKINS","0163-4356","1536-3694","TOXICOLOGY","SCIE","4,334","2.3","Q3","0.62","23.29"%,
"BIOMARKERS","BIOMARKERS","TAYLOR & FRANCIS LTD","1354-750X","1366-5804","TOXICOLOGY","SCIE","2,484","2.2","Q3","0.47","4.38"%,
"DRUG AND CHEMICAL TOXICOLOGY","DRUG CHEM TOXICOL","TAYLOR & FRANCIS LTD","0148-0545","1525-6014","TOXICOLOGY","SCIE","3,220","2.2","Q3","0.47","2.01"%,
"World Mycotoxin Journal","WORLD MYCOTOXIN J","BRILL","1875-0710","1875-0796","TOXICOLOGY","SCIE","1,193","2.2","Q3","0.44","28.81"%,
"Toxicologie Analytique et Clinique","TOXICOL ANAL CLIN","ELSEVIER MASSON SAS EDITEUR","2352-0078","2352-0086","TOXICOLOGY","ESCI","442","2.2","Q3","0.32","4.23"%,
"Forensic Toxicology","FORENSIC TOXICOL","SPRINGER","1860-8965","1860-8973","TOXICOLOGY","SCIE","964","2.1","Q4","0.59","39.36"%,
"JOURNAL OF PHARMACOLOGICAL AND TOXICOLOGICAL METHODS","J PHARMACOL TOX MET","ELSEVIER SCIENCE INC","1056-8719","1873-488X","TOXICOLOGY","SCIE","2,615","2.1","Q4","0.54","23.78"%,
"INHALATION TOXICOLOGY","INHAL TOXICOL","TAYLOR & FRANCIS LTD","0895-8378","1091-7691","TOXICOLOGY","SCIE","2,746","2.1","Q4","0.52","20.39"%,
"ARCHIVES OF ENVIRONMENTAL CONTAMINATION AND TOXICOLOGY","ARCH ENVIRON CON TOX","SPRINGER","0090-4341","1432-0703","TOXICOLOGY","SCIE","6,660","2.1","Q4","0.48","24.21"%,
"JOURNAL OF ENVIRONMENTAL PATHOLOGY TOXICOLOGY AND ONCOLOGY","J ENVIRON PATHOL TOX","BEGELL HOUSE INC","0731-8898","2162-6537","TOXICOLOGY","SCIE","959","2","Q4","0.65","3.75"%,
"Birth Defects Research","BIRTH DEFECTS RES","WILEY","2472-1727","2472-1727","TOXICOLOGY","SCIE","2,427","2","Q4","0.51","26.06"%,
"Journal of Medical Toxicology","J MED TOXICOL","SPRINGER","1556-9039","1937-6995","TOXICOLOGY","SCIE","1,710","2","Q4","0.5","21.78"%,
"Genes and Environment","GENES ENVIRON","BMC","1880-7046","1880-7062","TOXICOLOGY","SCIE","730","2","Q4","0.46","100"%,
"Toxicology and Environmental Health Sciences","TOXICOL ENV HEALTH","KOREAN SOC ENVIRONMENTAL RISK ASSESSMENT & HEALTH SCIENCE","2005-9752","2233-7784","TOXICOLOGY","ESCI","634","2","Q4","0.31","7.26"%,
"BULLETIN OF ENVIRONMENTAL CONTAMINATION AND TOXICOLOGY","B ENVIRON CONTAM TOX","SPRINGER","0007-4861","1432-0800","TOXICOLOGY","SCIE","8,951","1.9","Q4","0.5","9.67"%,
"JOURNAL OF TOXICOLOGICAL SCIENCES","J TOXICOL SCI","JAPANESE SOC TOXICOLOGICAL SCIENCES","0388-1350","1880-3989","TOXICOLOGY","SCIE","1,936","1.8","Q4","0.41","88.44"%,
"Arhiv za Higijenu Rada i Toksikologiju-Archives of Industrial Hygiene and Toxicology","ARH HIG RADA TOKSIKO","Paradigm Publishing Services-De Gruyter Brill Sp Zoo","0004-1254","1848-6312","TOXICOLOGY","SCIE","1,265","1.7","Q4","0.41","100"%,
"Cutaneous and Ocular Toxicology","CUTAN OCUL TOXICOL","TAYLOR & FRANCIS LTD","1556-9527","1556-9535","TOXICOLOGY","SCIE","1,196","1.6","Q4","0.53","1.26"%,
"TOXICOLOGY AND INDUSTRIAL HEALTH","TOXICOL IND HEALTH","SAGE PUBLICATIONS INC","0748-2337","1477-0393","TOXICOLOGY","SCIE","2,807","1.6","Q4","0.5","6.13"%,
"INDUSTRIAL HEALTH","IND HEALTH","NATL INST OCCUPATIONAL SAFETY & HEALTH, JAPAN","0019-8366","1880-8026","TOXICOLOGY","SCIE","2,653","1.6","Q4","0.45","100"%,
"XENOBIOTICA","XENOBIOTICA","TAYLOR & FRANCIS LTD","0049-8254","1366-5928","TOXICOLOGY","SCIE","3,208","1.5","Q4","0.39","4.44"%,
"Molecular & Cellular Toxicology","MOL CELL TOXICOL","KOREAN SOCIETY TOXICOGENOMICS & TOXICOPROTEOMICS-KSTT","1738-642X","2092-8467","TOXICOLOGY","SCIE","998","1.4","Q4","0.29","3.83"%,
"INTERNATIONAL JOURNAL OF TOXICOLOGY","INT J TOXICOL","SAGE PUBLICATIONS INC","1091-5818","1092-874X","TOXICOLOGY","SCIE","2,594","1.3","Q4","0.3","9.31"%,
"TOXICOLOGICAL AND ENVIRONMENTAL CHEMISTRY","TOXICOL ENVIRON CHEM","TAYLOR & FRANCIS LTD","0277-2248","1029-0486","TOXICOLOGY","SCIE","1,732","1.2","Q4","0.25","1.75"%,
"Journal of Toxicologic Pathology","J TOXICOL PATHOL","JAPANESE SOC TOXICOLOGIC PATHOLOGY","0914-9198","1881-915X","TOXICOLOGY","SCIE","669","1.1","Q4","0.28","94.12"%,
"Toxicology Communications","TOXICOL COMMUN","TAYLOR & FRANCIS LTD","N/A","2473-4306","TOXICOLOGY","ESCI","172","0.9","Q4","0.21","100"%,
"Journal of Food Safety and Food Quality-Archiv fur Lebensmittelhygiene","J FOOD SAF FOOD QUAL","IMR PRESS","0003-925X","N/A","TOXICOLOGY","SCIE","177","0.9","Q4","0.11","30.19"%,
"FLUORIDE","FLUORIDE","INT SOC FLUORIDE RESEARCH","0015-4725","2253-4083","TOXICOLOGY","SCIE","629","0.8","Q4","0.15","0"%,
"International Journal of Medical Toxicology and Forensic Medicine","INT J MED TOX FORENS","SHAHEED BEHESHTI MEDICAL UNIV-MEDICAL SCIENCES & HEALTH SERVICES","2251-8762","2251-8770","TOXICOLOGY","ESCI","167","0.5","Q4","0.2","72.31"%,

Copyright (c) 2026 Clarivate 
By exporting the selected data; you agree to the data usage policy set forth in the Terms of Use 
