"Journal Data Filtered By:  Selected Categories: ENGINEERING, BIOMEDICAL;MEDICAL LABORATORY TECHNOLOGY;RADIOLOGY, NUCLEAR MEDICINE & MEDICAL IMAGING;MEDICAL INFORMATICS Selected Editions: SCIE;SSCI;AHCI;ESCI Selected JCR Year: 2025 Selected Category Schema: WOS Selected Open Access: N Indicator: Default"

Journal name,JCR Abbreviation,Publisher,ISSN,eISSN,Category,Edition,Total Citations,2025 JIF,JIF Quartile,2025 JCI,% of Citable OA
"Nature Reviews Bioengineering","NAT REV BIOENG","SPRINGERNATURE","N/A","2731-6092","ENGINEERING, BIOMEDICAL","SCIE","5,529","42.7","Q1","3.11","3.47"%,
"Nature Biomedical Engineering","NAT BIOMED ENG","NATURE PORTFOLIO","2157-846X","2157-846X","ENGINEERING, BIOMEDICAL","SCIE","24,906","26.3","Q1","4.83","33.59"%,
"Lancet Digital Health","LANCET DIGIT HEALTH","ELSEVIER","N/A","2589-7500","MEDICAL INFORMATICS","SCIE","11,618","25.5","Q1","3.78","99.13"%,
"Bioactive Materials","BIOACT MATER","KEAI PUBLISHING LTD","N/A","2452-199X","ENGINEERING, BIOMEDICAL","SCIE","43,995","23.6","Q1","3.92","100"%,
"Cyborg and Bionic Systems","CYBORG BIONIC SYST","AMER ASSOC ADVANCEMENT SCIENCE","N/A","2692-7632","ENGINEERING, BIOMEDICAL","SCIE","2,883","20.9","Q1","3.09","100"%,
"Radiology-Artificial Intelligence","RADIOL-ARTIF INTELL","RADIOLOGICAL SOC NORTH AMERICA (RSNA)","2638-6100","2638-6100","RADIOLOGY, NUCLEAR MEDICINE & MEDICAL IMAGING","SCIE","4,771","20.1","Q1","3.22","17.39"%,
"JACC-Cardiovascular Imaging","JACC-CARDIOVASC IMAG","ELSEVIER SCIENCE INC","1936-878X","1876-7591","RADIOLOGY, NUCLEAR MEDICINE & MEDICAL IMAGING","SCIE","19,131","19","Q1","4.34","31.49"%,
"npj Digital Medicine","NPJ DIGIT MED","NATURE PORTFOLIO","2398-6352","2398-6352","MEDICAL INFORMATICS","SCIE","25,262","18","Q1","3.72","100"%,
"RADIOLOGY","RADIOLOGY","RADIOLOGICAL SOC NORTH AMERICA (RSNA)","0033-8419","1527-1315","RADIOLOGY, NUCLEAR MEDICINE & MEDICAL IMAGING","SCIE","61,752","17.6","Q1","4.15","10.6"%,
"Biomedical Technology","BIOMED TECHNOL-PRC","KEAI PUBLISHING LTD","N/A","2949-723X","ENGINEERING, BIOMEDICAL","ESCI","1,023","16.4","Q1","2.31","100"%,
"IEEE Reviews in Biomedical Engineering","IEEE REV BIOMED ENG","IEEE-INST ELECTRICAL ELECTRONICS ENGINEERS INC","1937-3333","1941-1189","ENGINEERING, BIOMEDICAL","SCIE","3,840","16","Q1","2.52","22"%,
"MEDICAL IMAGE ANALYSIS","MED IMAGE ANAL","ELSEVIER","1361-8415","1361-8423","ENGINEERING, BIOMEDICAL","SCIE","32,042","14","Q1","2.67","33.76"%,
"MEDICAL IMAGE ANALYSIS","MED IMAGE ANAL","ELSEVIER","1361-8415","1361-8423","RADIOLOGY, NUCLEAR MEDICINE & MEDICAL IMAGING","SCIE","32,042","14","Q1","2.67","33.76"%,
"BIOMATERIALS","BIOMATERIALS","ELSEVIER SCI LTD","0142-9612","1878-5905","ENGINEERING, BIOMEDICAL","SCIE","110,718","13.6","Q1","2.34","16"%,
"Meta-Radiology","META-RADIOLOGY","KEAI PUBLISHING LTD","N/A","2950-1628","RADIOLOGY, NUCLEAR MEDICINE & MEDICAL IMAGING","ESCI","696","13.3","Q1","2.32","100"%,
"Smart Medicine","SMART MED","WILEY-V C H VERLAG GMBH","2751-1871","2751-1871","ENGINEERING, BIOMEDICAL","ESCI","1,239","12.8","Q1","1.25","100"%,
"IEEE TRANSACTIONS ON MEDICAL IMAGING","IEEE T MED IMAGING","IEEE-INST ELECTRICAL ELECTRONICS ENGINEERS INC","0278-0062","1558-254X","ENGINEERING, BIOMEDICAL","SCIE","43,138","12.4","Q1","2.4","10.4"%,
"IEEE TRANSACTIONS ON MEDICAL IMAGING","IEEE T MED IMAGING","IEEE-INST ELECTRICAL ELECTRONICS ENGINEERS INC","0278-0062","1558-254X","RADIOLOGY, NUCLEAR MEDICINE & MEDICAL IMAGING","SCIE","43,138","12.4","Q1","2.4","10.4"%,
"BRITISH JOURNAL OF BIOMEDICAL SCIENCE","BRIT J BIOMED SCI","FRONTIERS MEDIA SA","0967-4845","2474-0896","MEDICAL LABORATORY TECHNOLOGY","SCIE","1,399","11.9","Q1","1.72","100"%,
"Annual Review of Biomedical Engineering","ANNU REV BIOMED ENG","ANNUAL REVIEWS","1523-9829","1545-4274","ENGINEERING, BIOMEDICAL","SCIE","5,920","11.5","Q1","1.09","100"%,
"Diagnostic and Interventional Imaging","DIAGN INTERV IMAG","ELSEVIER MASSON, CORP OFF","2211-5684","2211-5684","RADIOLOGY, NUCLEAR MEDICINE & MEDICAL IMAGING","SCIE","4,238","11.1","Q1","2.32","28.29"%,
"Materials Today Bio","MATER TODAY BIO","ELSEVIER","2590-0064","2590-0064","ENGINEERING, BIOMEDICAL","SCIE","18,290","11","Q1","1.83","99.95"%,
"Advanced Healthcare Materials","ADV HEALTHC MATER","WILEY-V C H VERLAG GMBH","2192-2640","2192-2659","ENGINEERING, BIOMEDICAL","SCIE","58,168","11","Q1","1.39","27.11"%,
"Acta Biomaterialia","ACTA BIOMATER","ELSEVIER SCI LTD","1742-7061","1878-7568","ENGINEERING, BIOMEDICAL","SCIE","71,730","10.4","Q1","1.68","28.75"%,
"Biomaterials Research","BIOMATER RES","AMER ASSOC ADVANCEMENT SCIENCE","1226-4601","2055-7124","ENGINEERING, BIOMEDICAL","SCIE","6,095","9.8","Q1","1.26","100"%,
"JOURNAL OF NUCLEAR MEDICINE","J NUCL MED","SOC NUCLEAR MEDICINE INC","0161-5505","1535-5667","RADIOLOGY, NUCLEAR MEDICINE & MEDICAL IMAGING","SCIE","32,569","9.6","Q1","2.81","25.63"%,
"CLINICAL NUCLEAR MEDICINE","CLIN NUCL MED","LIPPINCOTT WILLIAMS & WILKINS","0363-9762","1536-0229","RADIOLOGY, NUCLEAR MEDICINE & MEDICAL IMAGING","SCIE","7,067","9.6","Q1","1.17","14.1"%,
"Circulation-Cardiovascular Imaging","CIRC-CARDIOVASC IMAG","LIPPINCOTT WILLIAMS & WILKINS","1941-9651","1942-0080","RADIOLOGY, NUCLEAR MEDICINE & MEDICAL IMAGING","SCIE","8,392","9.1","Q1","1.98","21.57"%,
"BME Frontiers","BME FRONT","AMER ASSOC ADVANCEMENT SCIENCE","N/A","2765-8031","ENGINEERING, BIOMEDICAL","ESCI","841","9.1","Q1","1.04","100"%,
"JOURNAL OF MEDICAL SYSTEMS","J MED SYST","SPRINGER","0148-5598","1573-689X","MEDICAL INFORMATICS","SCIE","8,300","8.8","Q1","1.69","42.54"%,
"Progress in Biomedical Engineering","PROG BIOMED ENG","IOP Publishing Ltd","N/A","2516-1091","ENGINEERING, BIOMEDICAL","ESCI","906","8.5","Q1","0.71","70.83"%,
"CLINICAL CHEMISTRY","CLIN CHEM","OXFORD UNIV PRESS INC","0009-9147","1530-8561","MEDICAL LABORATORY TECHNOLOGY","SCIE","22,922","8.3","Q1","2.43","32.5"%,
"JOURNAL OF MEDICAL INTERNET RESEARCH","J MED INTERNET RES","JMIR PUBLICATIONS, INC","1439-4456","1438-8871","MEDICAL INFORMATICS","SCIE","66,779","8.2","Q1","1.59","98.36"%,
"Biofabrication","BIOFABRICATION","IOP Publishing Ltd","1758-5082","1758-5090","ENGINEERING, BIOMEDICAL","SCIE","10,551","8.2","Q1","1.41","65.15"%,
"INVESTIGATIVE RADIOLOGY","INVEST RADIOL","LIPPINCOTT WILLIAMS & WILKINS","0020-9996","1536-0210","RADIOLOGY, NUCLEAR MEDICINE & MEDICAL IMAGING","SCIE","7,265","7.9","Q1","2.35","36.14"%,
"Bio-Design and Manufacturing","BIO-DES MANUF","SPRINGER HEIDELBERG","2096-5524","2522-8552","ENGINEERING, BIOMEDICAL","SCIE","2,245","7.9","Q1","1.17","24.67"%,
"Artificial Intelligence in Medicine","ARTIF INTELL MED","ELSEVIER","0933-3657","1873-2860","ENGINEERING, BIOMEDICAL","SCIE","9,654","7.8","Q1","1.28","31.47"%,
"Artificial Intelligence in Medicine","ARTIF INTELL MED","ELSEVIER","0933-3657","1873-2860","MEDICAL INFORMATICS","SCIE","9,654","7.8","Q1","1.28","31.47"%,
"Intelligent Medicine","INTEL MED","ELSEVIER","2667-1026","2667-1026","MEDICAL INFORMATICS","ESCI","732","7.8","Q1","0.95","100"%,
"IEEE Journal of Biomedical and Health Informatics","IEEE J BIOMED HEALTH","IEEE-INST ELECTRICAL ELECTRONICS ENGINEERS INC","2168-2194","2168-2208","MEDICAL INFORMATICS","SCIE","27,151","7.7","Q1","1.77","6.35"%,
"PLOS Digital Health","PLOS DIGIT HEALTH","PUBLIC LIBRARY SCIENCE","N/A","2767-3170","MEDICAL INFORMATICS","ESCI","4,455","7.7","Q1","1.72","99.72"%,
"EUROPEAN JOURNAL OF NUCLEAR MEDICINE AND MOLECULAR IMAGING","EUR J NUCL MED MOL I","SPRINGER","1619-7070","1619-7089","RADIOLOGY, NUCLEAR MEDICINE & MEDICAL IMAGING","SCIE","25,181","7.6","Q1","2.14","47.15"%,
"AMERICAN JOURNAL OF ROENTGENOLOGY","AM J ROENTGENOL","AMER ROENTGEN RAY SOC","0361-803X","1546-3141","RADIOLOGY, NUCLEAR MEDICINE & MEDICAL IMAGING","SCIE","31,027","7.4","Q1","1.83","2.33"%,
"INTERNATIONAL JOURNAL OF RADIATION ONCOLOGY BIOLOGY PHYSICS","INT J RADIAT ONCOL","ELSEVIER SCIENCE INC","0360-3016","1879-355X","RADIOLOGY, NUCLEAR MEDICINE & MEDICAL IMAGING","SCIE","42,989","7.4","Q1","1.52","18.11"%,
"Psychoradiology","PSYCHORADIOLOGY","OXFORD UNIV PRESS","N/A","2634-4416","RADIOLOGY, NUCLEAR MEDICINE & MEDICAL IMAGING","ESCI","582","7.4","Q1","1.04","100"%,
"Radiology-Imaging Cancer","RADIOL-IMAG CANCER","RADIOLOGICAL SOC NORTH AMERICA (RSNA)","2638-616X","2638-616X","RADIOLOGY, NUCLEAR MEDICINE & MEDICAL IMAGING","ESCI","1,036","7.2","Q1","1.26","100"%,
"JOURNAL OF THE AMERICAN MEDICAL INFORMATICS ASSOCIATION","J AM MED INFORM ASSN","OXFORD UNIV PRESS","1067-5027","1527-974X","MEDICAL INFORMATICS","SCIE","18,887","7.1","Q1","1.48","38.63"%,
"npj Regenerative Medicine","NPJ REGEN MED","NATURE PORTFOLIO","N/A","2057-3995","ENGINEERING, BIOMEDICAL","SCIE","3,206","7","Q1","1.37","100"%,
"Photoacoustics","PHOTOACOUSTICS","ELSEVIER GMBH","2213-5979","2213-5979","ENGINEERING, BIOMEDICAL","SCIE","4,068","6.9","Q1","1.9","100"%,
"Photoacoustics","PHOTOACOUSTICS","ELSEVIER GMBH","2213-5979","2213-5979","RADIOLOGY, NUCLEAR MEDICINE & MEDICAL IMAGING","SCIE","4,068","6.9","Q1","1.9","100"%,
"Bioelectronic Medicine","BIOELECTRON MED-US","SPRINGERNATURE","N/A","2332-8886","ENGINEERING, BIOMEDICAL","ESCI","703","6.8","Q1","1.06","100"%,
"Chemical & Biomedical Imaging","CHEM BIOMED IMAGING","AMER CHEMICAL SOC","2832-3637","2832-3637","ENGINEERING, BIOMEDICAL","ESCI","1,221","6.7","Q1","1","100"%,
"IEEE TRANSACTIONS ON NEURAL SYSTEMS AND REHABILITATION ENGINEERING","IEEE T NEUR SYS REH","IEEE-INST ELECTRICAL ELECTRONICS ENGINEERS INC","1534-4320","1558-0210","ENGINEERING, BIOMEDICAL","SCIE","20,154","6.6","Q1","2.02","100"%,
"SEMINARS IN NUCLEAR MEDICINE","SEMIN NUCL MED","W B SAUNDERS CO-ELSEVIER INC","0001-2998","1558-4623","RADIOLOGY, NUCLEAR MEDICINE & MEDICAL IMAGING","SCIE","4,102","6.6","Q1","1.36","37.5"%,
"Computer Methods and Programs in Biomedicine","COMPUT METH PROG BIO","ELSEVIER IRELAND LTD","0169-2607","1872-7565","ENGINEERING, BIOMEDICAL","SCIE","24,674","6.4","Q1","1.09","34.12"%,
"Computer Methods and Programs in Biomedicine","COMPUT METH PROG BIO","ELSEVIER IRELAND LTD","0169-2607","1872-7565","MEDICAL INFORMATICS","SCIE","24,674","6.4","Q1","1.09","34.12"%,
"JMIR mHealth and uHealth","JMIR MHEALTH UHEALTH","JMIR PUBLICATIONS, INC","2291-5222","2291-5222","MEDICAL INFORMATICS","SCIE","16,615","6.3","Q1","1.31","98.67"%,
"Organogenesis","ORGANOGENESIS","TAYLOR & FRANCIS INC","1547-6278","1555-8592","ENGINEERING, BIOMEDICAL","SCIE","1,061","6.3","Q1","0.68","100"%,
"RADIOGRAPHICS","RADIOGRAPHICS","RADIOLOGICAL SOC NORTH AMERICA (RSNA)","0271-5333","N/A","RADIOLOGY, NUCLEAR MEDICINE & MEDICAL IMAGING","SCIE","15,527","6.2","Q1","1.59","4.72"%,
"CRITICAL REVIEWS IN CLINICAL LABORATORY SCIENCES","CRIT REV CL LAB SCI","TAYLOR & FRANCIS LTD","1040-8363","1549-781X","MEDICAL LABORATORY TECHNOLOGY","SCIE","3,605","6.2","Q1","1.1","18.1"%,
"Bioengineering & Translational Medicine","BIOENG TRANSL MED","WILEY","N/A","2380-6761","ENGINEERING, BIOMEDICAL","SCIE","5,075","6.2","Q1","1.09","100"%,
"BMJ Health & Care Informatics","BMJ HEALTH CARE INFO","BMJ PUBLISHING GROUP","N/A","2632-1009","MEDICAL INFORMATICS","ESCI","1,626","6.2","Q1","1.09","100"%,
"Translational Research","TRANSL RES","ELSEVIER SCIENCE INC","1931-5244","1878-1810","MEDICAL LABORATORY TECHNOLOGY","SCIE","7,610","6.1","Q1","1.85","14.64"%,
"European Heart Journal-Cardiovascular Imaging","EUR HEART J-CARD IMG","OXFORD UNIV PRESS","2047-2404","2047-2412","RADIOLOGY, NUCLEAR MEDICINE & MEDICAL IMAGING","SCIE","12,031","6.1","Q1","1.63","34.96"%,
"KOREAN JOURNAL OF RADIOLOGY","KOREAN J RADIOL","KOREAN SOCIETY OF RADIOLOGY","1229-6929","2005-8330","RADIOLOGY, NUCLEAR MEDICINE & MEDICAL IMAGING","SCIE","6,309","6.1","Q1","1.31","99.62"%,
"JMIR AI","JMIR AI","JMIR PUBLICATIONS, INC","N/A","2817-1705","MEDICAL INFORMATICS","ESCI","789","6.1","Q1","1.26","100"%,
"PHARMACEUTICAL BIOLOGY","PHARM BIOL","TAYLOR & FRANCIS LTD","1388-0209","1744-5116","MEDICAL LABORATORY TECHNOLOGY","SCIE","10,407","6","Q1","1.7","100"%,
"EUROPEAN RADIOLOGY","EUR RADIOL","SPRINGER","0938-7994","1432-1084","RADIOLOGY, NUCLEAR MEDICINE & MEDICAL IMAGING","SCIE","42,314","6","Q1","1.55","40.04"%,
"Journal of NeuroEngineering and Rehabilitation","J NEUROENG REHABIL","BMC","N/A","1743-0003","ENGINEERING, BIOMEDICAL","SCIE","12,887","6","Q1","1.54","100"%,
"CLINICAL ORAL IMPLANTS RESEARCH","CLIN ORAL IMPLAN RES","WILEY","0905-7161","1600-0501","ENGINEERING, BIOMEDICAL","SCIE","16,256","5.9","Q1","1.41","53.03"%,
"JOURNAL OF BIOMEDICAL INFORMATICS","J BIOMED INFORM","ACADEMIC PRESS INC ELSEVIER SCIENCE","1532-0464","1532-0480","MEDICAL INFORMATICS","SCIE","21,675","5.9","Q2","1","33.8"%,
"Journal of Functional Biomaterials","J FUNCT BIOMATER","MDPI","N/A","2079-4983","ENGINEERING, BIOMEDICAL","SCIE","10,974","5.9","Q1","0.78","100"%,
"RADIOTHERAPY AND ONCOLOGY","RADIOTHER ONCOL","ELSEVIER IRELAND LTD","0167-8140","1879-0887","RADIOLOGY, NUCLEAR MEDICINE & MEDICAL IMAGING","SCIE","25,418","5.8","Q1","1.35","38.06"%,
"Frontiers in Bioengineering and Biotechnology","FRONT BIOENG BIOTECH","FRONTIERS MEDIA SA","2296-4185","2296-4185","ENGINEERING, BIOMEDICAL","SCIE","56,245","5.8","Q1","0.82","99.97"%,
"Biomedical Signal Processing and Control","BIOMED SIGNAL PROCES","ELSEVIER SCI LTD","1746-8094","1746-8108","ENGINEERING, BIOMEDICAL","SCIE","33,849","5.7","Q2","1.06","14.32"%,
"Insights into Imaging","INSIGHTS IMAGING","SPRINGER WIEN","1869-4101","1869-4101","RADIOLOGY, NUCLEAR MEDICINE & MEDICAL IMAGING","SCIE","9,354","5.6","Q1","1.47","100"%,
"Artificial Cells Nanomedicine and Biotechnology","ARTIF CELL NANOMED B","TAYLOR & FRANCIS LTD","2169-1401","2169-141X","ENGINEERING, BIOMEDICAL","SCIE","7,718","5.6","Q2","0.87","99.25"%,
"COMPUTERIZED MEDICAL IMAGING AND GRAPHICS","COMPUT MED IMAG GRAP","PERGAMON-ELSEVIER SCIENCE LTD","0895-6111","1879-0771","ENGINEERING, BIOMEDICAL","SCIE","5,970","5.5","Q2","1.38","23.62"%,
"COMPUTERIZED MEDICAL IMAGING AND GRAPHICS","COMPUT MED IMAG GRAP","PERGAMON-ELSEVIER SCIENCE LTD","0895-6111","1879-0771","RADIOLOGY, NUCLEAR MEDICINE & MEDICAL IMAGING","SCIE","5,970","5.5","Q1","1.38","23.62"%,
"BMC Medical Informatics and Decision Making","BMC MED INFORM DECIS","BMC","N/A","1472-6947","MEDICAL INFORMATICS","SCIE","15,980","5.5","Q2","0.99","100"%,
"Journal of Cardiovascular Computed Tomography","J CARDIOVASC COMPUT","ELSEVIER SCIENCE INC","1934-5925","1934-5925","RADIOLOGY, NUCLEAR MEDICINE & MEDICAL IMAGING","SCIE","3,777","5.4","Q1","1.35","27.72"%,
"ULTRASOUND IN OBSTETRICS & GYNECOLOGY","ULTRASOUND OBST GYN","WILEY","0960-7692","1469-0705","RADIOLOGY, NUCLEAR MEDICINE & MEDICAL IMAGING","SCIE","18,500","5.3","Q1","1.75","41.89"%,
"Radiologia Medica","RADIOL MED","SPRINGER-VERLAG ITALIA SRL","0033-8362","1826-6983","RADIOLOGY, NUCLEAR MEDICINE & MEDICAL IMAGING","SCIE","5,412","5.3","Q1","1.51","45.45"%,
"NEUROIMAGE","NEUROIMAGE","ACADEMIC PRESS INC ELSEVIER SCIENCE","1053-8119","1095-9572","RADIOLOGY, NUCLEAR MEDICINE & MEDICAL IMAGING","SCIE","122,818","5.3","Q1","1.41","100"%,
"Journal of the American College of Radiology","J AM COLL RADIOL","ELSEVIER SCIENCE INC","1546-1440","1558-349X","RADIOLOGY, NUCLEAR MEDICINE & MEDICAL IMAGING","SCIE","8,348","5.3","Q1","1.35","4.66"%,
"Frontiers in Digital Health","FRONT DIGIT HEALTH","FRONTIERS MEDIA SA","N/A","2673-253X","MEDICAL INFORMATICS","ESCI","5,534","5.2","Q2","1.02","100"%,
"ANNALS OF BIOMEDICAL ENGINEERING","ANN BIOMED ENG","SPRINGER","0090-6964","1573-9686","ENGINEERING, BIOMEDICAL","SCIE","14,492","5.2","Q2","0.6","36.52"%,
"JOURNAL OF DIGITAL IMAGING","J DIGIT IMAGING","SPRINGER","0897-1889","1618-727X","RADIOLOGY, NUCLEAR MEDICINE & MEDICAL IMAGING","SCIE","5,681","5.1","Q1","1.19","31.13"%,
"IEEE Transactions on Biomedical Circuits and Systems","IEEE T BIOMED CIRC S","IEEE-INST ELECTRICAL ELECTRONICS ENGINEERS INC","1932-4545","1940-9990","ENGINEERING, BIOMEDICAL","SCIE","6,393","5.1","Q2","0.97","6.06"%,
"Tissue Engineering and Regenerative Medicine","TISSUE ENG REGEN MED","KOREAN TISSUE ENGINEERING REGENERATIVE MEDICINE SOC","1738-2696","2212-5469","ENGINEERING, BIOMEDICAL","SCIE","3,073","5.1","Q2","0.79","20.32"%,
"JOURNAL OF CARDIOVASCULAR MAGNETIC RESONANCE","J CARDIOVASC MAGN R","ELSEVIER SCIENCE INC","1097-6647","1532-429X","RADIOLOGY, NUCLEAR MEDICINE & MEDICAL IMAGING","SCIE","7,481","5","Q1","1.38","100"%,
"INTERNATIONAL JOURNAL OF MEDICAL INFORMATICS","INT J MED INFORM","ELSEVIER IRELAND LTD","1386-5056","1872-8243","MEDICAL INFORMATICS","SCIE","12,781","5","Q2","0.98","47.63"%,
"Mayo Clinic Proceedings: Digital Health","MAYO CLIN P DIGIT H","ELSEVIER","N/A","2949-7612","MEDICAL INFORMATICS","ESCI","745","5","Q2","0.88","99.43"%,
"JMIR Medical Informatics","JMIR MED INF","JMIR PUBLICATIONS, INC","N/A","2291-9694","MEDICAL INFORMATICS","SCIE","6,085","5","Q2","0.85","98.95"%,
"International Journal of Bioprinting","INT J BIOPRINTING","Accscience Publishing","2424-7723","2424-8002","ENGINEERING, BIOMEDICAL","SCIE","3,565","5","Q2","0.83","98.24"%,
"Biocybernetics and Biomedical Engineering","BIOCYBERN BIOMED ENG","ELSEVIER","0208-5216","0208-5216","ENGINEERING, BIOMEDICAL","SCIE","3,362","4.9","Q2","1.07","41.52"%,
"APL Bioengineering","APL BIOENG","AIP Publishing","2473-2877","2473-2877","ENGINEERING, BIOMEDICAL","SCIE","2,453","4.9","Q2","0.74","100"%,
"ULTRASONICS","ULTRASONICS","ELSEVIER","0041-624X","1874-9968","RADIOLOGY, NUCLEAR MEDICINE & MEDICAL IMAGING","SCIE","12,396","4.8","Q1","1.34","21.08"%,
"CANCER IMAGING","CANCER IMAGING","BMC","1740-5025","1470-7330","RADIOLOGY, NUCLEAR MEDICINE & MEDICAL IMAGING","SCIE","4,225","4.8","Q1","1.1","100"%,
"Advanced NanoBiomed Research","ADV NANOBIOMED RES","WILEY-V C H VERLAG GMBH","2699-9307","2699-9307","ENGINEERING, BIOMEDICAL","ESCI","2,002","4.8","Q2","0.53","100"%,
"ACADEMIC RADIOLOGY","ACAD RADIOL","ELSEVIER SCIENCE INC","1076-6332","1878-4046","RADIOLOGY, NUCLEAR MEDICINE & MEDICAL IMAGING","SCIE","12,494","4.7","Q1","1.39","13.57"%,
"European Radiology Experimental","EUR RADIOL EXP","SPRINGER WIEN","N/A","2509-9280","RADIOLOGY, NUCLEAR MEDICINE & MEDICAL IMAGING","ESCI","2,348","4.7","Q1","1.28","100"%,
"Zeitschrift fur Medizinische Physik","Z MED PHYS","ELSEVIER","0939-3889","1876-4436","RADIOLOGY, NUCLEAR MEDICINE & MEDICAL IMAGING","SCIE","1,340","4.7","Q1","1.27","100"%,
"JMIR Serious Games","JMIR SERIOUS GAMES","JMIR PUBLICATIONS, INC","2291-9279","2291-9279","MEDICAL INFORMATICS","SCIE","3,631","4.7","Q2","1.16","98.38"%,
"JAMIA Open","JAMIA OPEN","OXFORD UNIV PRESS","N/A","2574-2531","MEDICAL INFORMATICS","ESCI","2,643","4.7","Q2","0.98","99.53"%,
"JOURNAL OF MATERIALS SCIENCE-MATERIALS IN MEDICINE","J MATER SCI-MATER M","SPRINGER","0957-4530","1573-4838","ENGINEERING, BIOMEDICAL","SCIE","10,633","4.7","Q2","0.76","100"%,
"JMIR Aging","JMIR AGING","JMIR PUBLICATIONS, INC","N/A","2561-7605","MEDICAL INFORMATICS","SCIE","2,444","4.6","Q2","1.17","98.22"%,
"Journal of Healthcare Informatics Research","J HEALTHC INFORM RES","SPRINGERNATURE","2509-4971","2509-498X","MEDICAL INFORMATICS","ESCI","919","4.6","Q2","1.1","54.81"%,
"Japanese Journal of Radiology","JPN J RADIOL","SPRINGER","1867-1071","1867-108X","RADIOLOGY, NUCLEAR MEDICINE & MEDICAL IMAGING","SCIE","4,055","4.6","Q1","1.09","65.47"%,
"Biomedical Engineering Online","BIOMED ENG ONLINE","BMC","N/A","1475-925X","ENGINEERING, BIOMEDICAL","SCIE","6,311","4.6","Q2","0.63","100"%,
"Frontiers in Medical Technology","FRONT MED TECHNOL","FRONTIERS MEDIA SA","N/A","2673-3129","ENGINEERING, BIOMEDICAL","ESCI","1,509","4.6","Q2","0.57","100"%,
"Radiology-Cardiothoracic Imaging","RADIOL-CARDIOTHORAC","RADIOLOGICAL SOC NORTH AMERICA (RSNA)","2638-6135","2638-6135","RADIOLOGY, NUCLEAR MEDICINE & MEDICAL IMAGING","ESCI","1,571","4.5","Q1","1.13","9.48"%,
"Medicine in Novel Technology and Devices","MED NOV TECHNOL DEV","ELSEVIER","N/A","2590-0935","ENGINEERING, BIOMEDICAL","ESCI","1,030","4.5","Q2","0.65","100"%,
"Annals of Laboratory Medicine","ANN LAB MED","KOREAN SOC LABORATORY MEDICINE","2234-3806","2234-3814","MEDICAL LABORATORY TECHNOLOGY","SCIE","2,501","4.4","Q1","1.61","98.9"%,
"CLINICAL CHEMISTRY AND LABORATORY MEDICINE","CLIN CHEM LAB MED","WALTER DE GRUYTER GMBH","1434-6621","1437-4331","MEDICAL LABORATORY TECHNOLOGY","SCIE","12,111","4.4","Q1","1.55","32.49"%,
"Health Information Science and Systems","HEALTH INF SCI SYST","SPRINGER","2047-2501","2047-2501","MEDICAL INFORMATICS","SCIE","1,463","4.4","Q2","0.95","22.49"%,
"IEEE TRANSACTIONS ON BIOMEDICAL ENGINEERING","IEEE T BIO-MED ENG","IEEE-INST ELECTRICAL ELECTRONICS ENGINEERS INC","0018-9294","1558-2531","ENGINEERING, BIOMEDICAL","SCIE","28,916","4.4","Q2","0.95","14.13"%,
"Bioengineering-Basel","BIOENGINEERING-BASEL","MDPI","N/A","2306-5354","ENGINEERING, BIOMEDICAL","SCIE","20,716","4.4","Q2","0.72","99.9"%,
"BIOMEDICAL MICRODEVICES","BIOMED MICRODEVICES","SPRINGER","1387-2176","1572-8781","ENGINEERING, BIOMEDICAL","SCIE","3,487","4.4","Q2","0.53","33.57"%,
"JOURNAL OF MAGNETIC RESONANCE IMAGING","J MAGN RESON IMAGING","WILEY","1053-1807","1522-2586","RADIOLOGY, NUCLEAR MEDICINE & MEDICAL IMAGING","SCIE","21,057","4.3","Q1","1.1","35.81"%,
"SEMINARS IN RADIATION ONCOLOGY","SEMIN RADIAT ONCOL","W B SAUNDERS CO-ELSEVIER INC","1053-4296","1532-9461","RADIOLOGY, NUCLEAR MEDICINE & MEDICAL IMAGING","SCIE","2,861","4.3","Q1","0.99","21.13"%,
"IEEE Transactions on Medical Robotics and Bionics","IEEE T MED ROBOT BIO","IEEE-INST ELECTRICAL ELECTRONICS ENGINEERS INC","N/A","2576-3202","ENGINEERING, BIOMEDICAL","ESCI","2,457","4.3","Q2","0.79","9.61"%,
"Tissue Engineering Part B-Reviews","TISSUE ENG PART B-RE","SAGE PUBLICATIONS INC","1937-3368","1937-3376","ENGINEERING, BIOMEDICAL","SCIE","5,087","4.3","Q2","0.43","6.59"%,
"CLINICA CHIMICA ACTA","CLIN CHIM ACTA","ELSEVIER","0009-8981","1873-3492","MEDICAL LABORATORY TECHNOLOGY","SCIE","22,473","4.1","Q1","1.42","21.31"%,
"Journal of the Mechanical Behavior of Biomedical Materials","J MECH BEHAV BIOMED","ELSEVIER","1751-6161","1878-0180","ENGINEERING, BIOMEDICAL","SCIE","23,127","4.1","Q2","0.68","32.75"%,
"ACM Transactions on Computing for Healthcare","ACM T COMPUT HEALTHC","ASSOC COMPUTING MACHINERY","2691-1957","2637-8051","MEDICAL INFORMATICS","ESCI","1,175","4","Q2","1.56","27.45"%,
"DENTOMAXILLOFACIAL RADIOLOGY","DENTOMAXILLOFAC RAD","OXFORD UNIV PRESS","0250-832X","1476-542X","RADIOLOGY, NUCLEAR MEDICINE & MEDICAL IMAGING","SCIE","5,131","4","Q1","1.35","29.34"%,
"CANADIAN ASSOCIATION OF RADIOLOGISTS JOURNAL-JOURNAL DE L ASSOCIATION CANADIENNE DES RADIOLOGISTES","CAN ASSOC RADIOL J","SAGE PUBLICATIONS INC","0846-5371","1488-2361","RADIOLOGY, NUCLEAR MEDICINE & MEDICAL IMAGING","SCIE","2,067","4","Q1","1.26","72.2"%,
"HUMAN BRAIN MAPPING","HUM BRAIN MAPP","WILEY","1065-9471","1097-0193","RADIOLOGY, NUCLEAR MEDICINE & MEDICAL IMAGING","SCIE","30,018","4","Q1","1.08","100"%,
"Journal of Neural Engineering","J NEURAL ENG","IOP Publishing Ltd","1741-2560","1741-2552","ENGINEERING, BIOMEDICAL","SCIE","16,177","4","Q2","0.85","72.56"%,
"Frontiers in Radiology","FRONT RADIOL","FRONTIERS MEDIA SA","N/A","2673-8740","RADIOLOGY, NUCLEAR MEDICINE & MEDICAL IMAGING","ESCI","536","4","Q1","0.8","100"%,
"Regenerative Therapy","REGEN THER","ELSEVIER","2352-3204","2352-3204","ENGINEERING, BIOMEDICAL","SCIE","3,064","4","Q2","0.68","100"%,
"BMC MEDICAL IMAGING","BMC MED IMAGING","BMC","1471-2342","1471-2342","RADIOLOGY, NUCLEAR MEDICINE & MEDICAL IMAGING","SCIE","5,892","3.9","Q1","1.15","100"%,
"EUROPEAN JOURNAL OF RADIOLOGY","EUR J RADIOL","ELSEVIER IRELAND LTD","0720-048X","1872-7727","RADIOLOGY, NUCLEAR MEDICINE & MEDICAL IMAGING","SCIE","19,085","3.9","Q1","1.05","27.9"%,
"Practical Radiation Oncology","PRACT RADIAT ONCOL","ELSEVIER SCIENCE INC","1879-8500","1879-8500","RADIOLOGY, NUCLEAR MEDICINE & MEDICAL IMAGING","SCIE","3,748","3.9","Q1","1.04","7.65"%,
"Digital Health","DIGIT HEALTH","SAGE PUBLICATIONS LTD","2055-2076","2055-2076","MEDICAL INFORMATICS","SCIE","9,301","3.9","Q2","1.02","99.72"%,
"JMIR Human Factors","JMIR HUM FACTORS","JMIR PUBLICATIONS, INC","2292-9495","2292-9495","MEDICAL INFORMATICS","ESCI","3,291","3.9","Q2","0.91","99.67"%,
"IEEE Journal of Translational Engineering in Health and Medicine","IEEE J TRANSL ENG HE","IEEE-INST ELECTRICAL ELECTRONICS ENGINEERS INC","2168-2372","2168-2372","ENGINEERING, BIOMEDICAL","SCIE","1,897","3.9","Q2","0.86","100"%,
"Biomedical Materials","BIOMED MATER","IOP Publishing Ltd","1748-6041","1748-605X","ENGINEERING, BIOMEDICAL","SCIE","7,354","3.9","Q2","0.65","53.26"%,
"IEEE Transactions on Radiation and Plasma Medical Sciences","IEEE T RADIAT PLASMA","IEEE-INST ELECTRICAL ELECTRONICS ENGINEERS INC","2469-7311","2469-7303","RADIOLOGY, NUCLEAR MEDICINE & MEDICAL IMAGING","ESCI","2,305","3.8","Q1","1.25","12.92"%,
"Internet Interventions-The Application of Information Technology in Mental and Behavioural Health","INTERNET INTERV","ELSEVIER","N/A","2214-7829","MEDICAL INFORMATICS","SCIE","3,562","3.8","Q3","1.07","100"%,
"SEMINARS IN DIAGNOSTIC PATHOLOGY","SEMIN DIAGN PATHOL","W B SAUNDERS CO-ELSEVIER INC","0740-2570","1930-1111","MEDICAL LABORATORY TECHNOLOGY","SCIE","2,027","3.8","Q2","1","14.07"%,
"Current Opinion in Biomedical Engineering","CURR OPIN BIOMED ENG","ELSEVIER","2468-4511","2468-4511","ENGINEERING, BIOMEDICAL","SCIE","2,144","3.8","Q2","0.75","29.11"%,
"JOURNAL OF BIOMEDICAL MATERIALS RESEARCH PART A","J BIOMED MATER RES A","WILEY","1549-3296","1552-4965","ENGINEERING, BIOMEDICAL","SCIE","15,655","3.8","Q2","0.65","37.73"%,
"Journal of Mass Spectrometry and Advances in the Clinical Lab","J MASS SPECTROM ADV","Stanford Univ Press","2667-1468","2667-145X","MEDICAL LABORATORY TECHNOLOGY","SCIE","445","3.7","Q2","1.44","100"%,
"EJNMMI Radiopharmacy and Chemistry","EJNMMI RADIOPHARM CH","SPRINGERNATURE","N/A","2365-421X","RADIOLOGY, NUCLEAR MEDICINE & MEDICAL IMAGING","ESCI","1,303","3.7","Q1","0.85","100"%,
"Ultrasound Journal","ULTRASOUND J","MATTIOLI 1885","N/A","2524-8987","RADIOLOGY, NUCLEAR MEDICINE & MEDICAL IMAGING","ESCI","1,116","3.6","Q1","1.05","100"%,
"Radiation Oncology","RADIAT ONCOL","BMC","N/A","1748-717X","RADIOLOGY, NUCLEAR MEDICINE & MEDICAL IMAGING","SCIE","9,665","3.6","Q1","0.85","100"%,
"Clinical and Translational Radiation Oncology","CLIN TRANSL RAD ONCO","ELSEVIER IRELAND LTD","N/A","2405-6308","RADIOLOGY, NUCLEAR MEDICINE & MEDICAL IMAGING","SCIE","3,055","3.6","Q1","0.83","99.79"%,
"EUROPEAN CELLS & MATERIALS","EUR CELLS MATER","FORUM MULTIMEDIA PUBLISHING LLC","1473-2262","1473-2262","ENGINEERING, BIOMEDICAL","SCIE","2,706","3.6","Q2","0.82","100"%,
"Precision Radiation Oncology","PRECIS RADIAT ONCOL","WILEY","2398-7324","2398-7324","RADIOLOGY, NUCLEAR MEDICINE & MEDICAL IMAGING","ESCI","450","3.6","Q1","0.78","100"%,
"BioMedInformatics","BIOMEDINFORMATICS","MDPI","N/A","2673-7426","MEDICAL INFORMATICS","ESCI","934","3.6","Q3","0.66","100"%,
"AMERICAN JOURNAL OF NEURORADIOLOGY","AM J NEURORADIOL","AMER SOC NEURORADIOLOGY","0195-6108","1936-959X","RADIOLOGY, NUCLEAR MEDICINE & MEDICAL IMAGING","SCIE","24,365","3.5","Q2","1.05","97.59"%,
"EJNMMI Physics","EJNMMI PHYS","SPRINGER","2197-7364","2197-7364","RADIOLOGY, NUCLEAR MEDICINE & MEDICAL IMAGING","SCIE","2,231","3.5","Q2","1.05","100"%,
"Wearable Technologies","WEAR TECHNOL","CAMBRIDGE UNIV PRESS","N/A","2631-7176","ENGINEERING, BIOMEDICAL","ESCI","598","3.5","Q2","0.87","100"%,
"European Journal of Radiology Open","EUR J RADIOL OPEN","ELSEVIER","N/A","2352-0477","RADIOLOGY, NUCLEAR MEDICINE & MEDICAL IMAGING","ESCI","1,372","3.5","Q2","0.82","100"%,
"BJR Open","BJR OPEN","BRITISH INST RADIOLOGY","N/A","2513-9878","RADIOLOGY, NUCLEAR MEDICINE & MEDICAL IMAGING","ESCI","674","3.5","Q2","0.66","100"%,
"JOURNAL OF BIOMATERIALS SCIENCE-POLYMER EDITION","J BIOMAT SCI-POLYM E","TAYLOR & FRANCIS LTD","0920-5063","1568-5624","ENGINEERING, BIOMEDICAL","SCIE","5,789","3.5","Q2","0.63","2.07"%,
"Cellular and Molecular Bioengineering","CELL MOL BIOENG","SPRINGER","1865-5025","1865-5033","ENGINEERING, BIOMEDICAL","SCIE","1,495","3.5","Q2","0.46","41.82"%,
"Magnetic Resonance in Medical Sciences","MAGN RESON MED SCI","JPN SOC MAGNETIC RESONANCE MEDICINE","1347-3182","1880-2206","RADIOLOGY, NUCLEAR MEDICINE & MEDICAL IMAGING","SCIE","1,608","3.4","Q2","0.94","99.51"%,
"CARDIOVASCULAR AND INTERVENTIONAL RADIOLOGY","CARDIOVASC INTER RAD","SPRINGER","0174-1551","1432-086X","RADIOLOGY, NUCLEAR MEDICINE & MEDICAL IMAGING","SCIE","7,564","3.4","Q2","0.81","36.82"%,
"BRITISH JOURNAL OF RADIOLOGY","BRIT J RADIOL","OXFORD UNIV PRESS","0007-1285","1748-880X","RADIOLOGY, NUCLEAR MEDICINE & MEDICAL IMAGING","SCIE","15,136","3.4","Q2","0.8","38.93"%,
"Smart Health","SMART HEALTH","ELSEVIER","2352-6483","2352-6491","MEDICAL INFORMATICS","ESCI","959","3.4","Q3","0.53","28.85"%,
"Biomedical Engineering Letters","BIOMED ENG LETT","SPRINGERNATURE","2093-9868","2093-985X","ENGINEERING, BIOMEDICAL","SCIE","1,987","3.4","Q2","0.45","20"%,
"ARCHIVES OF PATHOLOGY & LABORATORY MEDICINE","ARCH PATHOL LAB MED","COLL AMER PATHOLOGISTS","0003-9985","1543-2165","MEDICAL LABORATORY TECHNOLOGY","SCIE","11,136","3.3","Q2","1.26","94.43"%,
"JOURNAL OF NEURORADIOLOGY","J NEURORADIOLOGY","MASSON EDITEUR","0150-9861","1773-0406","RADIOLOGY, NUCLEAR MEDICINE & MEDICAL IMAGING","SCIE","1,687","3.3","Q2","1.02","20.81"%,
"JOURNAL OF BIOMEDICAL OPTICS","J BIOMED OPT","SPIE-SOC PHOTO-OPTICAL INSTRUMENTATION ENGINEERS","1083-3668","1560-2281","RADIOLOGY, NUCLEAR MEDICINE & MEDICAL IMAGING","SCIE","14,110","3.3","Q2","0.88","100"%,
"mHealth","MHEALTH","AME PUBLISHING COMPANY","N/A","2306-9740","MEDICAL INFORMATICS","ESCI","1,195","3.3","Q3","0.6","100"%,
"MAGNETIC RESONANCE IN MEDICINE","MAGN RESON MED","WILEY","0740-3194","1522-2594","RADIOLOGY, NUCLEAR MEDICINE & MEDICAL IMAGING","SCIE","31,452","3.2","Q2","0.96","66.07"%,
"MEDICAL PHYSICS","MED PHYS","WILEY","0094-2405","2473-4209","RADIOLOGY, NUCLEAR MEDICINE & MEDICAL IMAGING","SCIE","33,984","3.2","Q2","0.96","36.22"%,
"Biomedical Optics Express","BIOMED OPT EXPRESS","Optica Publishing Group","2156-7085","2156-7085","RADIOLOGY, NUCLEAR MEDICINE & MEDICAL IMAGING","SCIE","16,194","3.2","Q2","0.94","99.52"%,
"Physics & Imaging in Radiation Oncology","PHYS IMAG RADIAT ONC","ELSEVIER","N/A","2405-6316","RADIOLOGY, NUCLEAR MEDICINE & MEDICAL IMAGING","ESCI","2,153","3.2","Q2","0.84","100"%,
"Clinical Neuroradiology","CLIN NEURORADIOL","SPRINGER HEIDELBERG","1869-1439","1869-1447","RADIOLOGY, NUCLEAR MEDICINE & MEDICAL IMAGING","SCIE","2,209","3.2","Q2","0.8","51.48"%,
"ULTRASCHALL IN DER MEDIZIN","ULTRASCHALL MED","GEORG THIEME VERLAG KG","0172-4614","1438-8782","RADIOLOGY, NUCLEAR MEDICINE & MEDICAL IMAGING","SCIE","2,577","3.2","Q2","0.74","17.05"%,
"BMC Digital Health","BMC DIGIT HEALTH","SPRINGERNATURE","N/A","2731-684X","MEDICAL INFORMATICS","ESCI","456","3.2","Q3","0.67","100"%,
"Healthcare Informatics Research","HEALTHC INFORM RES","KOREAN SOC MEDICAL INFORMATICS","2093-3681","2093-369X","MEDICAL INFORMATICS","ESCI","1,485","3.2","Q3","0.44","98.28"%,
"Journal of Imaging Informatics in Medicine","J IMAGING INFORM MED","SPRINGER","2948-2925","2948-2933","RADIOLOGY, NUCLEAR MEDICINE & MEDICAL IMAGING","SCIE","1,673","3.1","Q2","1.04","27.88"%,
"NUCLEAR MEDICINE AND BIOLOGY","NUCL MED BIOL","ELSEVIER SCIENCE INC","0969-8051","1872-9614","RADIOLOGY, NUCLEAR MEDICINE & MEDICAL IMAGING","SCIE","3,473","3.1","Q2","0.96","32.34"%,
"Ultrasound International Open","ULTRASOUND INT OPEN","GEORG THIEME VERLAG KG","2509-596X","2199-7152","RADIOLOGY, NUCLEAR MEDICINE & MEDICAL IMAGING","ESCI","329","3.1","Q2","0.92","100"%,
"3D Printing in Medicine","3D PRINT MED","SPRINGERNATURE","N/A","2365-6271","RADIOLOGY, NUCLEAR MEDICINE & MEDICAL IMAGING","ESCI","896","3.1","Q2","0.87","100"%,
"PHYSICS IN MEDICINE AND BIOLOGY","PHYS MED BIOL","IOP Publishing Ltd","0031-9155","1361-6560","ENGINEERING, BIOMEDICAL","SCIE","31,197","3.1","Q2","0.81","70.99"%,
"PHYSICS IN MEDICINE AND BIOLOGY","PHYS MED BIOL","IOP Publishing Ltd","0031-9155","1361-6560","RADIOLOGY, NUCLEAR MEDICINE & MEDICAL IMAGING","SCIE","31,197","3.1","Q2","0.81","70.99"%,
"PET Clinics","PET CLIN","ELSEVIER INC","1556-8598","1559-7814","RADIOLOGY, NUCLEAR MEDICINE & MEDICAL IMAGING","ESCI","1,129","3.1","Q2","0.78","0"%,
"MAGNETIC RESONANCE MATERIALS IN PHYSICS BIOLOGY AND MEDICINE","MAGN RESON MATER PHY","SPRINGER","1352-8661","1352-8661","RADIOLOGY, NUCLEAR MEDICINE & MEDICAL IMAGING","SCIE","2,139","3.1","Q2","0.76","61.84"%,
"JOURNAL OF VASCULAR AND INTERVENTIONAL RADIOLOGY","J VASC INTERV RADIOL","ELSEVIER SCIENCE INC","1051-0443","1535-7732","RADIOLOGY, NUCLEAR MEDICINE & MEDICAL IMAGING","SCIE","10,384","3.1","Q2","0.71","10"%,
"IEEE Open Journal of Engineering in Medicine and Biology","IEEE OPEN J ENG MED","IEEE-INST ELECTRICAL ELECTRONICS ENGINEERS INC","N/A","2644-1276","ENGINEERING, BIOMEDICAL","ESCI","837","3.1","Q2","0.64","100"%,
"MEDICAL & BIOLOGICAL ENGINEERING & COMPUTING","MED BIOL ENG COMPUT","SPRINGER HEIDELBERG","0140-0118","1741-0444","ENGINEERING, BIOMEDICAL","SCIE","8,381","3.1","Q2","0.62","16.33"%,
"MEDICAL & BIOLOGICAL ENGINEERING & COMPUTING","MED BIOL ENG COMPUT","SPRINGER HEIDELBERG","0140-0118","1741-0444","MEDICAL INFORMATICS","SCIE","8,381","3.1","Q3","0.62","16.33"%,
"Mechanobiology in Medicine","MECHANOBIOL MED","ELSEVIER","N/A","2949-9070","ENGINEERING, BIOMEDICAL","ESCI","226","3.1","Q2","0.36","100"%,
"Regenerative Engineering and Translational Medicine","REGEN ENG TRANSL MED","SPRINGER HEIDELBERG","2364-4133","2364-4141","ENGINEERING, BIOMEDICAL","ESCI","997","3.1","Q2","0.33","13.72"%,
"JOURNAL OF NUCLEAR CARDIOLOGY","J NUCL CARDIOL","ELSEVIER SCIENCE INC","1071-3581","1532-6551","RADIOLOGY, NUCLEAR MEDICINE & MEDICAL IMAGING","SCIE","4,305","3","Q2","1.56","29.11"%,
"Biomechanics and Modeling in Mechanobiology","BIOMECH MODEL MECHAN","SPRINGER HEIDELBERG","1617-7959","1617-7940","ENGINEERING, BIOMEDICAL","SCIE","5,226","3","Q3","0.68","49.86"%,
"INTERNATIONAL JOURNAL OF TECHNOLOGY ASSESSMENT IN HEALTH CARE","INT J TECHNOL ASSESS","CAMBRIDGE UNIV PRESS","0266-4623","1471-6348","MEDICAL INFORMATICS","SCIE","3,037","3","Q3","0.64","90.27"%,
"JOURNAL OF BIOMEDICAL MATERIALS RESEARCH PART B-APPLIED BIOMATERIALS","J BIOMED MATER RES B","WILEY","1552-4973","1552-4981","ENGINEERING, BIOMEDICAL","SCIE","10,477","3","Q3","0.51","29.57"%,
"Regenerative Medicine","REGEN MED","TAYLOR & FRANCIS LTD","1746-0751","1746-076X","ENGINEERING, BIOMEDICAL","SCIE","2,210","3","Q3","0.43","16.79"%,
"Journal of Medical Artificial Intelligence","J MED ARTIF INTELL","AME PUBLISHING COMPANY","N/A","2617-2496","MEDICAL INFORMATICS","ESCI","350","3","Q3","0.35","100"%,
"CYTOMETRY PART B-CLINICAL CYTOMETRY","CYTOM PART B-CLIN CY","WILEY","1552-4949","1552-4957","MEDICAL LABORATORY TECHNOLOGY","SCIE","1,928","2.9","Q2","1.12","47.96"%,
"Advances in Radiation Oncology","ADV RADIAT ONCOL","ELSEVIER INC","N/A","2452-1094","RADIOLOGY, NUCLEAR MEDICINE & MEDICAL IMAGING","ESCI","3,336","2.9","Q2","0.71","100"%,
"JOURNAL OF BIOMECHANICS","J BIOMECH","ELSEVIER SCI LTD","0021-9290","1873-2380","ENGINEERING, BIOMEDICAL","SCIE","34,129","2.9","Q3","0.62","37.85"%,
"Journal of Applied Biomaterials & Functional Materials","J APPL BIOMATER FUNC","SAGE PUBLICATIONS LTD","N/A","2280-8000","ENGINEERING, BIOMEDICAL","SCIE","1,437","2.9","Q3","0.61","100"%,
"Biomedical Engineering and Computational Biology","BIOMED ENG COMPUT BI","SAGE PUBLICATIONS LTD","1179-5972","1179-5972","ENGINEERING, BIOMEDICAL","ESCI","156","2.9","Q3","0.32","100"%,
"NMR IN BIOMEDICINE","NMR BIOMED","WILEY","0952-3480","1099-1492","RADIOLOGY, NUCLEAR MEDICINE & MEDICAL IMAGING","SCIE","8,553","2.8","Q2","0.81","57.48"%,
"International Journal of Computer Assisted Radiology and Surgery","INT J COMPUT ASS RAD","SPRINGER HEIDELBERG","1861-6410","1861-6429","ENGINEERING, BIOMEDICAL","SCIE","6,638","2.8","Q3","0.8","48.39"%,
"International Journal of Computer Assisted Radiology and Surgery","INT J COMPUT ASS RAD","SPRINGER HEIDELBERG","1861-6410","1861-6429","RADIOLOGY, NUCLEAR MEDICINE & MEDICAL IMAGING","SCIE","6,638","2.8","Q2","0.8","48.39"%,
"Quantitative Imaging in Medicine and Surgery","QUANT IMAG MED SURG","AME PUBLISHING COMPANY","2223-4292","2223-4306","RADIOLOGY, NUCLEAR MEDICINE & MEDICAL IMAGING","SCIE","8,895","2.8","Q2","0.78","99.91"%,
"ULTRASOUND IN MEDICINE AND BIOLOGY","ULTRASOUND MED BIOL","ELSEVIER SCIENCE INC","0301-5629","1879-291X","RADIOLOGY, NUCLEAR MEDICINE & MEDICAL IMAGING","SCIE","12,535","2.8","Q2","0.77","23.08"%,
"INTERNATIONAL JOURNAL OF HYPERTHERMIA","INT J HYPERTHER","TAYLOR & FRANCIS LTD","0265-6736","1464-5157","RADIOLOGY, NUCLEAR MEDICINE & MEDICAL IMAGING","SCIE","6,822","2.8","Q2","0.75","100"%,
"NEURORADIOLOGY","NEURORADIOLOGY","SPRINGER","0028-3940","1432-1920","RADIOLOGY, NUCLEAR MEDICINE & MEDICAL IMAGING","SCIE","7,161","2.8","Q2","0.72","30.56"%,
"Dose-Response","DOSE-RESPONSE","SAGE PUBLICATIONS INC","1559-3258","1559-3258","RADIOLOGY, NUCLEAR MEDICINE & MEDICAL IMAGING","SCIE","2,795","2.8","Q2","0.69","100"%,
"STRAHLENTHERAPIE UND ONKOLOGIE","STRAHLENTHER ONKOL","SPRINGER HEIDELBERG","0179-7158","1439-099X","RADIOLOGY, NUCLEAR MEDICINE & MEDICAL IMAGING","SCIE","3,656","2.8","Q2","0.65","65.03"%,
"Tissue Engineering Part A","TISSUE ENG PT A","SAGE PUBLICATIONS INC","1937-3341","1937-335X","ENGINEERING, BIOMEDICAL","SCIE","7,051","2.8","Q3","0.52","7.41"%,
"Expert Review of Medical Devices","EXPERT REV MED DEVIC","TAYLOR & FRANCIS LTD","1743-4440","1745-2422","ENGINEERING, BIOMEDICAL","SCIE","3,781","2.8","Q3","0.34","7.29"%,
"EJNMMI Research","EJNMMI RES","SPRINGER","2191-219X","2191-219X","RADIOLOGY, NUCLEAR MEDICINE & MEDICAL IMAGING","SCIE","3,189","2.7","Q2","0.88","100"%,
"Physica Medica-European Journal of Medical Physics","PHYS MEDICA","ELSEVIER SCI LTD","1120-1797","1724-191X","RADIOLOGY, NUCLEAR MEDICINE & MEDICAL IMAGING","SCIE","6,985","2.7","Q2","0.79","34.89"%,
"Radiography","RADIOGRAPHY","ELSEVIER SCI LTD","1078-8174","1532-2831","RADIOLOGY, NUCLEAR MEDICINE & MEDICAL IMAGING","ESCI","3,868","2.7","Q2","0.78","51.1"%,
"LASERS IN MEDICAL SCIENCE","LASER MED SCI","SPRINGER LONDON LTD","0268-8921","1435-604X","ENGINEERING, BIOMEDICAL","SCIE","8,922","2.7","Q3","0.77","21.19"%,
"Diagnostic and Interventional Radiology","DIAGN INTERV RADIOL","TURKISH SOC RADIOLOGY","1305-3612","1305-3612","RADIOLOGY, NUCLEAR MEDICINE & MEDICAL IMAGING","SCIE","2,501","2.7","Q2","0.68","99.56"%,
"Applied Clinical Informatics","APPL CLIN INFORM","GEORG THIEME VERLAG KG","1869-0327","1869-0327","MEDICAL INFORMATICS","SCIE","2,968","2.7","Q3","0.55","22.3"%,
"Current Radiopharmaceuticals","CURR RADIOPHARM","KEAI PUBLISHING LTD","1874-4710","1874-4729","RADIOLOGY, NUCLEAR MEDICINE & MEDICAL IMAGING","SCIE","781","2.6","Q2","0.59","9.71"%,
"Brain-Computer Interfaces","BRAIN-COMPUT INTERFA","TAYLOR & FRANCIS LTD","2326-263X","2326-2621","ENGINEERING, BIOMEDICAL","ESCI","397","2.6","Q3","0.51","35.29"%,
"Health and Technology","HEALTH TECHNOL-GER","SPRINGER HEIDELBERG","2190-7188","2190-7196","MEDICAL INFORMATICS","ESCI","2,097","2.6","Q3","0.51","32.36"%,
"JOURNAL OF CLINICAL LABORATORY ANALYSIS","J CLIN LAB ANAL","WILEY","0887-8013","1098-2825","MEDICAL LABORATORY TECHNOLOGY","SCIE","8,171","2.5","Q2","1.22","100"%,
"PEDIATRIC RADIOLOGY","PEDIATR RADIOL","SPRINGER","0301-0449","1432-1998","RADIOLOGY, NUCLEAR MEDICINE & MEDICAL IMAGING","SCIE","8,359","2.5","Q2","0.84","27.25"%,
"SKELETAL RADIOLOGY","SKELETAL RADIOL","SPRINGER","0364-2348","1432-2161","RADIOLOGY, NUCLEAR MEDICINE & MEDICAL IMAGING","SCIE","7,913","2.5","Q2","0.76","25.22"%,
"MOLECULAR IMAGING AND BIOLOGY","MOL IMAGING BIOL","SPRINGER","1536-1632","1860-2002","RADIOLOGY, NUCLEAR MEDICINE & MEDICAL IMAGING","SCIE","3,108","2.5","Q2","0.74","43.58"%,
"Journal of Applied Clinical Medical Physics","J APPL CLIN MED PHYS","WILEY","1526-9914","1526-9914","RADIOLOGY, NUCLEAR MEDICINE & MEDICAL IMAGING","SCIE","7,391","2.5","Q2","0.7","100"%,
"SEMINARS IN ULTRASOUND CT AND MRI","SEMIN ULTRASOUND CT","W B SAUNDERS CO-ELSEVIER INC","0887-2171","1558-5034","RADIOLOGY, NUCLEAR MEDICINE & MEDICAL IMAGING","SCIE","1,527","2.5","Q2","0.7","10.83"%,
"PHYSIOLOGICAL MEASUREMENT","PHYSIOL MEAS","IOP Publishing Ltd","0967-3334","1361-6579","ENGINEERING, BIOMEDICAL","SCIE","7,224","2.5","Q3","0.68","73.32"%,
"Tomography","TOMOGRAPHY","MDPI","2379-1381","2379-139X","RADIOLOGY, NUCLEAR MEDICINE & MEDICAL IMAGING","SCIE","2,096","2.5","Q2","0.68","99.78"%,
"JOURNAL OF NEUROIMAGING","J NEUROIMAGING","WILEY","1051-2284","1552-6569","RADIOLOGY, NUCLEAR MEDICINE & MEDICAL IMAGING","SCIE","3,235","2.5","Q2","0.67","43.54"%,
"Frontiers in Nuclear Medicine","FRONT NUCL MED","FRONTIERS MEDIA SA","N/A","2673-8880","RADIOLOGY, NUCLEAR MEDICINE & MEDICAL IMAGING","ESCI","320","2.5","Q2","0.47","100"%,
"RADIATION RESEARCH","RADIAT RES","RADIATION RESEARCH SOC","0033-7587","1938-5404","RADIOLOGY, NUCLEAR MEDICINE & MEDICAL IMAGING","SCIE","8,203","2.4","Q2","0.73","0"%,
"ANNALS OF NUCLEAR MEDICINE","ANN NUCL MED","SPRINGER","0914-7187","1864-6433","RADIOLOGY, NUCLEAR MEDICINE & MEDICAL IMAGING","SCIE","2,787","2.4","Q2","0.7","28.48"%,
"JMIR Formative Research","JMIR FORM RES","JMIR PUBLICATIONS, INC","N/A","2561-326X","MEDICAL INFORMATICS","ESCI","8,816","2.4","Q3","0.67","98.91"%,
"STATISTICAL METHODS IN MEDICAL RESEARCH","STAT METHODS MED RES","SAGE PUBLICATIONS LTD","0962-2802","1477-0334","MEDICAL INFORMATICS","SCIE","9,631","2.4","Q3","0.64","35.86"%,
"Ultrasonography","ULTRASONOGRAPHY","KOREAN SOC ULTRASOUND MEDICINE","2288-5919","2288-5943","RADIOLOGY, NUCLEAR MEDICINE & MEDICAL IMAGING","SCIE","1,480","2.4","Q2","0.64","96"%,
"METHODS OF INFORMATION IN MEDICINE","METHOD INFORM MED","GEORG THIEME VERLAG KG","0026-1270","2511-705X","MEDICAL INFORMATICS","SCIE","1,493","2.4","Q3","0.6","69.57"%,
"Physical and Engineering Sciences in Medicine","PHYS ENG SCI MED","SPRINGER","2662-4729","2662-4737","ENGINEERING, BIOMEDICAL","SCIE","1,714","2.4","Q3","0.55","28.38"%,
"Physical and Engineering Sciences in Medicine","PHYS ENG SCI MED","SPRINGER","2662-4729","2662-4737","RADIOLOGY, NUCLEAR MEDICINE & MEDICAL IMAGING","SCIE","1,714","2.4","Q2","0.55","28.38"%,
"RADIATION AND ENVIRONMENTAL BIOPHYSICS","RADIAT ENVIRON BIOPH","SPRINGER","0301-634X","1432-2099","RADIOLOGY, NUCLEAR MEDICINE & MEDICAL IMAGING","SCIE","1,734","2.4","Q2","0.54","38.96"%,
"iRADIOLOGY","IRADIOLOGY","WILEY","2834-2860","2834-2879","RADIOLOGY, NUCLEAR MEDICINE & MEDICAL IMAGING","ESCI","206","2.4","Q2","0.5","100"%,
"Healthcare Technology Letters","HEALTHC TECHNOL LETT","WILEY","N/A","2053-3713","ENGINEERING, BIOMEDICAL","ESCI","804","2.4","Q3","0.49","100"%,
"Cardiovascular Engineering and Technology","CARDIOVASC ENG TECHN","SPRINGER","1869-408X","1869-4098","ENGINEERING, BIOMEDICAL","SCIE","1,330","2.4","Q3","0.47","35.06"%,
"MEDICAL ENGINEERING & PHYSICS","MED ENG PHYS","IOP Publishing Ltd","1350-4533","1873-4030","ENGINEERING, BIOMEDICAL","SCIE","7,446","2.4","Q3","0.42","21.78"%,
"JOURNAL OF BIOMATERIALS APPLICATIONS","J BIOMATER APPL","SAGE PUBLICATIONS LTD","0885-3282","1530-8022","ENGINEERING, BIOMEDICAL","SCIE","3,666","2.4","Q3","0.41","7.28"%,
"CLINICAL BIOCHEMISTRY","CLIN BIOCHEM","PERGAMON-ELSEVIER SCIENCE LTD","0009-9120","1873-2933","MEDICAL LABORATORY TECHNOLOGY","SCIE","9,154","2.3","Q2","1.01","26.79"%,
"Journal of Applied Laboratory Medicine","J APPL LAB MED","OXFORD UNIV PRESS INC","2576-9456","2475-7241","MEDICAL LABORATORY TECHNOLOGY","ESCI","1,892","2.3","Q2","0.8","25.37"%,
"Abdominal Radiology","ABDOM RADIOL","SPRINGER","2366-004X","2366-0058","RADIOLOGY, NUCLEAR MEDICINE & MEDICAL IMAGING","SCIE","8,924","2.3","Q2","0.64","16.61"%,
"Health Information Management Journal","HEALTH INF MANAG J","SAGE PUBLICATIONS INC","1833-3583","1833-3575","MEDICAL INFORMATICS","SCIE","878","2.3","Q4","0.64","49.49"%,
"Learning Health Systems","LEARN HEALTH SYST","WILEY","2379-6146","2379-6146","MEDICAL INFORMATICS","ESCI","928","2.3","Q4","0.62","100"%,
"THERAPEUTIC DRUG MONITORING","THER DRUG MONIT","LIPPINCOTT WILLIAMS & WILKINS","0163-4356","1536-3694","MEDICAL LABORATORY TECHNOLOGY","SCIE","4,334","2.3","Q2","0.62","23.29"%,
"Journal of Medical Imaging","J MED IMAGING","SPIE-SOC PHOTO-OPTICAL INSTRUMENTATION ENGINEERS","2329-4302","2329-4310","RADIOLOGY, NUCLEAR MEDICINE & MEDICAL IMAGING","ESCI","3,035","2.3","Q2","0.56","36.5"%,
"CIN-COMPUTERS INFORMATICS NURSING","CIN-COMPUT INFORM NU","LIPPINCOTT WILLIAMS & WILKINS","1538-2931","1538-9774","MEDICAL INFORMATICS","SCIE","2,239","2.3","Q4","0.54","13.74"%,
"Radiology and Oncology","RADIOL ONCOL","Paradigm Publishing Services-De Gruyter Brill Sp Zoo","1318-2099","1581-3207","RADIOLOGY, NUCLEAR MEDICINE & MEDICAL IMAGING","SCIE","1,612","2.3","Q2","0.52","100"%,
"Nuclear Medicine and Molecular Imaging","NUCL MED MOLEC IMAG","SPRINGER HEIDELBERG","1869-3474","1869-3482","RADIOLOGY, NUCLEAR MEDICINE & MEDICAL IMAGING","ESCI","1,133","2.3","Q2","0.5","15.44"%,
"Journal of Medical Imaging and Radiation Sciences","J MED IMAGING RADIAT","ELSEVIER SCIENCE INC","1939-8654","1939-8654","RADIOLOGY, NUCLEAR MEDICINE & MEDICAL IMAGING","ESCI","1,665","2.3","Q2","0.48","22.19"%,
"BIORHEOLOGY","BIORHEOLOGY","SAGE PUBLICATIONS INC","0006-355X","1878-5034","ENGINEERING, BIOMEDICAL","SCIE","1,214","2.3","Q3","0.46","0"%,
"International Journal of Biomedical Imaging","INT J BIOMED IMAGING","WILEY","1687-4188","1687-4196","ENGINEERING, BIOMEDICAL","ESCI","806","2.3","Q3","0.43","100"%,
"CELL AND TISSUE BANKING","CELL TISSUE BANK","SPRINGER","1389-9333","1573-6814","ENGINEERING, BIOMEDICAL","SCIE","1,574","2.3","Q3","0.31","24.24"%,
"ASAIO JOURNAL","ASAIO J","LIPPINCOTT WILLIAMS & WILKINS","1058-2916","1538-943X","ENGINEERING, BIOMEDICAL","SCIE","5,168","2.2","Q3","0.66","13.51"%,
"Clinical Imaging","CLIN IMAG","ELSEVIER SCIENCE INC","0899-7071","1873-4499","RADIOLOGY, NUCLEAR MEDICINE & MEDICAL IMAGING","SCIE","4,292","2.2","Q3","0.53","9.47"%,
"Health Informatics Journal","HEALTH INFORM J","SAGE PUBLICATIONS INC","1460-4582","1741-2811","MEDICAL INFORMATICS","SCIE","2,792","2.2","Q4","0.53","100"%,
"ARTIFICIAL ORGANS","ARTIF ORGANS","WILEY","0160-564X","1525-1594","ENGINEERING, BIOMEDICAL","SCIE","5,238","2.2","Q3","0.51","43.58"%,
"Molecular Imaging","MOL IMAGING","SAGE PUBLICATIONS INC","N/A","1536-0121","RADIOLOGY, NUCLEAR MEDICINE & MEDICAL IMAGING","SCIE","807","2.2","Q3","0.5","100"%,
"Journal of Rehabilitation and Assistive Technologies Engineering","J REHABIL ASSIST TER","SAGE PUBLICATIONS INC","2055-6683","2055-6683","ENGINEERING, BIOMEDICAL","ESCI","722","2.2","Q3","0.4","98.73"%,
"Applied Radiation and Isotopes","APPL RADIAT ISOTOPES","PERGAMON-ELSEVIER SCIENCE LTD","0969-8043","1872-9800","RADIOLOGY, NUCLEAR MEDICINE & MEDICAL IMAGING","SCIE","11,579","2.1","Q3","0.66","15.4"%,
"Biochemia Medica","BIOCHEM MEDICA","CROATIAN SOC MEDICAL BIOCHEMISTRY & LABORATORY MEDICINE","1330-0962","1846-7482","MEDICAL LABORATORY TECHNOLOGY","SCIE","5,954","2.1","Q3","0.66","92.8"%,
"MAGNETIC RESONANCE IMAGING","MAGN RESON IMAGING","ELSEVIER SCIENCE INC","0730-725X","1873-5894","RADIOLOGY, NUCLEAR MEDICINE & MEDICAL IMAGING","SCIE","8,538","2.1","Q3","0.63","21.69"%,
"International Journal for Numerical Methods in Biomedical Engineering","INT J NUMER METH BIO","WILEY","2040-7939","2040-7947","ENGINEERING, BIOMEDICAL","SCIE","2,929","2.1","Q3","0.6","42.99"%,
"STATISTICS IN MEDICINE","STAT MED","WILEY","0277-6715","1097-0258","MEDICAL INFORMATICS","SCIE","36,828","2.1","Q4","0.6","42.45"%,
"RADIOLOGIC CLINICS OF NORTH AMERICA","RADIOL CLIN N AM","W B SAUNDERS CO-ELSEVIER INC","0033-8389","1557-8275","RADIOLOGY, NUCLEAR MEDICINE & MEDICAL IMAGING","SCIE","2,789","2.1","Q3","0.59","4.09"%,
"JOURNAL OF ULTRASOUND IN MEDICINE","J ULTRAS MED","WILEY","0278-4297","1550-9613","RADIOLOGY, NUCLEAR MEDICINE & MEDICAL IMAGING","SCIE","8,820","2.1","Q3","0.58","25.08"%,
"JOURNAL OF RADIATION RESEARCH","J RADIAT RES","OXFORD UNIV PRESS","0449-3060","1349-9157","RADIOLOGY, NUCLEAR MEDICINE & MEDICAL IMAGING","SCIE","3,539","2.1","Q3","0.53","100"%,
"Journal of Medical Radiation Sciences","J MED RADIAT SCI","WILEY","2051-3895","2051-3909","RADIOLOGY, NUCLEAR MEDICINE & MEDICAL IMAGING","ESCI","1,322","2.1","Q3","0.49","100"%,
"Journal of Medical Ultrasonics","J MED ULTRASON","SPRINGER JAPAN KK","1346-4523","1613-2254","RADIOLOGY, NUCLEAR MEDICINE & MEDICAL IMAGING","SCIE","1,123","2.1","Q3","0.47","50.56"%,
"Therapeutic Innovation & Regulatory Science","THER INNOV REGUL SCI","SPRINGER HEIDELBERG","2168-4790","2168-4804","MEDICAL INFORMATICS","SCIE","2,132","2.1","Q4","0.44","46.65"%,
"CVIR Endovascular","CVIR ENDOVASC","SPRINGERNATURE","N/A","2520-8934","RADIOLOGY, NUCLEAR MEDICINE & MEDICAL IMAGING","ESCI","783","2.1","Q3","0.43","100"%,
"Journal of Medical and Biological Engineering","J MED BIOL ENG","SPRINGER HEIDELBERG","1609-0985","2199-4757","ENGINEERING, BIOMEDICAL","SCIE","1,655","2.1","Q3","0.33","20.43"%,
"INTERNATIONAL JOURNAL OF RADIATION BIOLOGY","INT J RADIAT BIOL","TAYLOR & FRANCIS LTD","0955-3002","1362-3095","RADIOLOGY, NUCLEAR MEDICINE & MEDICAL IMAGING","SCIE","5,536","2","Q3","0.7","8.16"%,
"MEDICAL DECISION MAKING","MED DECIS MAKING","SAGE PUBLICATIONS INC","0272-989X","1552-681X","MEDICAL INFORMATICS","SCIE","7,373","2","Q4","0.61","51.5"%,
"Technical Innovations & Patient Support in Radiation Oncology","TECH INNOV PATIENT S","ELSEVIER","N/A","2405-6324","RADIOLOGY, NUCLEAR MEDICINE & MEDICAL IMAGING","ESCI","676","2","Q3","0.59","100"%,
"International Journal of Particle Therapy","INT J PART THER","ELSEVIER","N/A","2331-5180","RADIOLOGY, NUCLEAR MEDICINE & MEDICAL IMAGING","ESCI","676","2","Q3","0.57","100"%,
"Biomedical Physics & Engineering Express","BIOMED PHYS ENG EXPR","IOP Publishing Ltd","2057-1976","2057-1976","RADIOLOGY, NUCLEAR MEDICINE & MEDICAL IMAGING","ESCI","2,686","2","Q3","0.56","54.84"%,
"Sports Biomechanics","SPORT BIOMECH","ROUTLEDGE JOURNALS, TAYLOR & FRANCIS LTD","1476-3141","1752-6116","ENGINEERING, BIOMEDICAL","SCIE","3,323","2","Q3","0.56","17.73"%,
"CLINICAL RADIOLOGY","CLIN RADIOL","W B SAUNDERS CO LTD","0009-9260","1365-229X","RADIOLOGY, NUCLEAR MEDICINE & MEDICAL IMAGING","SCIE","7,964","2","Q3","0.53","10.77"%,
"Journal of Tissue Engineering and Regenerative Medicine","J TISSUE ENG REGEN M","WILEY","1932-6254","1932-7005","ENGINEERING, BIOMEDICAL","SCIE","5,228","2","Q3","0.48","100"%,
"Magnetic Resonance Imaging Clinics of North America","MAGN RESON IMAGING C","W B SAUNDERS CO-ELSEVIER INC","1064-9689","1557-9786","RADIOLOGY, NUCLEAR MEDICINE & MEDICAL IMAGING","SCIE","1,206","2","Q3","0.48","2.63"%,
"ROFO-FORTSCHRITTE AUF DEM GEBIET DER RONTGENSTRAHLEN UND DER BILDGEBENDEN VERFAHREN","ROFO-FORTSCHR RONTG","GEORG THIEME VERLAG KG","1438-9029","1438-9010","RADIOLOGY, NUCLEAR MEDICINE & MEDICAL IMAGING","SCIE","1,846","2","Q3","0.45","6.09"%,
"Tissue Engineering Part C-Methods","TISSUE ENG PART C-ME","SAGE PUBLICATIONS INC","1937-3384","1937-3392","ENGINEERING, BIOMEDICAL","SCIE","2,946","2","Q3","0.44","10.29"%,
"CLINICS IN LABORATORY MEDICINE","CLIN LAB MED","W B SAUNDERS CO-ELSEVIER INC","0272-2712","1557-9832","MEDICAL LABORATORY TECHNOLOGY","SCIE","1,832","1.9","Q3","0.83","1.39"%,
"IRBM","IRBM","ELSEVIER SCIENCE INC","1959-0318","1876-0988","ENGINEERING, BIOMEDICAL","SCIE","1,358","1.9","Q3","0.79","32.62"%,
"Journal of Innovative Optical Health Sciences","J INNOV OPT HEAL SCI","WORLD SCIENTIFIC PUBL CO PTE LTD","1793-5458","1793-7205","RADIOLOGY, NUCLEAR MEDICINE & MEDICAL IMAGING","SCIE","1,061","1.9","Q3","0.63","100"%,
"Journal of Laboratory Medicine","J LAB MED","WALTER DE GRUYTER GMBH","2567-9430","2567-9449","MEDICAL LABORATORY TECHNOLOGY","SCIE","511","1.9","Q3","0.56","100"%,
"INTERVENTIONAL NEURORADIOLOGY","INTERV NEURORADIOL","SAGE PUBLICATIONS INC","1591-0199","2385-2011","RADIOLOGY, NUCLEAR MEDICINE & MEDICAL IMAGING","SCIE","3,645","1.9","Q3","0.53","13.78"%,
"COMPUTER METHODS IN BIOMECHANICS AND BIOMEDICAL ENGINEERING","COMPUT METHOD BIOMEC","TAYLOR & FRANCIS LTD","1025-5842","1476-8259","ENGINEERING, BIOMEDICAL","SCIE","4,873","1.9","Q3","0.39","4.62"%,
"Computer Methods in Biomechanics and Biomedical Engineering-Imaging and Visualization","COMP M BIO BIO E-IV","TAYLOR & FRANCIS LTD","2168-1163","2168-1171","ENGINEERING, BIOMEDICAL","ESCI","1,025","1.9","Q3","0.3","47.09"%,
"Practical Laboratory Medicine","PRACT LAB MED","ELSEVIER","N/A","2352-5517","MEDICAL LABORATORY TECHNOLOGY","ESCI","772","1.8","Q3","0.75","100"%,
"RADIOPROTECTION","RADIOPROTECTION","EDP SCIENCES S A","0033-8451","1769-700X","RADIOLOGY, NUCLEAR MEDICINE & MEDICAL IMAGING","SCIE","605","1.8","Q3","0.61","53.6"%,
"CLINICAL BIOMECHANICS","CLIN BIOMECH","ELSEVIER SCI LTD","0268-0033","1879-1271","ENGINEERING, BIOMEDICAL","SCIE","10,663","1.8","Q4","0.55","24.79"%,
"INTERNATIONAL JOURNAL OF CARDIOVASCULAR IMAGING","INT J CARDIOVAS IMAG","SPRINGER","1569-5794","1875-8312","RADIOLOGY, NUCLEAR MEDICINE & MEDICAL IMAGING","SCIE","4,982","1.8","Q3","0.45","39.53"%,
"Journal of Laboratory and Precision Medicine","J LAB PRECIS MED","AME PUBLISHING COMPANY","2519-9005","2519-9005","MEDICAL LABORATORY TECHNOLOGY","ESCI","398","1.8","Q3","0.43","100"%,
"Medical Ultrasonography","MED ULTRASON","SOC ROMANA ULTRASONOGRAFE MEDICINA BIOLOGIE-SRUMB","1844-4172","2066-8643","RADIOLOGY, NUCLEAR MEDICINE & MEDICAL IMAGING","SCIE","1,259","1.8","Q3","0.42","100"%,
"European Journal of Hybrid Imaging","EUR J HYBRID IMAG","SPRINGERNATURE","N/A","2510-3636","RADIOLOGY, NUCLEAR MEDICINE & MEDICAL IMAGING","ESCI","308","1.8","Q3","0.41","100"%,
"JMIR XR and Spatial Computing","JMIR XR SPAT COMPUT","JMIR PUBLICATIONS, INC","N/A","2818-3045","MEDICAL INFORMATICS","ESCI","42","1.8","Q4","0.39","100"%,
"Techniques in Vascular and Interventional Radiology","TECH VASC INTERV RAD","ELSEVIER","1089-2516","1557-9808","RADIOLOGY, NUCLEAR MEDICINE & MEDICAL IMAGING","ESCI","1,023","1.8","Q3","0.39","10.71"%,
"Radiology Advances","RADIOL ADV","OXFORD UNIV PRESS","N/A","2976-9337","RADIOLOGY, NUCLEAR MEDICINE & MEDICAL IMAGING","ESCI","81","1.8","Q3","0.36","100"%,
"PROCEEDINGS OF THE INSTITUTION OF MECHANICAL ENGINEERS PART H-JOURNAL OF ENGINEERING IN MEDICINE","P I MECH ENG H","SAGE PUBLICATIONS LTD","0954-4119","2041-3033","ENGINEERING, BIOMEDICAL","SCIE","3,456","1.8","Q4","0.31","12.58"%,
"Journal of Medical Signals & Sensors","J MED SIGNALS SENS","WOLTERS KLUWER MEDKNOW PUBLICATIONS","2228-7477","2228-7477","ENGINEERING, BIOMEDICAL","ESCI","610","1.8","Q4","0.25","100"%,
"ULTRASONIC IMAGING","ULTRASONIC IMAGING","SAGE PUBLICATIONS INC","0161-7346","1096-0910","ENGINEERING, BIOMEDICAL","SCIE","936","1.7","Q4","0.56","5.75"%,
"ULTRASONIC IMAGING","ULTRASONIC IMAGING","SAGE PUBLICATIONS INC","0161-7346","1096-0910","RADIOLOGY, NUCLEAR MEDICINE & MEDICAL IMAGING","SCIE","936","1.7","Q3","0.56","5.75"%,
"Informatics for Health & Social Care","INFORM HEALTH SOC CA","TAYLOR & FRANCIS INC","1753-8157","1753-8165","MEDICAL INFORMATICS","SCIE","905","1.7","Q4","0.53","4.55"%,
"EJNMMI Reports","EJNMMI REP","SPRINGERNATURE","N/A","3005-074X","RADIOLOGY, NUCLEAR MEDICINE & MEDICAL IMAGING","ESCI","95","1.7","Q3","0.51","100"%,
"JOURNAL OF RADIOLOGICAL PROTECTION","J RADIOL PROT","IOP Publishing Ltd","0952-4746","1361-6498","RADIOLOGY, NUCLEAR MEDICINE & MEDICAL IMAGING","SCIE","1,956","1.7","Q3","0.5","66.17"%,
"CANCER BIOTHERAPY AND RADIOPHARMACEUTICALS","CANCER BIOTHER RADIO","SAGE PUBLICATIONS INC","1084-9785","1557-8852","RADIOLOGY, NUCLEAR MEDICINE & MEDICAL IMAGING","SCIE","2,507","1.7","Q3","0.46","7.65"%,
"American Journal of Nuclear Medicine and Molecular Imaging","AM J NUCL MED MOLEC","E-CENTURY PUBLISHING CORP","2160-8407","2160-8407","RADIOLOGY, NUCLEAR MEDICINE & MEDICAL IMAGING","ESCI","792","1.7","Q3","0.43","4"%,
"Brachytherapy","BRACHYTHERAPY","ELSEVIER SCIENCE INC","1538-4721","1873-1449","RADIOLOGY, NUCLEAR MEDICINE & MEDICAL IMAGING","SCIE","2,293","1.7","Q3","0.42","10.49"%,
"Journal of Breast Imaging","J BREAST IMAGING","OXFORD UNIV PRESS","2631-6110","2631-6129","RADIOLOGY, NUCLEAR MEDICINE & MEDICAL IMAGING","ESCI","779","1.7","Q3","0.41","8.82"%,
"Journal of Lasers in Medical Sciences","J LASERS MED SCI","SHAHID BEHESHTI UNIV MEDICAL SCIENCES, FAC MEDICINE","2008-9783","2228-6721","RADIOLOGY, NUCLEAR MEDICINE & MEDICAL IMAGING","ESCI","1,369","1.7","Q3","0.4","99.5"%,
"Medical Dosimetry","MED DOSIM","ELSEVIER SCIENCE INC","0958-3947","1873-4022","RADIOLOGY, NUCLEAR MEDICINE & MEDICAL IMAGING","SCIE","1,182","1.7","Q3","0.4","14.81"%,
"Reports of Practical Oncology and Radiotherapy","REP PRACT ONCOL RADI","VIA MEDICA","1507-1367","2083-4640","RADIOLOGY, NUCLEAR MEDICINE & MEDICAL IMAGING","ESCI","1,736","1.7","Q3","0.4","99.61"%,
"Biopreservation and Biobanking","BIOPRESERV BIOBANK","SAGE PUBLICATIONS INC","1947-5535","1947-5543","MEDICAL LABORATORY TECHNOLOGY","SCIE","1,592","1.7","Q3","0.35","11.67"%,
"Biosurface and Biotribology","BIOSURF BIOTRIBOL","WILEY","2405-4518","2405-4518","ENGINEERING, BIOMEDICAL","ESCI","523","1.7","Q4","0.26","100"%,
"Applied Bionics and Biomechanics","APPL BIONICS BIOMECH","WILEY","1176-2322","1754-2103","ENGINEERING, BIOMEDICAL","SCIE","1,365","1.7","Q4","0.24","100"%,
"Bioinspired Biomimetic and Nanobiomaterials","BIOINSPIR BIOMIM NAN","EMERALD GROUP PUBLISHING LTD","2045-9858","2045-9866","ENGINEERING, BIOMEDICAL","SCIE","289","1.7","Q4","0.2","6.67"%,
"Radiological Physics and Technology","RADIOL PHYS TECHNOL","SPRINGER JAPAN KK","1865-0333","1865-0341","RADIOLOGY, NUCLEAR MEDICINE & MEDICAL IMAGING","ESCI","943","1.6","Q3","0.48","14.58"%,
"Journal of Applied Biomechanics","J APPL BIOMECH","HUMAN KINETICS PUBL INC","1065-8483","1543-2688","ENGINEERING, BIOMEDICAL","SCIE","2,873","1.6","Q4","0.46","0.53"%,
"JOURNAL OF BIOMECHANICAL ENGINEERING-TRANSACTIONS OF THE ASME","J BIOMECH ENG-T ASME","ASME","0148-0731","1528-8951","ENGINEERING, BIOMEDICAL","SCIE","8,105","1.6","Q4","0.46","7.62"%,
"Journal of Ultrasound","J ULTRASOUND","SPRINGER INT PUBL AG","1971-3495","1876-7931","RADIOLOGY, NUCLEAR MEDICINE & MEDICAL IMAGING","ESCI","1,700","1.6","Q3","0.46","27.3"%,
"Polish Journal of Radiology","POL J RADIOL","INT SCIENTIFIC INFORMATION INC","0137-7183","1899-0967","RADIOLOGY, NUCLEAR MEDICINE & MEDICAL IMAGING","ESCI","1,379","1.6","Q3","0.41","99.52"%,
"INTERNATIONAL JOURNAL OF ARTIFICIAL ORGANS","INT J ARTIF ORGANS","SAGE PUBLICATIONS LTD","0391-3988","1724-6040","ENGINEERING, BIOMEDICAL","SCIE","2,454","1.6","Q4","0.38","11.21"%,
"SEMINARS IN ROENTGENOLOGY","SEMIN ROENTGENOL","W B SAUNDERS CO-ELSEVIER INC","0037-198X","1558-4658","RADIOLOGY, NUCLEAR MEDICINE & MEDICAL IMAGING","SCIE","474","1.6","Q3","0.36","16.67"%,
"AIMS Bioengineering","AIMS BIOENG","AMER INST MATHEMATICAL SCIENCES-AIMS","2375-1495","2375-1495","ENGINEERING, BIOMEDICAL","ESCI","317","1.6","Q4","0.27","100"%,
"SURGICAL AND RADIOLOGIC ANATOMY","SURG RADIOL ANAT","SPRINGER FRANCE","0930-1038","1279-8517","RADIOLOGY, NUCLEAR MEDICINE & MEDICAL IMAGING","SCIE","5,558","1.5","Q3","0.66","19.11"%,
"NEUROIMAGING CLINICS OF NORTH AMERICA","NEUROIMAG CLIN N AM","W B SAUNDERS CO-ELSEVIER INC","1052-5149","1557-9867","RADIOLOGY, NUCLEAR MEDICINE & MEDICAL IMAGING","SCIE","1,663","1.5","Q3","0.45","3.88"%,
"JOURNAL OF EVALUATION IN CLINICAL PRACTICE","J EVAL CLIN PRACT","WILEY","1356-1294","1365-2753","MEDICAL INFORMATICS","SCIE","6,609","1.5","Q4","0.42","44.8"%,
"Journal of Medical Imaging and Radiation Oncology","J MED IMAG RADIAT ON","WILEY","1754-9477","1754-9485","RADIOLOGY, NUCLEAR MEDICINE & MEDICAL IMAGING","SCIE","2,228","1.5","Q3","0.42","36.71"%,
"Journal of Nuclear Medicine Technology","J NUCL MED TECHNOL","SOC NUCLEAR MEDICINE INC","0091-4916","1535-5675","RADIOLOGY, NUCLEAR MEDICINE & MEDICAL IMAGING","ESCI","1,383","1.5","Q3","0.42","4.15"%,
"NUKLEARMEDIZIN-NUCLEAR MEDICINE","NUKLEARMED-NUCL MED","GEORG THIEME VERLAG KG","0029-5566","2567-6407","RADIOLOGY, NUCLEAR MEDICINE & MEDICAL IMAGING","SCIE","501","1.5","Q3","0.34","18.52"%,
"RADIOLOGIA","RADIOLOGIA-MADRID","ELSEVIER ESPANA","0033-8338","1578-178X","RADIOLOGY, NUCLEAR MEDICINE & MEDICAL IMAGING","ESCI","755","1.5","Q3","0.32","5.02"%,
"Journal of Contemporary Brachytherapy","J CONTEMP BRACHYTHER","TERMEDIA PUBLISHING HOUSE LTD","1689-832X","2081-2841","RADIOLOGY, NUCLEAR MEDICINE & MEDICAL IMAGING","SCIE","1,041","1.5","Q3","0.31","97.47"%,
"Journal of Ultrasonography","J ULTRASON","Paradigm Publishing Services-De Gruyter Brill Sp Zoo","2084-8404","2451-070X","RADIOLOGY, NUCLEAR MEDICINE & MEDICAL IMAGING","ESCI","715","1.5","Q3","0.31","100"%,
"Medical Devices-Evidence and Research","MED DEVICES-EVID RES","DOVE MEDICAL PRESS LTD","1179-1470","1179-1470","ENGINEERING, BIOMEDICAL","ESCI","1,170","1.5","Q4","0.27","98.29"%,
"SCANDINAVIAN JOURNAL OF CLINICAL & LABORATORY INVESTIGATION","SCAND J CLIN LAB INV","TAYLOR & FRANCIS LTD","0036-5513","1502-7686","MEDICAL LABORATORY TECHNOLOGY","SCIE","3,583","1.4","Q3","0.5","19.84"%,
"Radiology Research and Practice","RADIOL RES PRACT","WILEY","2090-1941","2090-195X","RADIOLOGY, NUCLEAR MEDICINE & MEDICAL IMAGING","ESCI","364","1.4","Q3","0.45","100"%,
"Current Problems in Diagnostic Radiology","CURR PROBL DIAGN RAD","MOSBY-ELSEVIER","0363-0188","0363-0188","RADIOLOGY, NUCLEAR MEDICINE & MEDICAL IMAGING","ESCI","1,488","1.4","Q3","0.44","21.52"%,
"QUARTERLY JOURNAL OF NUCLEAR MEDICINE AND MOLECULAR IMAGING","Q J NUCL MED MOL IM","EDIZIONI MINERVA MEDICA","1824-4785","1827-1936","RADIOLOGY, NUCLEAR MEDICINE & MEDICAL IMAGING","SCIE","655","1.4","Q3","0.42","5.68"%,
"NUCLEAR MEDICINE COMMUNICATIONS","NUCL MED COMMUN","LIPPINCOTT WILLIAMS & WILKINS","0143-3636","1473-5628","RADIOLOGY, NUCLEAR MEDICINE & MEDICAL IMAGING","SCIE","2,835","1.4","Q3","0.41","16.38"%,
"JOURNAL OF COMPUTER ASSISTED TOMOGRAPHY","J COMPUT ASSIST TOMO","LIPPINCOTT WILLIAMS & WILKINS","0363-8715","1532-3145","RADIOLOGY, NUCLEAR MEDICINE & MEDICAL IMAGING","SCIE","4,055","1.4","Q3","0.4","9.38"%,
"Advances in Laboratory Medicine-Avances en Medicina de Laboratorio","ADV LAB MED","WALTER DE GRUYTER GMBH","N/A","2628-491X","MEDICAL LABORATORY TECHNOLOGY","ESCI","364","1.4","Q3","0.38","100"%,
"SEMINARS IN MUSCULOSKELETAL RADIOLOGY","SEMIN MUSCULOSKEL R","THIEME MEDICAL PUBL INC","1089-7860","1098-898X","RADIOLOGY, NUCLEAR MEDICINE & MEDICAL IMAGING","SCIE","1,259","1.4","Q3","0.36","3.41"%,
"Clinical and Translational Imaging","CLIN TRANSL IMAGING","SPRINGER-VERLAG ITALIA SRL","2281-5872","2281-7565","RADIOLOGY, NUCLEAR MEDICINE & MEDICAL IMAGING","SCIE","796","1.4","Q3","0.34","21.12"%,
"BIOMECHANICS","BIOMECHANICS-BASEL","MDPI","N/A","2673-7078","ENGINEERING, BIOMEDICAL","ESCI","333","1.4","Q4","0.33","100"%,
"Online Journal of Public Health Informatics","ONLINE J PUBLIC HLTH","JMIR PUBLICATIONS, INC","N/A","1947-2579","MEDICAL INFORMATICS","ESCI","494","1.4","Q4","0.3","100"%,
"Journal of the Belgian Society of Radiology","J BELG SOC RADIOL","UBIQUITY PRESS LTD","2514-8281","2514-8281","RADIOLOGY, NUCLEAR MEDICINE & MEDICAL IMAGING","SCIE","477","1.4","Q3","0.21","100"%,
"APPLIED IMMUNOHISTOCHEMISTRY & MOLECULAR MORPHOLOGY","APPL IMMUNOHISTO M M","LIPPINCOTT WILLIAMS & WILKINS","1541-2016","1533-4058","MEDICAL LABORATORY TECHNOLOGY","SCIE","2,097","1.3","Q4","0.64","14"%,
"JOURNAL OF THORACIC IMAGING","J THORAC IMAG","LIPPINCOTT WILLIAMS & WILKINS","0883-5993","1536-0237","RADIOLOGY, NUCLEAR MEDICINE & MEDICAL IMAGING","SCIE","1,637","1.3","Q4","0.53","18.13"%,
"TECHNOLOGY AND HEALTH CARE","TECHNOL HEALTH CARE","SAGE PUBLICATIONS INC","0928-7329","1878-7401","ENGINEERING, BIOMEDICAL","SCIE","2,878","1.3","Q4","0.38","1.91"%,
"Cancer Radiotherapie","CANCER RADIOTHER","ELSEVIER","1278-3218","1769-6658","RADIOLOGY, NUCLEAR MEDICINE & MEDICAL IMAGING","SCIE","1,497","1.3","Q4","0.37","19.74"%,
"JOURNAL OF CLINICAL ULTRASOUND","J CLIN ULTRASOUND","WILEY","0091-2751","1097-0096","RADIOLOGY, NUCLEAR MEDICINE & MEDICAL IMAGING","SCIE","2,800","1.3","Q4","0.32","12.88"%,
"Journal of Medical Ultrasound","J MED ULTRASOUND","WOLTERS KLUWER MEDKNOW PUBLICATIONS","0929-6441","2212-1552","RADIOLOGY, NUCLEAR MEDICINE & MEDICAL IMAGING","ESCI","665","1.3","Q4","0.27","100"%,
"PACE-PACING AND CLINICAL ELECTROPHYSIOLOGY","PACE","WILEY","0147-8389","1540-8159","ENGINEERING, BIOMEDICAL","SCIE","4,887","1.3","Q4","0.27","26.57"%,
"Biomedical Engineering-Biomedizinische Technik","BIOMED ENG-BIOMED TE","WALTER DE GRUYTER GMBH","0013-5585","1862-278X","ENGINEERING, BIOMEDICAL","SCIE","1,359","1.3","Q4","0.25","40.56"%,
"Biomedical Engineering-Biomedizinische Technik","BIOMED ENG-BIOMED TE","WALTER DE GRUYTER GMBH","0013-5585","1862-278X","MEDICAL INFORMATICS","SCIE","1,359","1.3","Q4","0.25","40.56"%,
"BIO-MEDICAL MATERIALS AND ENGINEERING","BIO-MED MATER ENG","SAGE PUBLICATIONS INC","0959-2989","1878-3619","ENGINEERING, BIOMEDICAL","SCIE","1,395","1.3","Q4","0.23","2.42"%,
"Progress in Biomaterials","PROG BIOMATER","OICC Press","2194-0509","2194-0517","ENGINEERING, BIOMEDICAL","SCIE","1,370","1.2","Q4","0.54","1.89"%,
"Current Radiology Reports","CURR RADIOL REP","SPRINGERNATURE","N/A","2167-4825","RADIOLOGY, NUCLEAR MEDICINE & MEDICAL IMAGING","ESCI","355","1.2","Q4","0.41","40.74"%,
"Emergency Radiology","EMERG RADIOL","SPRINGER HEIDELBERG","1070-3004","1438-1435","RADIOLOGY, NUCLEAR MEDICINE & MEDICAL IMAGING","ESCI","1,798","1.2","Q4","0.39","19.18"%,
"HEALTH PHYSICS","HEALTH PHYS","LIPPINCOTT WILLIAMS & WILKINS","0017-9078","1538-5159","RADIOLOGY, NUCLEAR MEDICINE & MEDICAL IMAGING","SCIE","4,478","1.2","Q4","0.38","13.16"%,
"SEMINARS IN INTERVENTIONAL RADIOLOGY","SEMIN INTERVENT RAD","THIEME MEDICAL PUBL INC","0739-9529","1098-8963","RADIOLOGY, NUCLEAR MEDICINE & MEDICAL IMAGING","SCIE","2,159","1.2","Q4","0.34","0"%,
"ACTA RADIOLOGICA","ACTA RADIOL","SAGE PUBLICATIONS LTD","0284-1851","1600-0455","RADIOLOGY, NUCLEAR MEDICINE & MEDICAL IMAGING","SCIE","4,771","1.2","Q4","0.33","3.39"%,
"Journal of Visual Communication in Medicine","J VIS COMMUN MED","TAYLOR & FRANCIS LTD","1745-3054","1745-3062","RADIOLOGY, NUCLEAR MEDICINE & MEDICAL IMAGING","ESCI","242","1.2","Q4","0.33","14.58"%,
"JOURNAL OF ARTIFICIAL ORGANS","J ARTIF ORGANS","SPRINGER JAPAN KK","1434-7229","1619-0904","ENGINEERING, BIOMEDICAL","SCIE","969","1.2","Q4","0.32","28.57"%,
"Revista Espanola de Medicina Nuclear e Imagen Molecular","REV ESP MED NUCL IMA","ELSEVIER ESPANA SLU","2253-654X","N/A","RADIOLOGY, NUCLEAR MEDICINE & MEDICAL IMAGING","SCIE","484","1.2","Q4","0.29","6.35"%,
"World Journal of Radiology","WORLD J RADIOL","BAISHIDENG PUBLISHING GROUP INC","1949-8470","1949-8470","RADIOLOGY, NUCLEAR MEDICINE & MEDICAL IMAGING","ESCI","1,394","1.2","Q4","0.28","100"%,
"Interventional Radiology","INTERV RADIOL-HIGASH","JAPANESE SOC INTERVENTIONAL RADIOLOGY","N/A","2432-0935","RADIOLOGY, NUCLEAR MEDICINE & MEDICAL IMAGING","ESCI","132","1.2","Q4","0.24","98.51"%,
"NUCLEAR MEDICINE REVIEW","NUCL MED REV","VIA MEDICA","1506-9680","1644-4345","RADIOLOGY, NUCLEAR MEDICINE & MEDICAL IMAGING","ESCI","264","1.2","Q4","0.23","98.33"%,
"IEEE Pulse","IEEE PULSE","IEEE-INST ELECTRICAL ELECTRONICS ENGINEERS INC","2154-2287","2154-2317","ENGINEERING, BIOMEDICAL","SCIE","331","1.2","Q4","0.05","0"%,
"ANNALS OF CLINICAL BIOCHEMISTRY","ANN CLIN BIOCHEM","SAGE PUBLICATIONS INC","0004-5632","1758-1001","MEDICAL LABORATORY TECHNOLOGY","SCIE","3,545","1.1","Q4","0.47","5.82"%,
"Journal of Clinical Imaging Science","J CLIN IMAG SCI","SCIENTIFIC SCHOLAR LLC","2156-7514","2156-5597","RADIOLOGY, NUCLEAR MEDICINE & MEDICAL IMAGING","ESCI","826","1.1","Q4","0.33","92.48"%,
"Ultrasound Quarterly","ULTRASOUND Q","LIPPINCOTT WILLIAMS & WILKINS","0894-8771","1536-0253","RADIOLOGY, NUCLEAR MEDICINE & MEDICAL IMAGING","SCIE","759","1.1","Q4","0.33","12.12"%,
"Current Medical Imaging","CURR MED IMAGING","BENTHAM SCIENCE PUBL LTD","1573-4056","1875-6603","RADIOLOGY, NUCLEAR MEDICINE & MEDICAL IMAGING","SCIE","1,778","1.1","Q4","0.32","79.79"%,
"Indian Journal of Radiology and Imaging","INDIAN J RADIOL IMAG","THIEME MEDICAL PUBL INC","0971-3026","1998-3808","RADIOLOGY, NUCLEAR MEDICINE & MEDICAL IMAGING","ESCI","1,589","1.1","Q4","0.29","99.06"%,
"Journal of Medical Physics","J MED PHYS","WOLTERS KLUWER MEDKNOW PUBLICATIONS","0971-6203","1998-3913","RADIOLOGY, NUCLEAR MEDICINE & MEDICAL IMAGING","ESCI","944","1.1","Q4","0.29","100"%,
"LABORATORY MEDICINE","LAB MED","OXFORD UNIV PRESS","0007-5027","1943-7730","MEDICAL LABORATORY TECHNOLOGY","SCIE","1,728","1","Q4","0.44","10.48"%,
"Journal of Radiation Protection and Research","J RADIAT PROT RES","KOREAN ASSOC RADIATION PROTECTION-KARP","2508-1888","2466-2461","RADIOLOGY, NUCLEAR MEDICINE & MEDICAL IMAGING","ESCI","221","1","Q4","0.3","100"%,
"SA Journal of Radiology","SA J RADIOL","AOSIS","1027-202X","2078-6778","RADIOLOGY, NUCLEAR MEDICINE & MEDICAL IMAGING","ESCI","320","1","Q4","0.24","100"%,
"World Journal of Nuclear Medicine","WORLD J NUCL MED","THIEME MEDICAL PUBL INC","1450-1147","1607-3312","RADIOLOGY, NUCLEAR MEDICINE & MEDICAL IMAGING","ESCI","518","1","Q4","0.23","100"%,
"Acta of Bioengineering and Biomechanics","ACTA BIOENG BIOMECH","Paradigm Publishing Services-De Gruyter Brill Sp Zoo","1509-409X","2450-6303","ENGINEERING, BIOMEDICAL","SCIE","1,003","1","Q4","0.22","93.55"%,
"Journal of Biomechanical Science and Engineering","J BIOMECH SCI ENG","JAPAN SOC MECHANICAL ENGINEERS","N/A","1880-9863","ENGINEERING, BIOMEDICAL","ESCI","242","1","Q4","0.22","100"%,
"BIOMEDICAL ENGINEERING-APPLICATIONS BASIS COMMUNICATIONS","BIOMED ENG-APP BAS C","WORLD SCIENTIFIC PUBL CO PTE LTD","1016-2372","1793-7132","ENGINEERING, BIOMEDICAL","ESCI","402","1","Q4","0.15","1.07"%,
"ANNALS OF CLINICAL AND LABORATORY SCIENCE","ANN CLIN LAB SCI","ASSOC CLINICAL SCIENTISTS","0091-7370","1550-8080","MEDICAL LABORATORY TECHNOLOGY","SCIE","1,960","0.9","Q4","0.45","0"%,
"DIAGNOSTIC CYTOPATHOLOGY","DIAGN CYTOPATHOL","WILEY","8755-1039","1097-0339","MEDICAL LABORATORY TECHNOLOGY","SCIE","2,918","0.9","Q4","0.41","22.12"%,
"Acta Radiologica Open","ACTA RADIOL OPEN","SAGE PUBLICATIONS LTD","N/A","2058-4601","RADIOLOGY, NUCLEAR MEDICINE & MEDICAL IMAGING","ESCI","534","0.9","Q4","0.3","100"%,
"Forensic Imaging","FOREN IMAG","ELSEVIER","2666-2264","2666-2256","RADIOLOGY, NUCLEAR MEDICINE & MEDICAL IMAGING","ESCI","251","0.9","Q4","0.3","35.09"%,
"Molecular Imaging and Radionuclide Therapy","MOL IMAGING RADIONUC","GALENOS PUBL HOUSE","2146-1414","2147-1959","RADIOLOGY, NUCLEAR MEDICINE & MEDICAL IMAGING","ESCI","339","0.9","Q4","0.26","100"%,
"Egyptian Journal of Radiology and Nuclear Medicine","EGYPT J RADIOL NUC M","SPRINGER","N/A","2090-4762","RADIOLOGY, NUCLEAR MEDICINE & MEDICAL IMAGING","ESCI","1,531","0.9","Q4","0.22","100"%,
"Chinese Journal of Academic Radiology","CHINESE J ACAD RADIO","SPRINGERNATURE","2520-8985","2520-8993","RADIOLOGY, NUCLEAR MEDICINE & MEDICAL IMAGING","ESCI","109","0.9","Q4","0.19","11.7"%,
"International Journal of Biomedical Engineering and Technology","INT J BIOMED ENG TEC","INDERSCIENCE ENTERPRISES LTD","1752-6418","1752-6426","ENGINEERING, BIOMEDICAL","ESCI","394","0.9","Q4","0.15","0"%,
"ISOKINETICS AND EXERCISE SCIENCE","ISOKINET EXERC SCI","SAGE PUBLICATIONS INC","0959-3020","1878-5913","ENGINEERING, BIOMEDICAL","SCIE","719","0.8","Q4","0.27","3.33"%,
"Polish Journal of Medical Physics and Engineering","POL J MED PHYS ENG","Paradigm Publishing Services-De Gruyter Brill Sp Zoo","1898-0309","1898-0309","RADIOLOGY, NUCLEAR MEDICINE & MEDICAL IMAGING","ESCI","218","0.8","Q4","0.24","100"%,
"RADIATION PROTECTION DOSIMETRY","RADIAT PROT DOSIM","OXFORD UNIV PRESS","0144-8420","1742-3406","RADIOLOGY, NUCLEAR MEDICINE & MEDICAL IMAGING","SCIE","6,239","0.8","Q4","0.24","10.74"%,
"Hellenic Journal of Nuclear Medicine","HELL J NUCL MED","HELLENIC SOC NUCLEAR MEDICINE","1108-1430","1790-5427","RADIOLOGY, NUCLEAR MEDICINE & MEDICAL IMAGING","SCIE","443","0.8","Q4","0.23","0"%,
"WFUMB Ultrasound Open","WFUMB ULTRASOUND OP","ELSEVIER","N/A","2949-6683","RADIOLOGY, NUCLEAR MEDICINE & MEDICAL IMAGING","ESCI","54","0.8","Q4","0.22","100"%,
"Journal of Medical Devices-Transactions of the ASME","J MED DEVICES","ASME","1932-6181","1932-619X","ENGINEERING, BIOMEDICAL","SCIE","779","0.8","Q4","0.15","4.11"%,
"Journal of Cytology","J CYTOL","WOLTERS KLUWER MEDKNOW PUBLICATIONS","0970-9371","0974-5165","MEDICAL LABORATORY TECHNOLOGY","SCIE","590","0.7","Q4","0.32","100"%,
"Clinical Laboratory","CLIN LAB","CLIN LAB PUBL","1433-6510","1433-6510","MEDICAL LABORATORY TECHNOLOGY","SCIE","2,732","0.7","Q4","0.24","0"%,
"Ultrasound","ULTRASOUND","SAGE PUBLICATIONS LTD","1742-271X","1743-1344","RADIOLOGY, NUCLEAR MEDICINE & MEDICAL IMAGING","ESCI","588","0.7","Q4","0.23","13.33"%,
"Journal of the Korean Society of Radiology","J KOREAN SOC RADIOL","KOREAN SOCIETY OF RADIOLOGY","N/A","2951-0805","RADIOLOGY, NUCLEAR MEDICINE & MEDICAL IMAGING","ESCI","523","0.7","Q4","0.16","99.12"%,
"Radiologie","RADIOLOGIE","SPRINGER HEIDELBERG","2731-7048","2731-7056","RADIOLOGY, NUCLEAR MEDICINE & MEDICAL IMAGING","SCIE","749","0.7","Q4","0.15","15.71"%,
"Journal of Radiotherapy in Practice","J RADIOTHER PRACT","CAMBRIDGE UNIV PRESS","1460-3969","1467-1131","RADIOLOGY, NUCLEAR MEDICINE & MEDICAL IMAGING","ESCI","365","0.7","Q4","0.13","69.49"%,
"Advanced Biomedical Engineering","ADV BIOMED ENG","JAPANESE SOC MEDICAL & BIOLOGICAL ENGINEERING","2187-5219","2187-5219","ENGINEERING, BIOMEDICAL","ESCI","198","0.7","Q4","0.12","100"%,
"Current Cardiovascular Imaging Reports","CURR CARDIOVASC IMAG","SPRINGER","1941-9066","1941-9074","RADIOLOGY, NUCLEAR MEDICINE & MEDICAL IMAGING","ESCI","239","0.6","Q4","0.17","45.95"%,
"Investigative Magnetic Resonance Imaging","INVEST MAGN RESON IM","Korean Soc Magnetic Resonance Medicine","N/A","2384-1109","RADIOLOGY, NUCLEAR MEDICINE & MEDICAL IMAGING","ESCI","210","0.6","Q4","0.17","100"%,
"Journal of Mechanics in Medicine and Biology","J MECH MED BIOL","WORLD SCIENTIFIC PUBL CO PTE LTD","0219-5194","1793-6810","ENGINEERING, BIOMEDICAL","SCIE","1,302","0.6","Q4","0.15","35.48"%,
"BJR Case Reports","BJR CASE REP","OXFORD UNIV PRESS","2055-7159","2055-7159","RADIOLOGY, NUCLEAR MEDICINE & MEDICAL IMAGING","ESCI","458","0.6","Q4","0.14","96.11"%,
"International Journal of Radiation Research","INT J RADIAT RES","IJRR-IRANIAN JOURNAL RADIATION RES","2322-3243","2322-3243","RADIOLOGY, NUCLEAR MEDICINE & MEDICAL IMAGING","SCIE","690","0.6","Q4","0.14","41.82"%,
"Radiologic Technology","RADIOL TECHNOL","AMER SOC RADIOLOGIC TECHNOLOGISTS","0033-8397","1943-5657","RADIOLOGY, NUCLEAR MEDICINE & MEDICAL IMAGING","ESCI","546","0.6","Q4","0.13","0"%,
"Journal of Biomimetics Biomaterials and Biomedical Engineering","J BIOMIM BIOMATER BI","TRANS TECH PUBLICATIONS LTD","2296-9837","2296-9845","ENGINEERING, BIOMEDICAL","ESCI","241","0.6","Q4","0.1","100"%,
"Applied Radiology","APPL RADIOL","ANDERSON PUBLISHING, INC","0160-9963","1879-2898","RADIOLOGY, NUCLEAR MEDICINE & MEDICAL IMAGING","ESCI","160","0.6","Q4","0.06","0"%,
"International Journal of Healthcare Information Systems and Informatics","INT J HEALTHC INF SY","IGI GLOBAL","1555-3396","1555-340X","MEDICAL INFORMATICS","ESCI","168","0.5","Q4","0.1","100"%,
"Journal of Hard Tissue Biology","J HARD TISSUE BIOL","JOURNAL HARD TISSUE BIOLOGY","1341-7649","1341-7649","ENGINEERING, BIOMEDICAL","SCIE","231","0.5","Q4","0.09","17.2"%,
"ANNALES DE BIOLOGIE CLINIQUE","ANN BIOL CLIN-PARIS","JLE","0003-3898","1950-6112","MEDICAL LABORATORY TECHNOLOGY","SCIE","592","0.4","Q4","0.13","2.27"%,
"Sonography","SONOGRAPHY-AUST","WILEY","2202-8323","2054-6750","RADIOLOGY, NUCLEAR MEDICINE & MEDICAL IMAGING","ESCI","149","0.4","Q4","0.13","24.14"%,
"Indian Journal of Nuclear Medicine","INDIAN J NUCL MED","SCIENTIFIC SCHOLAR PRIVATE LTD","0972-3919","0974-0244","RADIOLOGY, NUCLEAR MEDICINE & MEDICAL IMAGING","ESCI","523","0.4","Q4","0.1","83.53"%,
"JOURNAL OF DIAGNOSTIC MEDICAL SONOGRAPHY","J DIAGN MED SONOG","SAGE PUBLICATIONS INC","8756-4793","1552-5430","RADIOLOGY, NUCLEAR MEDICINE & MEDICAL IMAGING","ESCI","572","0.4","Q4","0.1","8.94"%,
"CONCEPTS IN MAGNETIC RESONANCE PART A","CONCEPT MAGN RESON A","WILEY","1546-6086","1552-5023","RADIOLOGY, NUCLEAR MEDICINE & MEDICAL IMAGING","SCIE","472","0.4","Q4","0.08","100"%,
"Iranian Journal of Nuclear Medicine","IRAN J NUCL MED","TEHRAN UNIV MEDICAL SCIENCES PUBL","1681-2824","2008-2509","RADIOLOGY, NUCLEAR MEDICINE & MEDICAL IMAGING","ESCI","74","0.3","Q4","0.09","0"%,
"BIOMEDICAL ENGINEERING","BIOMED ENG-MEDIT TEK","SPRINGER","0006-3398","1573-8256","ENGINEERING, BIOMEDICAL","ESCI","233","0.3","Q4","0.05","0"%,
"Hong Kong Journal of Radiology","HONG KONG J RADIOL","HONG KONG ACAD MEDICINE PRESS","2223-6619","2307-4620","RADIOLOGY, NUCLEAR MEDICINE & MEDICAL IMAGING","ESCI","98","0.3","Q4","0.05","98.44"%,
"Iranian Journal of Radiology","IRAN J RADIOL","BRIEFLANDS","1735-1065","2008-2711","RADIOLOGY, NUCLEAR MEDICINE & MEDICAL IMAGING","SCIE","394","0.1","Q4","0.07","79.75"%,
"ACTA BIOQUIMICA CLINICA LATINOAMERICANA","ACTA BIOQUIM CLIN L","FEDERACION BIOQUIMICA PROVINCIA BUENOS AIRES","0325-2957","1851-6114","MEDICAL LABORATORY TECHNOLOGY","SCIE","79","<0.1","Q4","0.02","0"%,
"Imagen Diagnostica","IMAGEN DIAGN","ASOC CATALANA TECNICOS ESPECIALISTAS & DIAGNOSTICO IMAGEN-ACTEDI","2171-3669","2171-9705","RADIOLOGY, NUCLEAR MEDICINE & MEDICAL IMAGING","ESCI","6","<0.1","Q4","0.02","0"%,
"Imagerie de la Femme","IMAG FEMME","ELSEVIER MASSON, CORP OFF","1776-9817","2214-8485","RADIOLOGY, NUCLEAR MEDICINE & MEDICAL IMAGING","ESCI","22","<0.1","Q4","0.02","12.64"%,
"Contemporary Diagnostic Radiology","CONTEMP DIAGN RADIOL","LIPPINCOTT WILLIAMS & WILKINS","0149-9009","1938-1395","RADIOLOGY, NUCLEAR MEDICINE & MEDICAL IMAGING","ESCI","22","<0.1","Q4","0.01","0"%,
"International Journal of E-Health and Medical Communications","INT J E-HEALTH MED C","IGI GLOBAL","1947-315X","1947-3168","MEDICAL INFORMATICS","ESCI","340","N/A","N/A","1.2","100"%,
"Research in Biomedical Engineering and Technology","RES BIOMED ENG TECH","TAYLOR & FRANCIS LTD","N/A","2996-0355","ENGINEERING, BIOMEDICAL","ESCI","0","N/A","N/A","N/A","0"%,

Copyright (c) 2026 Clarivate 
By exporting the selected data; you agree to the data usage policy set forth in the Terms of Use 
