"Journal Data Filtered By:  Selected Categories: BIOTECHNOLOGY & APPLIED MICROBIOLOGY;MICROBIOLOGY;VIROLOGY Selected Editions: SCIE;SSCI;AHCI;ESCI Selected JCR Year: 2025 Selected Category Schema: WOS Selected Open Access: N Indicator: Default"

Journal name,JCR Abbreviation,Publisher,ISSN,eISSN,Category,Edition,Total Citations,2025 JIF,JIF Quartile,2025 JCI,% of Citable OA
"NATURE REVIEWS MICROBIOLOGY","NAT REV MICROBIOL","NATURE PORTFOLIO","1740-1526","1740-1534","MICROBIOLOGY","SCIE","71,046","104.6","Q1","9.49","0"%,
"NATURE REVIEWS DRUG DISCOVERY","NAT REV DRUG DISCOV","NATURE PORTFOLIO","1474-1776","1474-1784","BIOTECHNOLOGY & APPLIED MICROBIOLOGY","SCIE","57,448","91.2","Q1","10.92","6.48"%,
"NATURE BIOTECHNOLOGY","NAT BIOTECHNOL","NATURE PORTFOLIO","1087-0156","1546-1696","BIOTECHNOLOGY & APPLIED MICROBIOLOGY","SCIE","111,118","44.5","Q1","8.43","48.92"%,
"iMeta","IMETA","WILEY","2770-5986","2770-596X","MICROBIOLOGY","SCIE","7,646","44.4","Q1","6.78","100"%,
"Cell Host & Microbe","CELL HOST MICROBE","CELL PRESS","1931-3128","1934-6069","MICROBIOLOGY","SCIE","36,971","23.2","Q1","5.74","37.41"%,
"Cell Host & Microbe","CELL HOST MICROBE","CELL PRESS","1931-3128","1934-6069","VIROLOGY","SCIE","36,971","23.2","Q1","5.74","37.41"%,
"Lancet Microbe","LANCET MICROBE","ELSEVIER","N/A","2666-5247","MICROBIOLOGY","SCIE","8,267","21.9","Q1","3.69","99.68"%,
"CLINICAL MICROBIOLOGY REVIEWS","CLIN MICROBIOL REV","AMER SOC MICROBIOLOGY","0893-8512","1098-6618","MICROBIOLOGY","SCIE","27,202","20.7","Q1","1.97","5.19"%,
"Nature Microbiology","NAT MICROBIOL","NATURE PORTFOLIO","2058-5276","2058-5276","MICROBIOLOGY","SCIE","32,131","18.7","Q1","4.62","45.63"%,
"TRENDS IN MICROBIOLOGY","TRENDS MICROBIOL","CELL PRESS","0966-842X","1878-4380","MICROBIOLOGY","SCIE","21,555","18.7","Q1","1.65","33.06"%,
"FEMS MICROBIOLOGY REVIEWS","FEMS MICROBIOL REV","OXFORD UNIV PRESS","0168-6445","1574-6976","MICROBIOLOGY","SCIE","19,031","16.9","Q1","1.46","79.11"%,
"TRENDS IN BIOTECHNOLOGY","TRENDS BIOTECHNOL","CELL PRESS","0167-7799","1879-3096","BIOTECHNOLOGY & APPLIED MICROBIOLOGY","SCIE","21,544","16.6","Q1","1.64","28.57"%,
"Gut Microbes","GUT MICROBES","TAYLOR & FRANCIS INC","1949-0976","1949-0984","MICROBIOLOGY","SCIE","29,335","15.3","Q1","2.8","100"%,
"REVIEWS IN ENVIRONMENTAL SCIENCE AND BIO-TECHNOLOGY","REV ENVIRON SCI BIO","SPRINGER","1569-1705","1572-9826","BIOTECHNOLOGY & APPLIED MICROBIOLOGY","SCIE","6,785","15.1","Q1","1.12","30.63"%,
"JOURNAL OF NANOBIOTECHNOLOGY","J NANOBIOTECHNOL","BMC","N/A","1477-3155","BIOTECHNOLOGY & APPLIED MICROBIOLOGY","SCIE","44,212","15","Q1","1.98","100"%,
"Microbiome","MICROBIOME","BMC","2049-2618","2049-2618","MICROBIOLOGY","SCIE","35,895","14.9","Q1","3.48","100"%,
"BIOTECHNOLOGY ADVANCES","BIOTECHNOL ADV","PERGAMON-ELSEVIER SCIENCE LTD","0734-9750","1873-1899","BIOTECHNOLOGY & APPLIED MICROBIOLOGY","SCIE","29,250","14.1","Q1","1.38","24.36"%,
"npj Antimicrobials and Resistance","NPJ ANTIMICROB RESIS","SPRINGERNATURE","N/A","2731-8745","MICROBIOLOGY","ESCI","1,147","13.6","Q1","1.94","100"%,
"PLANT BIOTECHNOLOGY JOURNAL","PLANT BIOTECHNOL J","WILEY","1467-7644","1467-7652","BIOTECHNOLOGY & APPLIED MICROBIOLOGY","SCIE","25,693","12.8","Q1","2.29","100"%,
"Annual Review of Animal Biosciences","ANNU REV ANIM BIOSCI","ANNUAL REVIEWS","2165-8102","2165-8110","BIOTECHNOLOGY & APPLIED MICROBIOLOGY","SCIE","2,743","12.3","Q1","1.89","98.21"%,
"Annual Review of Microbiology","ANNU REV MICROBIOL","ANNUAL REVIEWS","0066-4227","1545-3251","MICROBIOLOGY","SCIE","10,883","12.2","Q1","1","100"%,
"BIOSENSORS & BIOELECTRONICS","BIOSENS BIOELECTRON","ELSEVIER ADVANCED TECHNOLOGY","0956-5663","1873-4235","BIOTECHNOLOGY & APPLIED MICROBIOLOGY","SCIE","85,537","11.8","Q1","2.19","14.4"%,
"MICROBIOLOGY AND MOLECULAR BIOLOGY REVIEWS","MICROBIOL MOL BIOL R","AMER SOC MICROBIOLOGY","1092-2172","1098-5557","MICROBIOLOGY","SCIE","14,814","11.8","Q1","1","3.23"%,
"MOLECULAR THERAPY","MOL THER","CELL PRESS","1525-0016","1525-0024","BIOTECHNOLOGY & APPLIED MICROBIOLOGY","SCIE","32,897","11.4","Q1","2.57","35.37"%,
"npj Biofilms and Microbiomes","NPJ BIOFILMS MICROBI","NATURE PORTFOLIO","N/A","2055-5008","BIOTECHNOLOGY & APPLIED MICROBIOLOGY","SCIE","7,589","11.4","Q1","2.23","100"%,
"npj Biofilms and Microbiomes","NPJ BIOFILMS MICROBI","NATURE PORTFOLIO","N/A","2055-5008","MICROBIOLOGY","SCIE","7,589","11.4","Q1","2.23","100"%,
"ISME Journal","ISME J","OXFORD UNIV PRESS","1751-7362","1751-7370","MICROBIOLOGY","SCIE","45,940","10.2","Q1","2.47","93.32"%,
"GENOME BIOLOGY","GENOME BIOL","BMC","1474-760X","1474-760X","BIOTECHNOLOGY & APPLIED MICROBIOLOGY","SCIE","80,904","9.2","Q1","2.38","100"%,
"Advanced Biotechnology","ADV BIOTECHNOL-SING","SPRINGERNATURE","N/A","2948-2801","BIOTECHNOLOGY & APPLIED MICROBIOLOGY","ESCI","468","8.8","Q1","1.04","100"%,
"CLINICAL MICROBIOLOGY AND INFECTION","CLIN MICROBIOL INFEC","ELSEVIER SCI LTD","1198-743X","1469-0691","MICROBIOLOGY","SCIE","27,908","8.7","Q1","1.93","34.3"%,
"CRITICAL REVIEWS IN BIOTECHNOLOGY","CRIT REV BIOTECHNOL","TAYLOR & FRANCIS LTD","0738-8551","1549-7801","BIOTECHNOLOGY & APPLIED MICROBIOLOGY","SCIE","9,397","8.7","Q1","0.85","8.74"%,
"Current Opinion in Chemical Engineering","CURR OPIN CHEM ENG","ELSEVIER SCI LTD","2211-3398","2211-3398","BIOTECHNOLOGY & APPLIED MICROBIOLOGY","SCIE","6,037","8.6","Q1","1.29","34.2"%,
"MICROBIOLOGICAL RESEARCH","MICROBIOL RES","ELSEVIER GMBH","0944-5013","1618-0623","MICROBIOLOGY","SCIE","16,931","8.5","Q1","1.42","24.29"%,
"aBIOTECH","ABIOTECH","ELSEVIER","2096-6326","2662-1738","BIOTECHNOLOGY & APPLIED MICROBIOLOGY","ESCI","1,151","8.5","Q1","0.94","92.37"%,
"CLINICAL INFECTIOUS DISEASES","CLIN INFECT DIS","OXFORD UNIV PRESS INC","1058-4838","1537-6591","MICROBIOLOGY","SCIE","77,853","8.3","Q1","1.88","45.32"%,
"BIORESOURCE TECHNOLOGY","BIORESOURCE TECHNOL","ELSEVIER SCI LTD","0960-8524","1873-2976","BIOTECHNOLOGY & APPLIED MICROBIOLOGY","SCIE","174,669","8.2","Q1","1.5","14.07"%,
"CURRENT OPINION IN MICROBIOLOGY","CURR OPIN MICROBIOL","CURRENT BIOLOGY LTD","1369-5274","1879-0364","MICROBIOLOGY","SCIE","13,949","8","Q1","0.75","57.36"%,
"CURRENT OPINION IN BIOTECHNOLOGY","CURR OPIN BIOTECH","ELSEVIER SCI LTD","0958-1669","1879-0429","BIOTECHNOLOGY & APPLIED MICROBIOLOGY","SCIE","19,937","7.8","Q1","0.87","46.49"%,
"Annual Review of Virology","ANNU REV VIROL","ANNUAL REVIEWS","2327-056X","2327-0578","VIROLOGY","SCIE","3,117","7.4","Q1","1.07","98.55"%,
"METABOLIC ENGINEERING","METAB ENG","ACADEMIC PRESS INC ELSEVIER SCIENCE","1096-7176","1096-7184","BIOTECHNOLOGY & APPLIED MICROBIOLOGY","SCIE","13,071","7.3","Q1","1.71","34.16"%,
"Environmental Technology & Innovation","ENVIRON TECHNOL INNO","ELSEVIER","2352-1864","2352-1864","BIOTECHNOLOGY & APPLIED MICROBIOLOGY","SCIE","22,886","7.3","Q1","1.29","99.94"%,
"BioDesign Research","BIODESIGN RES","ELSEVIER SCIENCE INC","2693-1257","2693-1257","BIOTECHNOLOGY & APPLIED MICROBIOLOGY","ESCI","578","7.2","Q1","0.85","100"%,
"Emerging Microbes & Infections","EMERG MICROBES INFEC","TAYLOR & FRANCIS LTD","N/A","2222-1751","MICROBIOLOGY","SCIE","11,908","7","Q1","1.93","100"%,
"BIOMASS & BIOENERGY","BIOMASS BIOENERG","PERGAMON-ELSEVIER SCIENCE LTD","0961-9534","1873-2909","BIOTECHNOLOGY & APPLIED MICROBIOLOGY","SCIE","26,239","7","Q1","1.18","24.39"%,
"CRITICAL REVIEWS IN MICROBIOLOGY","CRIT REV MICROBIOL","TAYLOR & FRANCIS LTD","1040-841X","1549-7828","MICROBIOLOGY","SCIE","6,021","7","Q1","0.63","16.03"%,
"Sensors and Actuators Reports","SENSOR ACTUATOR REP","ELSEVIER","2666-0539","2666-0539","BIOTECHNOLOGY & APPLIED MICROBIOLOGY","SCIE","2,275","6.9","Q1","1.31","99.26"%,
"Virulence","VIRULENCE","TAYLOR & FRANCIS INC","2150-5594","2150-5608","MICROBIOLOGY","SCIE","10,048","6.8","Q1","1.12","100"%,
"Biofilm","BIOFILM","ELSEVIER","2590-2075","2590-2075","MICROBIOLOGY","ESCI","1,835","6.7","Q1","1.59","100"%,
"Journal of Oral Microbiology","J ORAL MICROBIOL","TAYLOR & FRANCIS LTD","N/A","2000-2297","MICROBIOLOGY","SCIE","2,992","6.7","Q1","1.11","100"%,
"Microbial Biotechnology","MICROB BIOTECHNOL","WILEY","1751-7915","1751-7915","BIOTECHNOLOGY & APPLIED MICROBIOLOGY","SCIE","10,793","6.7","Q1","1.11","100"%,
"Microbial Biotechnology","MICROB BIOTECHNOL","WILEY","1751-7915","1751-7915","MICROBIOLOGY","SCIE","10,793","6.7","Q1","1.11","100"%,
"Current Research in Biotechnology","CURR RES BIOTECHNOL","ELSEVIER","2590-2628","2590-2628","BIOTECHNOLOGY & APPLIED MICROBIOLOGY","ESCI","1,589","6.7","Q1","1.1","100"%,
"mLife","MLIFE","WILEY","2097-1699","2770-100X","MICROBIOLOGY","ESCI","761","6.7","Q1","1.04","100"%,
"MUTATION RESEARCH-REVIEWS IN MUTATION RESEARCH","MUTAT RES-REV MUTAT","ELSEVIER","1383-5742","1388-2139","BIOTECHNOLOGY & APPLIED MICROBIOLOGY","SCIE","3,773","6.5","Q1","1.09","41.33"%,
"ISME Communications","ISME COMMUN","OXFORD UNIV PRESS","N/A","2730-6151","MICROBIOLOGY","ESCI","3,829","6.4","Q1","1.58","100"%,
"CANCER GENE THERAPY","CANCER GENE THER","SPRINGERNATURE","0929-1903","1476-5500","BIOTECHNOLOGY & APPLIED MICROBIOLOGY","SCIE","5,943","6.4","Q1","1.11","44.92"%,
"GENOME RESEARCH","GENOME RES","COLD SPRING HARBOR LAB PRESS, PUBLICATIONS DEPT","1088-9051","1549-5469","BIOTECHNOLOGY & APPLIED MICROBIOLOGY","SCIE","43,894","6.3","Q1","1.35","3.08"%,
"Journal of Biological Engineering","J BIOL ENG","BMC","1754-1611","1754-1611","BIOTECHNOLOGY & APPLIED MICROBIOLOGY","SCIE","3,274","6.3","Q1","1.17","100"%,
"Bioresources and Bioprocessing","BIORESOUR BIOPROCESS","SPRINGER HEIDELBERG","N/A","2197-4365","BIOTECHNOLOGY & APPLIED MICROBIOLOGY","SCIE","5,099","6.3","Q1","1.02","100"%,
"Environmental Microbiome","ENVIRON MICROBIOME","BMC","N/A","2524-6372","MICROBIOLOGY","SCIE","2,421","6.2","Q1","1.54","99.73"%,
"Engineering Microbiology","ENG MICROBIOL","KEAI PUBLISHING LTD","2097-4280","2667-3703","BIOTECHNOLOGY & APPLIED MICROBIOLOGY","ESCI","680","6.1","Q1","0.74","100"%,
"Engineering Microbiology","ENG MICROBIOL","KEAI PUBLISHING LTD","2097-4280","2667-3703","MICROBIOLOGY","ESCI","680","6.1","Q1","0.74","100"%,
"Biotechnology for Biofuels and Bioproducts","BIOTECHNOL BIOF BIOP","BMC","N/A","2731-3654","BIOTECHNOLOGY & APPLIED MICROBIOLOGY","SCIE","3,255","6","Q1","0.89","100"%,
"New Microbes and New Infections","NEW MICROB NEW INFEC","ELSEVIER SCI LTD","N/A","2052-2975","MICROBIOLOGY","ESCI","2,291","6","Q1","0.6","100"%,
"JOURNAL OF CLINICAL MICROBIOLOGY","J CLIN MICROBIOL","AMER SOC MICROBIOLOGY","0095-1137","1098-660X","MICROBIOLOGY","SCIE","42,831","5.9","Q1","1.14","63.78"%,
"GENE THERAPY","GENE THER","SPRINGERNATURE","0969-7128","1476-5462","BIOTECHNOLOGY & APPLIED MICROBIOLOGY","SCIE","6,613","5.9","Q1","1.05","52.41"%,
"Frontiers in Genome Editing","FRONT GENOME EDIT","FRONTIERS MEDIA SA","N/A","2673-3439","BIOTECHNOLOGY & APPLIED MICROBIOLOGY","ESCI","1,353","5.9","Q1","0.88","100"%,
"One Health Outlook","ONE HEALTH OUTLOOK","BMC","2524-4655","2524-4655","MICROBIOLOGY","ESCI","738","5.9","Q1","0.81","100"%,
"Microbial Cell Factories","MICROB CELL FACT","BMC","N/A","1475-2859","BIOTECHNOLOGY & APPLIED MICROBIOLOGY","SCIE","18,560","5.8","Q1","1.11","99.88"%,
"Frontiers in Microbiology","FRONT MICROBIOL","FRONTIERS MEDIA SA","N/A","1664-302X","MICROBIOLOGY","SCIE","199,597","5.8","Q1","1.04","99.98"%,
"Frontiers in Bioengineering and Biotechnology","FRONT BIOENG BIOTECH","FRONTIERS MEDIA SA","2296-4185","2296-4185","BIOTECHNOLOGY & APPLIED MICROBIOLOGY","SCIE","56,245","5.8","Q1","0.82","99.97"%,
"INTERNATIONAL JOURNAL OF FOOD MICROBIOLOGY","INT J FOOD MICROBIOL","ELSEVIER","0168-1605","1879-3460","MICROBIOLOGY","SCIE","30,407","5.7","Q1","1.18","25.83"%,
"Journal of Zhejiang University-SCIENCE B","J ZHEJIANG UNIV-SC B","ZHEJIANG UNIV PRESS","1673-1581","1862-1783","BIOTECHNOLOGY & APPLIED MICROBIOLOGY","SCIE","5,163","5.7","Q1","0.86","5.43"%,
"Current Research in Microbial Sciences","CURR RES MICROB SCI","ELSEVIER","2666-5174","2666-5174","MICROBIOLOGY","ESCI","2,197","5.6","Q1","1.32","100"%,
"New Biotechnology","NEW BIOTECHNOL","ELSEVIER","1871-6784","1876-4347","BIOTECHNOLOGY & APPLIED MICROBIOLOGY","SCIE","4,728","5.6","Q1","1.22","100"%,
"Artificial Cells Nanomedicine and Biotechnology","ARTIF CELL NANOMED B","TAYLOR & FRANCIS LTD","2169-1401","2169-141X","BIOTECHNOLOGY & APPLIED MICROBIOLOGY","SCIE","7,718","5.6","Q1","0.87","99.25"%,
"BIOINFORMATICS","BIOINFORMATICS","OXFORD UNIV PRESS","1367-4803","1367-4811","BIOTECHNOLOGY & APPLIED MICROBIOLOGY","SCIE","194,389","5.5","Q1","1.59","99.95"%,
"Current Opinion in Virology","CURR OPIN VIROL","ELSEVIER SCI LTD","1879-6257","1879-6265","VIROLOGY","SCIE","5,183","5.5","Q1","1.35","56.1"%,
"Frontiers in Cellular and Infection Microbiology","FRONT CELL INFECT MI","FRONTIERS MEDIA SA","2235-2988","2235-2988","MICROBIOLOGY","SCIE","52,581","5.5","Q1","0.94","99.9"%,
"REVIEWS IN MEDICAL VIROLOGY","REV MED VIROL","WILEY","1052-9276","1099-1654","VIROLOGY","SCIE","5,073","5.5","Q1","0.93","24.89"%,
"mBio","MBIO","AMER SOC MICROBIOLOGY","N/A","2150-7511","MICROBIOLOGY","SCIE","43,100","5.4","Q1","1.26","100"%,
"BMC MICROBIOLOGY","BMC MICROBIOL","BMC","1471-2180","1471-2180","MICROBIOLOGY","SCIE","23,342","5.4","Q1","1.22","99.84"%,
"FOOD MICROBIOLOGY","FOOD MICROBIOL","ACADEMIC PRESS LTD- ELSEVIER SCIENCE LTD","0740-0020","1095-9998","BIOTECHNOLOGY & APPLIED MICROBIOLOGY","SCIE","15,812","5.4","Q1","1.14","27.09"%,
"FOOD MICROBIOLOGY","FOOD MICROBIOL","ACADEMIC PRESS LTD- ELSEVIER SCIENCE LTD","0740-0020","1095-9998","MICROBIOLOGY","SCIE","15,812","5.4","Q1","1.14","27.09"%,
"AIMS Microbiology","AIMS MICROBIOL","AMER INST MATHEMATICAL SCIENCES-AIMS","2471-1888","2471-1888","MICROBIOLOGY","ESCI","2,312","5.4","Q1","0.71","99.22"%,
"Probiotics and Antimicrobial Proteins","PROBIOTICS ANTIMICRO","SPRINGER","1867-1306","1867-1314","BIOTECHNOLOGY & APPLIED MICROBIOLOGY","SCIE","7,953","5.3","Q1","1.06","20.41"%,
"Probiotics and Antimicrobial Proteins","PROBIOTICS ANTIMICRO","SPRINGER","1867-1306","1867-1314","MICROBIOLOGY","SCIE","7,953","5.3","Q1","1.06","20.41"%,
"mSystems","MSYSTEMS","AMER SOC MICROBIOLOGY","N/A","2379-5077","MICROBIOLOGY","SCIE","15,422","5.2","Q2","1.28","100"%,
"Antimicrobial Resistance and Infection Control","ANTIMICROB RESIST IN","BMC","2047-2994","2047-2994","MICROBIOLOGY","SCIE","8,017","5.2","Q2","1.15","100"%,
"Annals of Clinical Microbiology and Antimicrobials","ANN CLIN MICROB ANTI","BMC","N/A","1476-0711","MICROBIOLOGY","SCIE","4,139","5.2","Q2","1.06","100"%,
"Microbiome Research Reports","MICROBIOME RES REP","OAE PUBLISHING INC","N/A","2771-5965","MICROBIOLOGY","ESCI","607","5.2","Q2","0.79","71.77"%,
"ANNALS OF MICROBIOLOGY","ANN MICROBIOL","BMC","1590-4261","1869-2044","BIOTECHNOLOGY & APPLIED MICROBIOLOGY","SCIE","4,701","5.1","Q1","0.87","100"%,
"ANNALS OF MICROBIOLOGY","ANN MICROBIOL","BMC","1590-4261","1869-2044","MICROBIOLOGY","SCIE","4,701","5.1","Q2","0.87","100"%,
"International Journal of Antimicrobial Agents","INT J ANTIMICROB AG","ELSEVIER","0924-8579","1872-7913","MICROBIOLOGY","SCIE","14,903","5","Q2","1.24","34.98"%,
"Algal Research-Biomass Biofuels and Bioproducts","ALGAL RES","ELSEVIER","2211-9264","2211-9264","BIOTECHNOLOGY & APPLIED MICROBIOLOGY","SCIE","19,504","5","Q1","1.04","25.7"%,
"Gut Pathogens","GUT PATHOG","BMC","1757-4749","1757-4749","MICROBIOLOGY","SCIE","3,057","5","Q2","1.03","100"%,
"Bioresource Technology Reports","BIORESOUR TECH REP","ELSEVIER","2589-014X","2589-014X","BIOTECHNOLOGY & APPLIED MICROBIOLOGY","ESCI","8,799","5","Q1","0.85","17.1"%,
"PLoS Pathogens","PLOS PATHOG","PUBLIC LIBRARY SCIENCE","1553-7366","1553-7374","MICROBIOLOGY","SCIE","55,412","4.9","Q2","1.39","100"%,
"PLoS Pathogens","PLOS PATHOG","PUBLIC LIBRARY SCIENCE","1553-7366","1553-7374","VIROLOGY","SCIE","55,412","4.9","Q1","1.39","100"%,
"Global Change Biology Bioenergy","GCB BIOENERGY","WILEY","1757-1693","1757-1707","BIOTECHNOLOGY & APPLIED MICROBIOLOGY","SCIE","5,862","4.9","Q2","0.86","100"%,
"Synthetic and Systems Biotechnology","SYN SYST BIOTECHNO","KEAI PUBLISHING LTD","2405-805X","2405-805X","BIOTECHNOLOGY & APPLIED MICROBIOLOGY","SCIE","2,468","4.8","Q2","1.01","99.7"%,
"BMC BIOTECHNOLOGY","BMC BIOTECHNOL","BMC","N/A","1472-6750","BIOTECHNOLOGY & APPLIED MICROBIOLOGY","SCIE","4,989","4.8","Q2","1","100"%,
"STEM CELLS","STEM CELLS","OXFORD UNIV PRESS","1066-5099","1549-4918","BIOTECHNOLOGY & APPLIED MICROBIOLOGY","SCIE","14,007","4.8","Q2","0.77","31.65"%,
"VIROLOGICA SINICA","VIROL SIN","KEAI PUBLISHING LTD","1674-0769","1995-820X","VIROLOGY","SCIE","3,121","4.7","Q1","1.05","94.78"%,
"APPLIED MICROBIOLOGY AND BIOTECHNOLOGY","APPL MICROBIOL BIOT","SPRINGER","0175-7598","1432-0614","BIOTECHNOLOGY & APPLIED MICROBIOLOGY","SCIE","55,182","4.7","Q2","0.89","70.22"%,
"Microorganisms","MICROORGANISMS","MDPI","N/A","2076-2607","MICROBIOLOGY","SCIE","73,196","4.7","Q2","0.87","99.99"%,
"FOOD AND BIOPRODUCTS PROCESSING","FOOD BIOPROD PROCESS","ELSEVIER","0960-3085","1744-3571","BIOTECHNOLOGY & APPLIED MICROBIOLOGY","SCIE","8,270","4.7","Q2","0.82","25.32"%,
"WORLD JOURNAL OF MICROBIOLOGY & BIOTECHNOLOGY","WORLD J MICROB BIOT","SPRINGER","0959-3993","1573-0972","BIOTECHNOLOGY & APPLIED MICROBIOLOGY","SCIE","16,131","4.7","Q2","0.81","13.47"%,
"Synthetic Biology","SYN BIOL","OXFORD UNIV PRESS","N/A","2397-7000","BIOTECHNOLOGY & APPLIED MICROBIOLOGY","SCIE","578","4.7","Q2","0.58","100"%,
"Biocatalysis and Agricultural Biotechnology","BIOCATAL AGR BIOTECH","ELSEVIER","N/A","1878-8181","BIOTECHNOLOGY & APPLIED MICROBIOLOGY","ESCI","13,337","4.6","Q2","0.96","6.87"%,
"HELICOBACTER","HELICOBACTER","WILEY","1083-4389","1523-5378","MICROBIOLOGY","SCIE","4,467","4.6","Q2","0.9","27.04"%,
"HUMAN GENE THERAPY","HUM GENE THER","SAGE PUBLICATIONS INC","1043-0342","1557-7422","BIOTECHNOLOGY & APPLIED MICROBIOLOGY","SCIE","6,417","4.6","Q2","0.87","16.54"%,
"Expert Review of Anti-Infective Therapy","EXPERT REV ANTI-INFE","TAYLOR & FRANCIS LTD","1478-7210","1744-8336","MICROBIOLOGY","SCIE","6,560","4.6","Q2","0.7","5.69"%,
"Current Clinical Microbiology Reports","CURR CLIN MICROBIOL","SPRINGER","2196-5471","2196-5471","MICROBIOLOGY","ESCI","773","4.6","Q2","0.67","51.28"%,
"Nanomedicine","NANOMEDICINE-UK","TAYLOR & FRANCIS LTD","1743-5889","1748-6963","BIOTECHNOLOGY & APPLIED MICROBIOLOGY","SCIE","9,889","4.6","Q2","0.56","5.94"%,
"Animal Microbiome","ANIM MICROBIOME","BMC","N/A","2524-4671","MICROBIOLOGY","ESCI","2,073","4.5","Q2","1.65","100"%,
"Microbial Genomics","MICROB GENOMICS","MICROBIOLOGY SOC","2057-5858","2057-5858","MICROBIOLOGY","SCIE","7,495","4.5","Q2","1.19","99.38"%,
"CYTOTHERAPY","CYTOTHERAPY","ELSEVIER SCI LTD","1465-3249","1477-2566","BIOTECHNOLOGY & APPLIED MICROBIOLOGY","SCIE","7,413","4.5","Q2","0.82","33.33"%,
"JOURNAL OF INDUSTRIAL MICROBIOLOGY & BIOTECHNOLOGY","J IND MICROBIOL BIOT","OXFORD UNIV PRESS","1367-5435","1476-5535","BIOTECHNOLOGY & APPLIED MICROBIOLOGY","SCIE","7,317","4.5","Q2","0.7","100"%,
"BMC BIOINFORMATICS","BMC BIOINFORMATICS","BMC","1471-2105","1471-2105","BIOTECHNOLOGY & APPLIED MICROBIOLOGY","SCIE","55,978","4.4","Q2","0.96","100"%,
"INTERNATIONAL BIODETERIORATION & BIODEGRADATION","INT BIODETER BIODEGR","ELSEVIER SCI LTD","0964-8305","1879-0208","BIOTECHNOLOGY & APPLIED MICROBIOLOGY","SCIE","12,378","4.4","Q2","0.86","16.88"%,
"RESEARCH IN MICROBIOLOGY","RES MICROBIOL","ELSEVIER","0923-2508","1769-7123","MICROBIOLOGY","SCIE","5,539","4.4","Q2","0.85","18.4"%,
"PROCESS BIOCHEMISTRY","PROCESS BIOCHEM","ELSEVIER SCI LTD","1359-5113","1873-3298","BIOTECHNOLOGY & APPLIED MICROBIOLOGY","SCIE","20,624","4.4","Q2","0.8","8.32"%,
"ANTIVIRAL RESEARCH","ANTIVIR RES","ELSEVIER","0166-3542","1872-9096","VIROLOGY","SCIE","11,391","4.3","Q1","1.24","38.98"%,
"MICROBIAL ECOLOGY","MICROB ECOL","SPRINGER","0095-3628","1432-184X","MICROBIOLOGY","SCIE","13,656","4.3","Q2","1.15","76.88"%,
"European Journal of Microbiology and Immunology","EUR J MICROBIOL IMMU","AKADEMIAI KIADO ZRT","2062-8633","2062-8633","MICROBIOLOGY","ESCI","980","4.3","Q2","1.08","100"%,
"GM Crops & Food-Biotechnology in Agriculture and the Food Chain","GM CROPS FOOD","TAYLOR & FRANCIS LTD","2164-5698","2164-5701","BIOTECHNOLOGY & APPLIED MICROBIOLOGY","SCIE","1,091","4.3","Q2","0.98","100"%,
"Journal of Fungi","J FUNGI","MDPI","N/A","2309-608X","MICROBIOLOGY","SCIE","26,333","4.3","Q2","0.95","99.93"%,
"MICROBIOLOGY-SGM","MICROBIOL-SGM","MICROBIOLOGY SOC","1350-0872","1465-2080","MICROBIOLOGY","SCIE","15,492","4.3","Q2","0.68","99.42"%,
"BIOPROCESS AND BIOSYSTEMS ENGINEERING","BIOPROC BIOSYST ENG","SPRINGER","1615-7591","1615-7605","BIOTECHNOLOGY & APPLIED MICROBIOLOGY","SCIE","7,392","4.3","Q2","0.66","13.3"%,
"Applied Biosciences","APPL BIOSCI-BASEL","MDPI","N/A","2813-0464","BIOTECHNOLOGY & APPLIED MICROBIOLOGY","ESCI","481","4.3","Q2","0.54","100"%,
"ANTIMICROBIAL AGENTS AND CHEMOTHERAPY","ANTIMICROB AGENTS CH","AMER SOC MICROBIOLOGY","0066-4804","1098-6596","MICROBIOLOGY","SCIE","62,662","4.2","Q2","1.13","65.14"%,
"Metabolic Engineering Communications","METAB ENG COMMUN","ELSEVIER","2214-0301","2214-0301","BIOTECHNOLOGY & APPLIED MICROBIOLOGY","ESCI","1,076","4.2","Q2","0.97","100"%,
"APPLIED AND ENVIRONMENTAL MICROBIOLOGY","APPL ENVIRON MICROB","AMER SOC MICROBIOLOGY","0099-2240","1098-5336","BIOTECHNOLOGY & APPLIED MICROBIOLOGY","SCIE","90,637","4.2","Q2","0.94","59.65"%,
"APPLIED AND ENVIRONMENTAL MICROBIOLOGY","APPL ENVIRON MICROB","AMER SOC MICROBIOLOGY","0099-2240","1098-5336","MICROBIOLOGY","SCIE","90,637","4.2","Q2","0.94","59.65"%,
"FEMS Microbes","FEMS MICROBES","OXFORD UNIV PRESS","N/A","2633-6685","MICROBIOLOGY","ESCI","396","4.2","Q2","0.89","100"%,
"Human Vaccines & Immunotherapeutics","HUM VACC IMMUNOTHER","TAYLOR & FRANCIS INC","2164-5515","2164-554X","BIOTECHNOLOGY & APPLIED MICROBIOLOGY","SCIE","16,984","4.2","Q2","0.74","100"%,
"BIODEGRADATION","BIODEGRADATION","SPRINGER","0923-9820","1572-9729","BIOTECHNOLOGY & APPLIED MICROBIOLOGY","SCIE","3,058","4.2","Q2","0.71","17.62"%,
"JOURNAL OF INFECTIOUS DISEASES","J INFECT DIS","OXFORD UNIV PRESS INC","0022-1899","1537-6613","MICROBIOLOGY","SCIE","44,581","4.1","Q2","1.1","44.89"%,
"Journal of Virology","J VIROL","AMER SOC MICROBIOLOGY","0022-538X","1098-5514","VIROLOGY","SCIE","77,299","4.1","Q1","1.09","59.51"%,
"Microbiology Spectrum","MICROBIOL SPECTR","AMER SOC MICROBIOLOGY","N/A","2165-0497","MICROBIOLOGY","SCIE","34,555","4.1","Q2","1","99.96"%,
"JOURNAL OF ANTIMICROBIAL CHEMOTHERAPY","J ANTIMICROB CHEMOTH","OXFORD UNIV PRESS","0305-7453","1460-2091","MICROBIOLOGY","SCIE","33,001","4.1","Q2","0.99","39.24"%,
"FEMS MICROBIOLOGY ECOLOGY","FEMS MICROBIOL ECOL","OXFORD UNIV PRESS","0168-6496","1574-6941","MICROBIOLOGY","SCIE","18,087","4.1","Q2","0.88","75.23"%,
"Retrovirology","RETROVIROLOGY","BMC","N/A","1742-4690","VIROLOGY","SCIE","2,744","4.1","Q1","0.85","100"%,
"ENGINEERING IN LIFE SCIENCES","ENG LIFE SCI","WILEY-V C H VERLAG GMBH","1618-0240","1618-2863","BIOTECHNOLOGY & APPLIED MICROBIOLOGY","SCIE","3,307","4.1","Q2","0.71","100"%,
"Fermentation-Basel","FERMENTATION-BASEL","MDPI","N/A","2311-5637","BIOTECHNOLOGY & APPLIED MICROBIOLOGY","SCIE","14,377","4.1","Q2","0.7","99.92"%,
"Microbial Cell","MICROB CELL","SHARED SCIENCE PUBLISHERS OG","2311-2638","2311-2638","MICROBIOLOGY","SCIE","1,352","4.1","Q2","0.52","97.33"%,
"BIOLOGICAL CONTROL","BIOL CONTROL","ACADEMIC PRESS INC ELSEVIER SCIENCE","1049-9644","1090-2112","BIOTECHNOLOGY & APPLIED MICROBIOLOGY","SCIE","12,873","4","Q2","1.22","71.3"%,
"Virology Journal","VIROL J","BMC","N/A","1743-422X","VIROLOGY","SCIE","11,457","4","Q1","0.97","100"%,
"ENVIRONMENTAL MICROBIOLOGY","ENVIRON MICROBIOL","WILEY","1462-2912","1462-2920","MICROBIOLOGY","SCIE","29,229","4","Q2","0.94","67.57"%,
"mSphere","MSPHERE","AMER SOC MICROBIOLOGY","N/A","2379-5042","MICROBIOLOGY","SCIE","10,547","4","Q2","0.92","100"%,
"JOURNAL OF BIOTECHNOLOGY","J BIOTECHNOL","ELSEVIER","0168-1656","1873-4863","BIOTECHNOLOGY & APPLIED MICROBIOLOGY","SCIE","15,380","4","Q2","0.87","20.85"%,
"EXPERT OPINION ON BIOLOGICAL THERAPY","EXPERT OPIN BIOL TH","TAYLOR & FRANCIS LTD","1471-2598","1744-7682","BIOTECHNOLOGY & APPLIED MICROBIOLOGY","SCIE","6,077","4","Q2","0.52","7.1"%,
"Frontiers in Chemical Engineering","FRONT CHEM ENG","FRONTIERS MEDIA SA","N/A","2673-2718","BIOTECHNOLOGY & APPLIED MICROBIOLOGY","ESCI","1,445","4","Q2","0.41","100"%,
"Influenza and Other Respiratory Viruses","INFLUENZA OTHER RESP","WILEY","1750-2640","1750-2659","VIROLOGY","SCIE","4,428","3.9","Q1","1.1","100"%,
"BMC GENOMICS","BMC GENOMICS","BMC","1471-2164","1471-2164","BIOTECHNOLOGY & APPLIED MICROBIOLOGY","SCIE","56,783","3.9","Q2","1","99.97"%,
"Rhizosphere","RHIZOSPHERE-NETH","ELSEVIER","N/A","2452-2198","MICROBIOLOGY","SCIE","3,912","3.9","Q2","0.97","13.55"%,
"MOLECULAR PLANT-MICROBE INTERACTIONS","MOL PLANT MICROBE IN","AMER PHYTOPATHOLOGICAL SOC","0894-0282","1943-7706","BIOTECHNOLOGY & APPLIED MICROBIOLOGY","SCIE","11,190","3.9","Q2","0.87","97.98"%,
"AMB Express","AMB EXPRESS","SPRINGER","2191-0855","2191-0855","BIOTECHNOLOGY & APPLIED MICROBIOLOGY","SCIE","7,344","3.9","Q2","0.86","100"%,
"JAC-Antimicrobial Resistance","JAC-ANTIMICROB RESIS","OXFORD UNIV PRESS","N/A","2632-1823","MICROBIOLOGY","ESCI","3,290","3.9","Q2","0.86","99.82"%,
"MICROBIAL PATHOGENESIS","MICROB PATHOGENESIS","ACADEMIC PRESS LTD- ELSEVIER SCIENCE LTD","0882-4010","1096-1208","MICROBIOLOGY","SCIE","20,693","3.9","Q2","0.86","8.87"%,
"ENZYME AND MICROBIAL TECHNOLOGY","ENZYME MICROB TECH","ELSEVIER SCIENCE INC","0141-0229","1879-0909","BIOTECHNOLOGY & APPLIED MICROBIOLOGY","SCIE","9,627","3.9","Q2","0.82","13.84"%,
"Microbe","MICROBE-NETH","ELSEVIER","N/A","2950-1946","MICROBIOLOGY","ESCI","1,311","3.9","Q2","0.81","100"%,
"BIOTECHNOLOGY AND BIOENGINEERING","BIOTECHNOL BIOENG","WILEY","0006-3592","1097-0290","BIOTECHNOLOGY & APPLIED MICROBIOLOGY","SCIE","22,141","3.9","Q2","0.76","45.41"%,
"Frontiers in Antibiotics","FRONT ANTIBIOT","FRONTIERS MEDIA SA","N/A","2813-2467","MICROBIOLOGY","ESCI","272","3.9","Q2","0.53","98.65"%,
"Tumour Virus Research","TUMOUR VIRUS RES","ELSEVIER","2666-6790","2666-6790","VIROLOGY","ESCI","494","3.8","Q2","1.48","100"%,
"Virus Evolution","VIRUS EVOL","OXFORD UNIV PRESS","N/A","2057-1577","VIROLOGY","SCIE","3,915","3.8","Q2","1.14","100"%,
"JOURNAL OF GENERAL VIROLOGY","J GEN VIROL","MICROBIOLOGY SOC","0022-1317","1465-2099","BIOTECHNOLOGY & APPLIED MICROBIOLOGY","SCIE","16,940","3.8","Q2","0.89","77.41"%,
"JOURNAL OF GENERAL VIROLOGY","J GEN VIROL","MICROBIOLOGY SOC","0022-1317","1465-2099","VIROLOGY","SCIE","16,940","3.8","Q2","0.89","77.41"%,
"JOURNAL OF MICROBIOLOGY IMMUNOLOGY AND INFECTION","J MICROBIOL IMMUNOL","ELSEVIER TAIWAN","1684-1182","1995-9133","MICROBIOLOGY","SCIE","4,598","3.8","Q2","0.86","100"%,
"Viruses-Basel","VIRUSES-BASEL","MDPI","N/A","1999-4915","VIROLOGY","SCIE","57,344","3.8","Q2","0.86","99.9"%,
"Open Forum Infectious Diseases","OPEN FORUM INFECT DI","OXFORD UNIV PRESS INC","2328-8957","2328-8957","MICROBIOLOGY","SCIE","16,649","3.8","Q2","0.83","99.9"%,
"JOURNAL OF BACTERIOLOGY","J BACTERIOL","AMER SOC MICROBIOLOGY","0021-9193","1098-5530","MICROBIOLOGY","SCIE","53,795","3.8","Q2","0.73","59.1"%,
"Pathogens","PATHOGENS","MDPI","N/A","2076-0817","MICROBIOLOGY","SCIE","30,025","3.8","Q2","0.66","99.95"%,
"JOURNAL OF MICROBIOLOGY","J MICROBIOL","MICROBIOLOGICAL SOCIETY KOREA","1225-8873","1976-3794","MICROBIOLOGY","SCIE","5,334","3.8","Q2","0.62","38.55"%,
"Biofuels Bioproducts & Biorefining-Biofpr","BIOFUEL BIOPROD BIOR","WILEY","1932-104X","1932-1031","BIOTECHNOLOGY & APPLIED MICROBIOLOGY","SCIE","5,203","3.8","Q2","0.49","33.94"%,
"JOURNAL OF MEDICAL VIROLOGY","J MED VIROL","WILEY","0146-6615","1096-9071","VIROLOGY","SCIE","18,741","3.7","Q2","1.09","36.94"%,
"JOURNAL OF CLINICAL VIROLOGY","J CLIN VIROL","ELSEVIER","1386-6532","1873-5967","VIROLOGY","SCIE","6,851","3.7","Q2","0.99","48.2"%,
"Biotechnology Journal","BIOTECHNOL J","WILEY-V C H VERLAG GMBH","1860-6768","1860-7314","BIOTECHNOLOGY & APPLIED MICROBIOLOGY","SCIE","8,698","3.7","Q2","0.81","24.53"%,
"JOURNAL OF FOOD PROTECTION","J FOOD PROTECT","ELSEVIER","0362-028X","1944-9097","BIOTECHNOLOGY & APPLIED MICROBIOLOGY","SCIE","14,446","3.7","Q2","0.64","98.77"%,
"JOURNAL OF APPLIED PHYCOLOGY","J APPL PHYCOL","SPRINGER","0921-8971","1573-5176","BIOTECHNOLOGY & APPLIED MICROBIOLOGY","SCIE","15,937","3.6","Q2","0.92","27.48"%,
"GENOMICS","GENOMICS","ACADEMIC PRESS INC ELSEVIER SCIENCE","0888-7543","1089-8646","BIOTECHNOLOGY & APPLIED MICROBIOLOGY","SCIE","12,444","3.6","Q2","0.82","100"%,
"MicrobiologyOpen","MICROBIOLOGYOPEN","WILEY","2045-8827","2045-8827","MICROBIOLOGY","SCIE","4,261","3.6","Q2","0.79","100"%,
"Biochemical Engineering Journal","BIOCHEM ENG J","ELSEVIER","1369-703X","1873-295X","BIOTECHNOLOGY & APPLIED MICROBIOLOGY","SCIE","14,148","3.6","Q2","0.72","13.75"%,
"BioTech","BIOTECH-BASEL","MDPI","N/A","2673-6284","BIOTECHNOLOGY & APPLIED MICROBIOLOGY","ESCI","852","3.6","Q2","0.61","100"%,
"npj Viruses","NPJ VIRUSES","SPRINGERNATURE","N/A","2948-1767","VIROLOGY","ESCI","384","3.5","Q2","0.79","100"%,
"APPLIED BIOCHEMISTRY AND BIOTECHNOLOGY","APPL BIOCHEM BIOTECH","SPRINGER","0273-2289","1559-0291","BIOTECHNOLOGY & APPLIED MICROBIOLOGY","SCIE","16,837","3.5","Q2","0.69","6.23"%,
"Beneficial Microbes","BENEF MICROBES","BRILL","1876-2883","1876-2891","MICROBIOLOGY","SCIE","3,241","3.5","Q2","0.66","37.21"%,
"FEMS YEAST RESEARCH","FEMS YEAST RES","OXFORD UNIV PRESS","1567-1356","1567-1364","BIOTECHNOLOGY & APPLIED MICROBIOLOGY","SCIE","4,899","3.5","Q2","0.66","80.61"%,
"FEMS YEAST RESEARCH","FEMS YEAST RES","OXFORD UNIV PRESS","1567-1356","1567-1364","MICROBIOLOGY","SCIE","4,899","3.5","Q2","0.66","80.61"%,
"Systems Microbiology and Biomanufacturing","SYST MICROBIOL BIOM","SPRINGERNATURE","2662-7655","2662-7663","BIOTECHNOLOGY & APPLIED MICROBIOLOGY","ESCI","1,210","3.5","Q2","0.64","2.66"%,
"PROTEIN ENGINEERING DESIGN & SELECTION","PROTEIN ENG DES SEL","OXFORD UNIV PRESS","1741-0126","1741-0134","BIOTECHNOLOGY & APPLIED MICROBIOLOGY","SCIE","4,023","3.5","Q2","0.6","21.15"%,
"Innate Immunity","INNATE IMMUN-LONDON","SAGE PUBLICATIONS LTD","1753-4259","1753-4267","MICROBIOLOGY","SCIE","1,830","3.5","Q2","0.59","100"%,
"Ticks and Tick-Borne Diseases","TICKS TICK-BORNE DIS","ELSEVIER GMBH","1877-959X","1877-9603","MICROBIOLOGY","SCIE","6,299","3.4","Q3","0.9","100"%,
"Molecular Oral Microbiology","MOL ORAL MICROBIOL","WILEY","2041-1006","2041-1014","MICROBIOLOGY","SCIE","1,706","3.4","Q3","0.84","36.26"%,
"VIRUS RESEARCH","VIRUS RES","ELSEVIER","0168-1702","1872-7492","VIROLOGY","SCIE","12,474","3.4","Q2","0.81","100"%,
"JOURNAL OF MICROBIOLOGY AND BIOTECHNOLOGY","J MICROBIOL BIOTECHN","KOREAN SOC MICROBIOLOGY & BIOTECHNOLOGY","1017-7825","1738-8872","BIOTECHNOLOGY & APPLIED MICROBIOLOGY","SCIE","9,313","3.4","Q3","0.71","0.88"%,
"JOURNAL OF MICROBIOLOGY AND BIOTECHNOLOGY","J MICROBIOL BIOTECHN","KOREAN SOC MICROBIOLOGY & BIOTECHNOLOGY","1017-7825","1738-8872","MICROBIOLOGY","SCIE","9,313","3.4","Q3","0.71","0.88"%,
"International Journal of Microbiology","INT J MICROBIOL","WILEY","1687-918X","1687-9198","MICROBIOLOGY","ESCI","3,479","3.4","Q3","0.69","100"%,
"Journal of Genetic Engineering and Biotechnology","J GENET ENG BIOTECHN","ELSEVIER SCIENCE INC","2090-5920","2090-5920","BIOTECHNOLOGY & APPLIED MICROBIOLOGY","ESCI","4,097","3.4","Q3","0.68","100"%,
"ARCHIVES OF MICROBIOLOGY","ARCH MICROBIOL","SPRINGER HEIDELBERG","0302-8933","1432-072X","MICROBIOLOGY","SCIE","14,109","3.4","Q3","0.66","8.41"%,
"SLAS Discovery","SLAS DISCOV","ELSEVIER SCIENCE INC","2472-5552","2472-5560","BIOTECHNOLOGY & APPLIED MICROBIOLOGY","SCIE","2,046","3.3","Q3","0.68","100"%,
"JOURNAL OF BASIC MICROBIOLOGY","J BASIC MICROB","WILEY-V C H VERLAG GMBH","0233-111X","1521-4028","MICROBIOLOGY","SCIE","5,233","3.3","Q3","0.6","9.48"%,
"JOURNAL OF EUKARYOTIC MICROBIOLOGY","J EUKARYOT MICROBIOL","WILEY","1066-5234","1550-7408","MICROBIOLOGY","SCIE","3,205","3.3","Q3","0.59","51.75"%,
"ANTIVIRAL THERAPY","ANTIVIR THER","SAGE PUBLICATIONS LTD","1359-6535","2040-2058","VIROLOGY","SCIE","1,513","3.3","Q2","0.51","100"%,
"SYSTEMATIC AND APPLIED MICROBIOLOGY","SYST APPL MICROBIOL","ELSEVIER GMBH","0723-2020","1618-0984","BIOTECHNOLOGY & APPLIED MICROBIOLOGY","SCIE","4,401","3.2","Q3","0.94","34.93"%,
"SYSTEMATIC AND APPLIED MICROBIOLOGY","SYST APPL MICROBIOL","ELSEVIER GMBH","0723-2020","1618-0984","MICROBIOLOGY","SCIE","4,401","3.2","Q3","0.94","34.93"%,
"INTERNATIONAL JOURNAL OF MEDICAL MICROBIOLOGY","INT J MED MICROBIOL","ELSEVIER GMBH","1438-4221","1618-0607","MICROBIOLOGY","SCIE","4,252","3.2","Q3","0.91","100"%,
"INTERNATIONAL JOURNAL OF MEDICAL MICROBIOLOGY","INT J MED MICROBIOL","ELSEVIER GMBH","1438-4221","1618-0607","VIROLOGY","SCIE","4,252","3.2","Q2","0.91","100"%,
"EUROPEAN JOURNAL OF CLINICAL MICROBIOLOGY & INFECTIOUS DISEASES","EUR J CLIN MICROBIOL","SPRINGER","0934-9723","1435-4373","MICROBIOLOGY","SCIE","11,726","3.2","Q3","0.79","38.95"%,
"ELECTRONIC JOURNAL OF BIOTECHNOLOGY","ELECTRON J BIOTECHN","PONTIFICIA UNIV CATOLICA VALPARAISO","0717-3458","0717-3458","BIOTECHNOLOGY & APPLIED MICROBIOLOGY","SCIE","2,239","3.2","Q3","0.64","99.11"%,
"MOLECULAR AND CELLULAR PROBES","MOL CELL PROBE","ACADEMIC PRESS LTD- ELSEVIER SCIENCE LTD","0890-8508","1096-1194","BIOTECHNOLOGY & APPLIED MICROBIOLOGY","SCIE","2,616","3.2","Q3","0.63","99.32"%,
"Briefings in Functional Genomics","BRIEF FUNCT GENOMICS","OXFORD UNIV PRESS","2041-2649","2041-2657","BIOTECHNOLOGY & APPLIED MICROBIOLOGY","SCIE","2,138","3.2","Q3","0.58","38.69"%,
"MOLECULAR BIOTECHNOLOGY","MOL BIOTECHNOL","SPRINGERNATURE","1073-6085","1559-0305","BIOTECHNOLOGY & APPLIED MICROBIOLOGY","SCIE","6,289","3.2","Q3","0.5","9.24"%,
"MEDICAL MICROBIOLOGY AND IMMUNOLOGY","MED MICROBIOL IMMUN","SPRINGER","0300-8584","1432-1831","MICROBIOLOGY","SCIE","2,389","3.1","Q3","0.76","50.52"%,
"ANAEROBE","ANAEROBE","ELSEVIER SCI LTD","1075-9964","1095-8274","MICROBIOLOGY","SCIE","5,532","3.1","Q3","0.69","27.27"%,
"Environmental Microbiology Reports","ENV MICROBIOL REP","WILEY","1758-2229","1758-2229","MICROBIOLOGY","SCIE","4,804","3.1","Q3","0.6","100"%,
"3 Biotech","3 BIOTECH","SPRINGER HEIDELBERG","2190-572X","2190-5738","BIOTECHNOLOGY & APPLIED MICROBIOLOGY","SCIE","13,820","3.1","Q3","0.59","6.22"%,
"FOLIA MICROBIOLOGICA","FOLIA MICROBIOL","SPRINGER","0015-5632","1874-9356","BIOTECHNOLOGY & APPLIED MICROBIOLOGY","SCIE","3,606","3.1","Q3","0.56","14.17"%,
"FOLIA MICROBIOLOGICA","FOLIA MICROBIOL","SPRINGER","0015-5632","1874-9356","MICROBIOLOGY","SCIE","3,606","3.1","Q3","0.56","14.17"%,
"MOLECULAR MICROBIOLOGY","MOL MICROBIOL","WILEY","0950-382X","1365-2958","MICROBIOLOGY","SCIE","27,968","3.1","Q3","0.53","59.64"%,
"JOURNAL OF GENE MEDICINE","J GENE MED","WILEY","1099-498X","1521-2254","BIOTECHNOLOGY & APPLIED MICROBIOLOGY","SCIE","2,785","3","Q3","0.62","15.38"%,
"Frontiers in Microbiomes","FRONT MICROBIOMES","FRONTIERS MEDIA SA","N/A","2813-4338","MICROBIOLOGY","ESCI","444","3","Q3","0.44","100"%,
"AIDS","AIDS","LIPPINCOTT WILLIAMS & WILKINS","0269-9370","1473-5571","VIROLOGY","SCIE","13,944","2.9","Q2","0.81","24.79"%,
"MICROBES AND INFECTION","MICROBES INFECT","ELSEVIER","1286-4579","1769-714X","MICROBIOLOGY","SCIE","6,701","2.9","Q3","0.79","34.32"%,
"INTERNATIONAL MICROBIOLOGY","INT MICROBIOL","SPRINGER","1139-6709","1618-1905","BIOTECHNOLOGY & APPLIED MICROBIOLOGY","SCIE","2,874","2.9","Q3","0.62","14.25"%,
"INTERNATIONAL MICROBIOLOGY","INT MICROBIOL","SPRINGER","1139-6709","1618-1905","MICROBIOLOGY","SCIE","2,874","2.9","Q3","0.62","14.25"%,
"Biomed Research International","BIOMED RES INT","WILEY","2314-6133","2314-6141","BIOTECHNOLOGY & APPLIED MICROBIOLOGY","ESCI","63,563","2.9","Q3","0.58","100"%,
"SYMBIOSIS","SYMBIOSIS","SPRINGER","0334-5114","1878-7665","MICROBIOLOGY","SCIE","2,611","2.9","Q3","0.54","21.61"%,
"Tuberculosis","TUBERCULOSIS","CHURCHILL LIVINGSTONE","1472-9792","1873-281X","MICROBIOLOGY","SCIE","3,797","2.9","Q3","0.52","27.39"%,
"FOOD TECHNOLOGY AND BIOTECHNOLOGY","FOOD TECHNOL BIOTECH","FACULTY FOOD TECHNOLOGY BIOTECHNOLOGY","1330-9862","1334-2606","BIOTECHNOLOGY & APPLIED MICROBIOLOGY","SCIE","3,068","2.9","Q3","0.5","100"%,
"VETERINARY MICROBIOLOGY","VET MICROBIOL","ELSEVIER","0378-1135","1873-2542","MICROBIOLOGY","SCIE","18,444","2.8","Q3","1.04","21.45"%,
"MARINE BIOTECHNOLOGY","MAR BIOTECHNOL","SPRINGER","1436-2228","1436-2236","BIOTECHNOLOGY & APPLIED MICROBIOLOGY","SCIE","3,973","2.8","Q3","0.79","13.35"%,
"Phytobiomes Journal","PHYTOBIOMES J","AMER PHYTOPATHOLOGICAL SOC","N/A","2471-2906","MICROBIOLOGY","SCIE","1,111","2.8","Q3","0.78","97.81"%,
"MUTATION RESEARCH-GENETIC TOXICOLOGY AND ENVIRONMENTAL MUTAGENESIS","MUTAT RES-GEN TOX EN","ELSEVIER","1383-5718","1879-3592","BIOTECHNOLOGY & APPLIED MICROBIOLOGY","SCIE","4,756","2.8","Q3","0.69","18.71"%,
"JOURNAL OF APPLIED MICROBIOLOGY","J APPL MICROBIOL","OXFORD UNIV PRESS","1364-5072","1365-2672","BIOTECHNOLOGY & APPLIED MICROBIOLOGY","SCIE","24,405","2.8","Q3","0.62","23.2"%,
"JOURNAL OF APPLIED MICROBIOLOGY","J APPL MICROBIOL","OXFORD UNIV PRESS","1364-5072","1365-2672","MICROBIOLOGY","SCIE","24,405","2.8","Q3","0.62","23.2"%,
"CURRENT MICROBIOLOGY","CURR MICROBIOL","SPRINGER","0343-8651","1432-0991","MICROBIOLOGY","SCIE","12,269","2.8","Q3","0.6","10.91"%,
"PLANT CELL TISSUE AND ORGAN CULTURE","PLANT CELL TISS ORG","SPRINGER","0167-6857","1573-5044","BIOTECHNOLOGY & APPLIED MICROBIOLOGY","SCIE","9,941","2.8","Q3","0.6","18.19"%,
"BIOTECHNOLOGY AND BIOPROCESS ENGINEERING","BIOTECHNOL BIOPROC E","KOREAN SOC BIOTECHNOLOGY & BIOENGINEERING","1226-8372","1976-3816","BIOTECHNOLOGY & APPLIED MICROBIOLOGY","SCIE","3,153","2.8","Q3","0.57","5.76"%,
"Journal of Virus Eradication","J VIRUS ERAD","MEDISCRIPT LTD","2055-6640","2055-6659","VIROLOGY","SCIE","752","2.8","Q3","0.54","100"%,
"BIOTECHNOLOGY PROGRESS","BIOTECHNOL PROGR","WILEY","8756-7938","1520-6033","BIOTECHNOLOGY & APPLIED MICROBIOLOGY","SCIE","7,326","2.8","Q3","0.51","42.32"%,
"Revista Espanola de Quimioterapia","REV ESP QUIM","SOCIEDAD ESPANOLA QUIMIOTERAPIA","0214-3429","1988-9518","MICROBIOLOGY","SCIE","1,220","2.8","Q3","0.46","99.41"%,
"JOURNAL OF ANTIBIOTICS","J ANTIBIOT","SPRINGERNATURE","0021-8820","1881-1469","BIOTECHNOLOGY & APPLIED MICROBIOLOGY","SCIE","8,922","2.7","Q3","0.57","11.79"%,
"JOURNAL OF ANTIBIOTICS","J ANTIBIOT","SPRINGERNATURE","0021-8820","1881-1469","MICROBIOLOGY","SCIE","8,922","2.7","Q3","0.57","11.79"%,
"JOURNAL OF MEDICAL MICROBIOLOGY","J MED MICROBIOL","MICROBIOLOGY SOC","0022-2615","1473-5644","MICROBIOLOGY","SCIE","9,176","2.7","Q3","0.52","60.56"%,
"JOURNAL OF FOOD SAFETY","J FOOD SAFETY","WILEY","0149-6085","1745-4565","BIOTECHNOLOGY & APPLIED MICROBIOLOGY","SCIE","2,529","2.7","Q3","0.44","26.82"%,
"JOURNAL OF CHEMICAL TECHNOLOGY AND BIOTECHNOLOGY","J CHEM TECHNOL BIOT","WILEY","0268-2575","1097-4660","BIOTECHNOLOGY & APPLIED MICROBIOLOGY","SCIE","12,401","2.7","Q3","0.4","15.42"%,
"Cellular Reprogramming","CELL REPROGRAM","SAGE PUBLICATIONS INC","2152-4971","2152-4998","BIOTECHNOLOGY & APPLIED MICROBIOLOGY","SCIE","657","2.7","Q3","0.39","7.41"%,
"VIROLOGY","VIROLOGY","ACADEMIC PRESS INC ELSEVIER SCIENCE","0042-6822","1089-862X","VIROLOGY","SCIE","21,540","2.6","Q3","0.71","25.6"%,
"MICROBES AND ENVIRONMENTS","MICROBES ENVIRON","JAPANESE SOC MICROBIAL ECOLOGY, DEPT BIORESOURCE SCIENCE","1342-6311","1347-4405","BIOTECHNOLOGY & APPLIED MICROBIOLOGY","SCIE","2,370","2.6","Q3","0.64","100"%,
"MICROBES AND ENVIRONMENTS","MICROBES ENVIRON","JAPANESE SOC MICROBIAL ECOLOGY, DEPT BIORESOURCE SCIENCE","1342-6311","1347-4405","MICROBIOLOGY","SCIE","2,370","2.6","Q3","0.64","100"%,
"MAMMALIAN GENOME","MAMM GENOME","SPRINGER","0938-8990","1432-1777","BIOTECHNOLOGY & APPLIED MICROBIOLOGY","SCIE","2,514","2.6","Q3","0.55","35.38"%,
"CELLULAR MICROBIOLOGY","CELL MICROBIOL","WILEY","1462-5814","1462-5822","MICROBIOLOGY","SCIE","7,870","2.6","Q3","0.3","100"%,
"Microbiology Research","MICROBIOL RES-ITALY","MDPI","N/A","2036-7481","MICROBIOLOGY","ESCI","1,490","2.5","Q3","1.42","100"%,
"COMPARATIVE IMMUNOLOGY MICROBIOLOGY AND INFECTIOUS DISEASES","COMP IMMUNOL MICROB","ELSEVIER SCI LTD","0147-9571","1878-1667","MICROBIOLOGY","SCIE","3,118","2.5","Q3","0.67","12.99"%,
"ARCHIVES OF VIROLOGY","ARCH VIROL","SPRINGER WIEN","0304-8608","1432-8798","VIROLOGY","SCIE","12,731","2.5","Q3","0.63","15.36"%,
"BIOFOULING","BIOFOULING","TAYLOR & FRANCIS LTD","0892-7014","1029-2454","BIOTECHNOLOGY & APPLIED MICROBIOLOGY","SCIE","5,112","2.5","Q3","0.59","4.68"%,
"JOURNAL OF BIOSCIENCE AND BIOENGINEERING","J BIOSCI BIOENG","SOC BIOSCIENCE BIOENGINEERING JAPAN","1389-1723","1347-4421","BIOTECHNOLOGY & APPLIED MICROBIOLOGY","SCIE","8,704","2.5","Q3","0.54","1.32"%,
"JOURNAL OF MICROBIOLOGICAL METHODS","J MICROBIOL METH","ELSEVIER","0167-7012","1872-8359","MICROBIOLOGY","SCIE","9,946","2.5","Q3","0.5","24.35"%,
"BIOTECHNOLOGY AND APPLIED BIOCHEMISTRY","BIOTECHNOL APPL BIOC","WILEY","0885-4513","1470-8744","BIOTECHNOLOGY & APPLIED MICROBIOLOGY","SCIE","4,833","2.5","Q3","0.48","8.79"%,
"BIOTECHNOLOGY LETTERS","BIOTECHNOL LETT","SPRINGER","0141-5492","1573-6776","BIOTECHNOLOGY & APPLIED MICROBIOLOGY","SCIE","9,331","2.5","Q3","0.46","12.08"%,
"Future Microbiology","FUTURE MICROBIOL","TAYLOR & FRANCIS LTD","1746-0913","1746-0921","MICROBIOLOGY","SCIE","5,373","2.5","Q3","0.44","3.96"%,
"PHAGE-Therapy Applications and Research","PHAGE-THER APPL RES","SAGE PUBLICATIONS INC","N/A","2641-6549","MICROBIOLOGY","ESCI","470","2.5","Q3","0.44","100"%,
"PHAGE-Therapy Applications and Research","PHAGE-THER APPL RES","SAGE PUBLICATIONS INC","N/A","2641-6549","VIROLOGY","ESCI","470","2.5","Q3","0.44","100"%,
"Food and Environmental Virology","FOOD ENVIRON VIROL","SPRINGER","1867-0334","1867-0342","MICROBIOLOGY","SCIE","1,232","2.4","Q3","0.57","46.62"%,
"Food and Environmental Virology","FOOD ENVIRON VIROL","SPRINGER","1867-0334","1867-0342","VIROLOGY","SCIE","1,232","2.4","Q3","0.57","46.62"%,
"Canadian Journal of Infectious Diseases & Medical Microbiology","CAN J INFECT DIS MED","WILEY","1712-9532","1918-1493","MICROBIOLOGY","SCIE","2,314","2.4","Q3","0.56","100"%,
"JOURNAL OF WATER AND HEALTH","J WATER HEALTH","IWA PUBLISHING","1477-8920","1996-7829","MICROBIOLOGY","SCIE","3,319","2.4","Q3","0.55","100"%,
"MUTATION RESEARCH-FUNDAMENTAL AND MOLECULAR MECHANISMS OF MUTAGENESIS","MUTAT RES-FUND MOL M","ELSEVIER","0027-5107","1873-135X","BIOTECHNOLOGY & APPLIED MICROBIOLOGY","SCIE","4,485","2.4","Q3","0.52","13.41"%,
"REVISTA ARGENTINA DE MICROBIOLOGIA","REV ARGENT MICROBIOL","ASOCIACION ARGENTINA MICROBIOLOGIA","0325-7541","1851-7617","MICROBIOLOGY","SCIE","1,147","2.4","Q3","0.47","100"%,
"CANADIAN JOURNAL OF MICROBIOLOGY","CAN J MICROBIOL","CANADIAN SCIENCE PUBLISHING","0008-4166","1480-3275","BIOTECHNOLOGY & APPLIED MICROBIOLOGY","SCIE","5,837","2.4","Q3","0.45","35"%,
"CANADIAN JOURNAL OF MICROBIOLOGY","CAN J MICROBIOL","CANADIAN SCIENCE PUBLISHING","0008-4166","1480-3275","MICROBIOLOGY","SCIE","5,837","2.4","Q3","0.45","35"%,
"OncoTargets and Therapy","ONCOTARGETS THER","DOVE MEDICAL PRESS LTD","1178-6930","1178-6930","BIOTECHNOLOGY & APPLIED MICROBIOLOGY","SCIE","13,101","2.4","Q3","0.44","98.47"%,
"Biotechnology and Genetic Engineering Reviews","BIOTECHNOL GENET ENG","TAYLOR & FRANCIS LTD","0264-8725","2046-5556","BIOTECHNOLOGY & APPLIED MICROBIOLOGY","SCIE","1,635","2.4","Q3","0.38","1.06"%,
"PLASMID","PLASMID","ACADEMIC PRESS INC ELSEVIER SCIENCE","0147-619X","1095-9890","MICROBIOLOGY","SCIE","1,548","2.3","Q3","0.59","57.14"%,
"INTERNATIONAL JOURNAL OF SYSTEMATIC AND EVOLUTIONARY MICROBIOLOGY","INT J SYST EVOL MICR","MICROBIOLOGY SOC","1466-5026","1466-5034","MICROBIOLOGY","SCIE","24,562","2.3","Q3","0.55","24.96"%,
"JOURNAL OF VIRAL HEPATITIS","J VIRAL HEPATITIS","WILEY","1352-0504","1365-2893","VIROLOGY","SCIE","3,894","2.3","Q3","0.55","48.34"%,
"Journal of Clinical Tuberculosis and Other Mycobacterial Diseases","J CLIN TUBER OTH MYC","ELSEVIER","2405-5794","2405-5794","MICROBIOLOGY","ESCI","1,165","2.3","Q3","0.54","100"%,
"INTERNATIONAL JOURNAL OF BIOLOGICAL MARKERS","INT J BIOL MARKER","SAGE PUBLICATIONS LTD","0393-6155","1724-6008","BIOTECHNOLOGY & APPLIED MICROBIOLOGY","SCIE","1,182","2.3","Q3","0.46","98.82"%,
"Frontiers in Virology","FRONT VIROL-LAUSANNE","FRONTIERS MEDIA SA","N/A","2673-818X","VIROLOGY","ESCI","490","2.3","Q3","0.43","100"%,
"Microbial Risk Analysis","MICROB RISK ANAL","ELSEVIER","2352-3522","2352-3530","MICROBIOLOGY","SCIE","427","2.2","Q4","0.71","44.44"%,
"APMIS","APMIS","WILEY","0903-4641","1600-0463","MICROBIOLOGY","SCIE","4,335","2.2","Q4","0.55","40.13"%,
"ENFERMEDADES INFECCIOSAS Y MICROBIOLOGIA CLINICA","ENFERM INFEC MICR CL","EDICIONES DOYMA S A","0213-005X","1578-1852","MICROBIOLOGY","SCIE","2,099","2.2","Q4","0.55","15.79"%,
"EXTREMOPHILES","EXTREMOPHILES","SPRINGER JAPAN KK","1431-0651","1433-4909","MICROBIOLOGY","SCIE","3,067","2.2","Q4","0.54","18.7"%,
"PREPARATIVE BIOCHEMISTRY & BIOTECHNOLOGY","PREP BIOCHEM BIOTECH","TAYLOR & FRANCIS INC","1082-6068","1532-2297","BIOTECHNOLOGY & APPLIED MICROBIOLOGY","SCIE","2,811","2.2","Q3","0.48","1.37"%,
"BIOMARKERS","BIOMARKERS","TAYLOR & FRANCIS LTD","1354-750X","1366-5804","BIOTECHNOLOGY & APPLIED MICROBIOLOGY","SCIE","2,484","2.2","Q3","0.47","4.38"%,
"YEAST","YEAST","WILEY","0749-503X","1097-0061","BIOTECHNOLOGY & APPLIED MICROBIOLOGY","SCIE","3,761","2.2","Q3","0.46","47.83"%,
"YEAST","YEAST","WILEY","0749-503X","1097-0061","MICROBIOLOGY","SCIE","3,761","2.2","Q4","0.46","47.83"%,
"INDIAN JOURNAL OF MICROBIOLOGY","INDIAN J MICROBIOL","SPRINGER","0046-8991","0973-7715","BIOTECHNOLOGY & APPLIED MICROBIOLOGY","SCIE","3,171","2.2","Q3","0.43","3.87"%,
"INDIAN JOURNAL OF MICROBIOLOGY","INDIAN J MICROBIOL","SPRINGER","0046-8991","0973-7715","MICROBIOLOGY","SCIE","3,171","2.2","Q4","0.43","3.87"%,
"AMERICAN JOURNAL OF ENOLOGY AND VITICULTURE","AM J ENOL VITICULT","AMER SOC ENOLOGY VITICULTURE","0002-9254","1943-7749","BIOTECHNOLOGY & APPLIED MICROBIOLOGY","SCIE","5,488","2.2","Q3","0.41","58.43"%,
"CYTOTECHNOLOGY","CYTOTECHNOLOGY","SPRINGER","0920-9069","1573-0778","BIOTECHNOLOGY & APPLIED MICROBIOLOGY","SCIE","3,290","2.2","Q3","0.36","10.1"%,
"BIOLOGICALS","BIOLOGICALS","ACADEMIC PRESS LTD- ELSEVIER SCIENCE LTD","1045-1056","1095-8320","BIOTECHNOLOGY & APPLIED MICROBIOLOGY","SCIE","1,786","2.1","Q3","0.51","44.63"%,
"Bioscience of Microbiota Food and Health","BIOSCI MICROB FOOD H","BMFH PRESS","2186-6953","2186-3342","MICROBIOLOGY","SCIE","896","2.1","Q4","0.5","99.07"%,
"BRAZILIAN JOURNAL OF MICROBIOLOGY","BRAZ J MICROBIOL","SPRINGER","1517-8382","1678-4405","MICROBIOLOGY","SCIE","8,503","2.1","Q4","0.49","6.04"%,
"JOURNAL OF APPLIED GENETICS","J APPL GENET","SPRINGER HEIDELBERG","1234-1983","2190-3883","BIOTECHNOLOGY & APPLIED MICROBIOLOGY","SCIE","2,147","2.1","Q3","0.44","41.45"%,
"Advances in Virology","ADV VIROL","WILEY","1687-8639","1687-8647","VIROLOGY","ESCI","358","2.1","Q3","0.41","100"%,
"GEN Biotechnology","GEN BIOTECHNOL","SAGE PUBLICATIONS INC","2768-1572","2768-1556","BIOTECHNOLOGY & APPLIED MICROBIOLOGY","ESCI","187","2.1","Q3","0.41","22.41"%,
"JOURNAL OF THE AMERICAN SOCIETY OF BREWING CHEMISTS","J AM SOC BREW CHEM","TAYLOR & FRANCIS LTD","0361-0470","1943-7854","BIOTECHNOLOGY & APPLIED MICROBIOLOGY","SCIE","1,400","2.1","Q3","0.39","18.87"%,
"Infectious Microbes & Diseases","INFECT MICROBE DIS","LIPPINCOTT WILLIAMS & WILKINS","N/A","2641-5917","MICROBIOLOGY","ESCI","232","2.1","Q4","0.26","100"%,
"ANIMAL BIOTECHNOLOGY","ANIM BIOTECHNOL","TAYLOR & FRANCIS INC","1049-5398","1532-2378","BIOTECHNOLOGY & APPLIED MICROBIOLOGY","SCIE","2,626","2","Q4","0.59","59.11"%,
"ANTONIE VAN LEEUWENHOEK INTERNATIONAL JOURNAL OF GENERAL AND MOLECULAR MICROBIOLOGY","ANTON LEEUW INT J G","SPRINGER","0003-6072","1572-9699","MICROBIOLOGY","SCIE","7,093","2","Q4","0.51","10.65"%,
"VIRUS GENES","VIRUS GENES","SPRINGER","0920-8569","1572-994X","VIROLOGY","SCIE","2,876","2","Q3","0.5","11.49"%,
"FEMS MICROBIOLOGY LETTERS","FEMS MICROBIOL LETT","OXFORD UNIV PRESS","0378-1097","1574-6968","MICROBIOLOGY","SCIE","17,428","2","Q4","0.48","25.13"%,
"JOURNAL OF NEUROVIROLOGY","J NEUROVIROL","SPRINGER","1355-0284","1538-2443","VIROLOGY","SCIE","2,681","2","Q3","0.48","31.14"%,
"Journal of Tissue Engineering and Regenerative Medicine","J TISSUE ENG REGEN M","WILEY","1932-6254","1932-7005","BIOTECHNOLOGY & APPLIED MICROBIOLOGY","SCIE","5,228","2","Q4","0.48","100"%,
"International Journal of Genomics","INT J GENOMICS","WILEY","2314-436X","2314-4378","BIOTECHNOLOGY & APPLIED MICROBIOLOGY","SCIE","1,432","2","Q4","0.46","100"%,
"LETTERS IN APPLIED MICROBIOLOGY","LETT APPL MICROBIOL","OXFORD UNIV PRESS","0266-8254","1472-765X","BIOTECHNOLOGY & APPLIED MICROBIOLOGY","SCIE","8,639","2","Q4","0.46","14.32"%,
"LETTERS IN APPLIED MICROBIOLOGY","LETT APPL MICROBIOL","OXFORD UNIV PRESS","0266-8254","1472-765X","MICROBIOLOGY","SCIE","8,639","2","Q4","0.46","14.32"%,
"OMICS-A JOURNAL OF INTEGRATIVE BIOLOGY","OMICS","SAGE PUBLICATIONS INC","1536-2310","1557-8100","BIOTECHNOLOGY & APPLIED MICROBIOLOGY","SCIE","6,968","2","Q4","0.43","4.88"%,
"Genes & Genomics","GENES GENOM","SPRINGER","1976-9571","2092-9293","BIOTECHNOLOGY & APPLIED MICROBIOLOGY","SCIE","2,179","2","Q4","0.4","11.14"%,
"Industrial Biotechnology","IND BIOTECHNOL","SAGE PUBLICATIONS INC","1550-9087","1931-8421","BIOTECHNOLOGY & APPLIED MICROBIOLOGY","ESCI","726","2","Q4","0.22","1.14"%,
"PROTIST","PROTIST","ELSEVIER GMBH","1434-4610","1618-0941","MICROBIOLOGY","SCIE","1,861","1.9","Q4","0.5","36.25"%,
"EUROPEAN JOURNAL OF PROTISTOLOGY","EUR J PROTISTOL","ELSEVIER GMBH","0932-4739","1618-0429","MICROBIOLOGY","SCIE","1,664","1.9","Q4","0.48","25.17"%,
"GENOME","GENOME","CANADIAN SCIENCE PUBLISHING","0831-2796","1480-3321","BIOTECHNOLOGY & APPLIED MICROBIOLOGY","SCIE","3,597","1.9","Q4","0.42","36.36"%,
"JOURNAL OF BIOACTIVE AND COMPATIBLE POLYMERS","J BIOACT COMPAT POL","SAGE PUBLICATIONS LTD","0883-9115","1530-8030","BIOTECHNOLOGY & APPLIED MICROBIOLOGY","SCIE","1,012","1.9","Q4","0.41","3.19"%,
"TRANSGENIC RESEARCH","TRANSGENIC RES","SPRINGER","0962-8819","1573-9368","BIOTECHNOLOGY & APPLIED MICROBIOLOGY","SCIE","2,736","1.9","Q4","0.37","28.68"%,
"Microbial Physiology","MICROB PHYSIOL","KARGER","2673-1665","2673-1673","BIOTECHNOLOGY & APPLIED MICROBIOLOGY","SCIE","203","1.9","Q4","0.36","100"%,
"Microbial Physiology","MICROB PHYSIOL","KARGER","2673-1665","2673-1673","MICROBIOLOGY","SCIE","203","1.9","Q4","0.36","100"%,
"Iranian Journal of Microbiology","IRAN J MICROBIOL","UNIV MEDICAL SCIENCES-DANISHGAH-I ULUM-I PIZISHKI-I TIHRAN","2008-3289","2008-4447","MICROBIOLOGY","ESCI","1,797","1.9","Q4","0.33","75.16"%,
"FOOD BIOTECHNOLOGY","FOOD BIOTECHNOL","TAYLOR & FRANCIS INC","0890-5436","1532-4249","BIOTECHNOLOGY & APPLIED MICROBIOLOGY","SCIE","695","1.9","Q4","0.32","0"%,
"Current Nanoscience","CURR NANOSCI","BENTHAM SCIENCE PUBL LTD","1573-4137","1875-6786","BIOTECHNOLOGY & APPLIED MICROBIOLOGY","SCIE","1,576","1.9","Q4","0.21","3.3"%,
"Microbial Drug Resistance","MICROB DRUG RESIST","SAGE PUBLICATIONS INC","1076-6294","1931-8448","MICROBIOLOGY","SCIE","3,732","1.8","Q4","0.51","5.23"%,
"DIAGNOSTIC MICROBIOLOGY AND INFECTIOUS DISEASE","DIAGN MICR INFEC DIS","ELSEVIER SCIENCE INC","0732-8893","1879-0070","MICROBIOLOGY","SCIE","6,820","1.8","Q4","0.48","25.05"%,
"SOUTHERN AFRICAN JOURNAL OF HIV MEDICINE","S AFR J HIV MED","AOSIS","1608-9693","2078-6751","VIROLOGY","SCIE","598","1.8","Q3","0.4","100"%,
"INTERVIROLOGY","INTERVIROLOGY","KARGER","0300-5526","1423-0100","VIROLOGY","SCIE","1,036","1.8","Q3","0.39","100"%,
"Plant Biotechnology Reports","PLANT BIOTECHNOL REP","SPRINGER","1863-5466","1863-5474","BIOTECHNOLOGY & APPLIED MICROBIOLOGY","SCIE","1,726","1.8","Q4","0.37","8.04"%,
"PROTEIN EXPRESSION AND PURIFICATION","PROTEIN EXPRES PURIF","ACADEMIC PRESS INC ELSEVIER SCIENCE","1046-5928","1096-0279","BIOTECHNOLOGY & APPLIED MICROBIOLOGY","SCIE","5,028","1.8","Q4","0.36","13.24"%,
"Iranian Journal of Biotechnology","IRAN J BIOTECHNOL","NATL INST GENETIC ENGINEERING & BIOTECHNOLOGY","1728-3043","1728-3043","BIOTECHNOLOGY & APPLIED MICROBIOLOGY","SCIE","807","1.8","Q4","0.33","0"%,
"VIROLOGIE","VIROLOGIE","JLE","1267-8694","N/A","VIROLOGY","SCIE","134","1.8","Q3","0.26","4.26"%,
"JOURNAL OF VIROLOGICAL METHODS","J VIROL METHODS","ELSEVIER","0166-0934","1879-0984","BIOTECHNOLOGY & APPLIED MICROBIOLOGY","SCIE","7,813","1.7","Q4","0.47","30.86"%,
"JOURNAL OF VIROLOGICAL METHODS","J VIROL METHODS","ELSEVIER","0166-0934","1879-0984","VIROLOGY","SCIE","7,813","1.7","Q4","0.47","30.86"%,
"Polish Journal of Microbiology","POL J MICROBIOL","POLSKIE TOWARZYSTWO MIKROBIOLOGOW-POLISH SOCIETY OF MICROBIOLOGISTS","1733-1331","2544-4646","MICROBIOLOGY","SCIE","1,527","1.7","Q4","0.44","100"%,
"PLANT BREEDING","PLANT BREEDING","WILEY","0179-9541","1439-0523","BIOTECHNOLOGY & APPLIED MICROBIOLOGY","SCIE","4,084","1.7","Q4","0.34","31.92"%,
"Algorithms for Molecular Biology","ALGORITHM MOL BIOL","BMC","N/A","1748-7188","BIOTECHNOLOGY & APPLIED MICROBIOLOGY","SCIE","961","1.6","Q4","0.52","100"%,
"Pharmacogenetics and Genomics","PHARMACOGENET GENOM","LIPPINCOTT WILLIAMS & WILKINS","1744-6872","1744-6880","BIOTECHNOLOGY & APPLIED MICROBIOLOGY","SCIE","2,289","1.6","Q4","0.43","11.76"%,
"MICROBIOLOGY AND IMMUNOLOGY","MICROBIOL IMMUNOL","WILEY","0385-5600","1348-0421","MICROBIOLOGY","SCIE","3,141","1.6","Q4","0.35","28.4"%,
"CRITICAL REVIEWS IN EUKARYOTIC GENE EXPRESSION","CRIT REV EUKAR GENE","BEGELL HOUSE INC","1045-4403","2162-6502","BIOTECHNOLOGY & APPLIED MICROBIOLOGY","SCIE","1,271","1.5","Q4","0.41","1.25"%,
"ACTA MICROBIOLOGICA ET IMMUNOLOGICA HUNGARICA","ACTA MICROBIOL IMM H","AKADEMIAI KIADO ZRT","1217-8950","1588-2640","MICROBIOLOGY","SCIE","712","1.5","Q4","0.38","14.6"%,
"Microbiology Australia","MICROBIOL AUST","CSIRO PUBLISHING","1324-4272","2201-9189","MICROBIOLOGY","ESCI","364","1.5","Q4","0.38","100"%,
"BIOCATALYSIS AND BIOTRANSFORMATION","BIOCATAL BIOTRANSFOR","TAYLOR & FRANCIS LTD","1024-2422","1029-2446","BIOTECHNOLOGY & APPLIED MICROBIOLOGY","SCIE","1,169","1.5","Q4","0.32","1.8"%,
"VIRAL IMMUNOLOGY","VIRAL IMMUNOL","SAGE PUBLICATIONS INC","0882-8245","1557-8976","VIROLOGY","SCIE","1,589","1.5","Q4","0.31","4.79"%,
"BIOSCIENCE BIOTECHNOLOGY AND BIOCHEMISTRY","BIOSCI BIOTECH BIOCH","OXFORD UNIV PRESS","0916-8451","1347-6947","BIOTECHNOLOGY & APPLIED MICROBIOLOGY","SCIE","12,623","1.5","Q4","0.26","15.97"%,
"BIOTECHNOLOGY & BIOTECHNOLOGICAL EQUIPMENT","BIOTECHNOL BIOTEC EQ","TAYLOR & FRANCIS LTD","1310-2818","1314-3530","BIOTECHNOLOGY & APPLIED MICROBIOLOGY","SCIE","3,397","1.4","Q4","0.32","100"%,
"BIOTECHNIC & HISTOCHEMISTRY","BIOTECH HISTOCHEM","TAYLOR & FRANCIS LTD","1052-0295","1473-7760","BIOTECHNOLOGY & APPLIED MICROBIOLOGY","SCIE","1,806","1.4","Q4","0.3","1.41"%,
"Plant Biotechnology","PLANT BIOTECHNOL-NAR","JAPANESE SOC PLANT CELL & MOLECULAR BIOLOGY","1342-4580","N/A","BIOTECHNOLOGY & APPLIED MICROBIOLOGY","SCIE","1,539","1.4","Q4","0.3","97.83"%,
"Journal of the Association of Medical Microbiology and Infectious Disease Canada (JAMMI)","JAMMI-J ASSOC MED M","UNIV TORONTO PRESS INC","N/A","2371-0888","MICROBIOLOGY","ESCI","292","1.4","Q4","0.29","1.98"%,
"JOURNAL OF COMPUTATIONAL BIOLOGY","J COMPUT BIOL","SAGE PUBLICATIONS INC","1066-5277","1557-8666","BIOTECHNOLOGY & APPLIED MICROBIOLOGY","SCIE","5,101","1.3","Q4","0.45","7.79"%,
"International Journal of Mycobacteriology","INT J MYCOBACT","WOLTERS KLUWER MEDKNOW PUBLICATIONS","2212-5531","2212-554X","MICROBIOLOGY","ESCI","1,057","1.3","Q4","0.37","99.53"%,
"AQUATIC MICROBIAL ECOLOGY","AQUAT MICROB ECOL","INTER-RESEARCH","0948-3055","1616-1564","MICROBIOLOGY","SCIE","3,249","1.3","Q4","0.31","27.59"%,
"VirusDisease","VIRUSDISEASE","SPRINGERNATURE","2347-3584","2347-3517","VIROLOGY","ESCI","865","1.3","Q4","0.28","4.93"%,
"Crop Breeding and Applied Biotechnology","CROP BREED APPL BIOT","BRAZILIAN SOC PLANT BREEDING","1984-7033","1518-7853","BIOTECHNOLOGY & APPLIED MICROBIOLOGY","SCIE","1,113","1.3","Q4","0.23","89.88"%,
"CHEMICAL AND BIOCHEMICAL ENGINEERING QUARTERLY","CHEM BIOCHEM ENG Q","CROATIAN SOC CHEMICAL ENGINEERING TECHNOLOGY","0352-9568","1846-5153","BIOTECHNOLOGY & APPLIED MICROBIOLOGY","SCIE","776","1.3","Q4","0.19","100"%,
"NEW GENETICS AND SOCIETY","NEW GENET SOC","ROUTLEDGE JOURNALS, TAYLOR & FRANCIS LTD","1463-6778","1469-9915","BIOTECHNOLOGY & APPLIED MICROBIOLOGY","SCIE","436","1.2","Q4","0.56","100"%,
"New Microbiologica","NEW MICROBIOL","EDIZIONI INT SRL","1121-7138","1121-7138","MICROBIOLOGY","SCIE","1,034","1.2","Q4","0.23","0"%,
"BIOCONTROL SCIENCE AND TECHNOLOGY","BIOCONTROL SCI TECHN","TAYLOR & FRANCIS LTD","0958-3157","1360-0478","BIOTECHNOLOGY & APPLIED MICROBIOLOGY","SCIE","3,214","1.1","Q4","0.42","7.96"%,
"Journal of Clinical Virology Plus","J CLIN VIROL PLUS","ELSEVIER","2667-0380","2667-0380","VIROLOGY","ESCI","182","1.1","Q4","0.35","100"%,
"ACTA VIROLOGICA","ACTA VIROL","FRONTIERS MEDIA SA","0001-723X","1336-2305","VIROLOGY","SCIE","920","1.1","Q4","0.27","100"%,
"APPLIED BIOCHEMISTRY AND MICROBIOLOGY","APPL BIOCHEM MICRO+","PLEIADES PUBLISHING INC","0003-6838","1608-3024","BIOTECHNOLOGY & APPLIED MICROBIOLOGY","SCIE","2,094","1.1","Q4","0.24","6.17"%,
"APPLIED BIOCHEMISTRY AND MICROBIOLOGY","APPL BIOCHEM MICRO+","PLEIADES PUBLISHING INC","0003-6838","1608-3024","MICROBIOLOGY","SCIE","2,094","1.1","Q4","0.24","6.17"%,
"Journal of Microorganism Control","J MICROORG CONTROL","SOC ANTIBACTERIAL & ANTIFUNGAL AGENTS, JAPAN","2758-6383","2758-6383","BIOTECHNOLOGY & APPLIED MICROBIOLOGY","SCIE","55","1.1","Q4","0.24","0"%,
"Infectious Diseases and Clinical Microbiology","INFECT DIS CLIN MICR","DOC DESIGN INFORMATICS CO LTD","2667-646X","2667-646X","MICROBIOLOGY","ESCI","165","1.1","Q4","0.19","96.24"%,
"Journal of Pure and Applied Microbiology","J PURE APPL MICROBIO","DR M N KHAN","0973-7510","2581-690X","MICROBIOLOGY","ESCI","2,679","1.1","Q4","0.19","99.21"%,
"AIDS RESEARCH AND HUMAN RETROVIRUSES","AIDS RES HUM RETROV","SAGE PUBLICATIONS INC","0889-2229","1931-8405","VIROLOGY","SCIE","3,024","1","Q4","0.31","8.98"%,
"Biomedical and Biotechnology Research Journal","BIOMED BIOTECH RES J","WOLTERS KLUWER MEDKNOW PUBLICATIONS","2588-9834","2588-9842","BIOTECHNOLOGY & APPLIED MICROBIOLOGY","ESCI","546","1","Q4","0.26","99.57"%,
"MICROBIOLOGY","MICROBIOLOGY+","PLEIADES PUBLISHING LTD","0026-2617","1608-3237","MICROBIOLOGY","SCIE","2,527","1","Q4","0.26","6.16"%,
"Future Virology","FUTURE VIROL","TAYLOR & FRANCIS LTD","1746-0794","1746-0808","VIROLOGY","SCIE","1,112","1","Q4","0.22","8.11"%,
"COVID","COVID-BASEL","MDPI","N/A","2673-8112","VIROLOGY","ESCI","454","0.9","Q4","0.3","99.58"%,
"CURRENT HIV RESEARCH","CURR HIV RES","BENTHAM SCIENCE PUBL LTD","1570-162X","1873-4251","VIROLOGY","SCIE","840","0.8","Q4","0.2","12.5"%,
"MIKROBIYOLOJI BULTENI","MIKROBIYOL BUL","ANKARA MICROBIOLOGY SOC","0374-9096","0374-9096","MICROBIOLOGY","SCIE","658","0.8","Q4","0.19","97.84"%,
"ACTA PROTOZOOLOGICA","ACTA PROTOZOOL","JAGIELLONIAN UNIV, INST ENVIRONMENTAL SCIENCES","0065-1583","1689-0027","MICROBIOLOGY","SCIE","574","0.8","Q4","0.14","94.74"%,
"Advancements of Microbiology","ADV MICROBIOL-NY","POLSKIE TOWARZYSTWO MIKROBIOLOGOW-POLISH SOCIETY OF MICROBIOLOGISTS","0079-4252","2545-3149","MICROBIOLOGY","SCIE","123","0.7","Q4","0.16","100"%,
"Biotecnia","BIOTECNIA","UNIV SONORA","1665-1456","1665-1456","BIOTECHNOLOGY & APPLIED MICROBIOLOGY","ESCI","373","0.7","Q4","0.11","90.48"%,
"JOURNAL OF GENERAL AND APPLIED MICROBIOLOGY","J GEN APPL MICROBIOL","MICROBIOL RES FOUNDATION","0022-1260","1349-8037","BIOTECHNOLOGY & APPLIED MICROBIOLOGY","SCIE","1,428","0.6","Q4","0.16","100"%,
"JOURNAL OF GENERAL AND APPLIED MICROBIOLOGY","J GEN APPL MICROBIOL","MICROBIOL RES FOUNDATION","0022-1260","1349-8037","MICROBIOLOGY","SCIE","1,428","0.6","Q4","0.16","100"%,
"Microbiology Resource Announcements","MICROBIOL RESOUR ANN","AMER SOC MICROBIOLOGY","N/A","2576-098X","MICROBIOLOGY","ESCI","3,671","0.6","Q4","0.16","100"%,
"MALAYSIAN APPLIED BIOLOGY","MALAY APPL BIOL","MALAYSIAN SOC APPLIED BIOLOGY","0126-8643","2462-151X","BIOTECHNOLOGY & APPLIED MICROBIOLOGY","ESCI","459","0.6","Q4","0.13","96.37"%,
"Stem Cell Research","STEM CELL RES","ELSEVIER","1873-5061","1876-7753","BIOTECHNOLOGY & APPLIED MICROBIOLOGY","SCIE","3,599","0.6","Q4","0.13","100"%,
"Jundishapur Journal of Microbiology","JUNDISHAPUR J MICROB","BRIEFLANDS","2008-3645","2008-4161","MICROBIOLOGY","SCIE","1,402","0.6","Q4","0.12","96.74"%,
"Minerva Biotechnology and Biomolecular Research","MINERVA BIOTECHNOL B","EDIZIONI MINERVA MEDICA","2724-542X","2724-5934","BIOTECHNOLOGY & APPLIED MICROBIOLOGY","SCIE","55","0.6","Q4","0.11","6.35"%,
"BIOPHARM INTERNATIONAL","BIOPHARM INT","ADVANSTAR COMMUNICATIONS INC","1542-166X","1939-1862","BIOTECHNOLOGY & APPLIED MICROBIOLOGY","SCIE","202","0.6","Q4","0.02","0"%,
"EPIDEMIOLOGIE MIKROBIOLOGIE IMUNOLOGIE","EPIDEMIOL MIKROBI IM","CESKA LEKARSKA SPOLECNOST J EV PURKYNE","1210-7913","N/A","MICROBIOLOGY","SCIE","148","0.5","Q4","0.12","0"%,
"Reviews and Research in Medical Microbiology","REV RES MED MICROBIO","LIPPINCOTT WILLIAMS & WILKINS","2770-3150","2770-3169","MICROBIOLOGY","ESCI","84","0.4","Q4","0.15","2.99"%,
"Molecular Genetics Microbiology and Virology","MOL GENET MICROBIOL+","PLEIADES PUBLISHING LTD","0891-4168","1934-841X","MICROBIOLOGY","SCIE","187","0.4","Q4","0.08","0.7"%,
"Research Journal of Biotechnology","RES J BIOTECHNOL","RESEARCH JOURNAL BIOTECHNOLOGY","0973-6263","2278-4535","BIOTECHNOLOGY & APPLIED MICROBIOLOGY","ESCI","698","0.4","Q4","0.05","0"%,
"Malaysian Journal of Microbiology","MALAYS J MICROBIOL","MALAYSIAN SOC MICROBIOLOGY","1823-8262","2231-7538","MICROBIOLOGY","ESCI","435","0.3","Q4","0.08","98.43"%,
"BIOTECHNOLOGY LAW REPORT","BIOTECHNOL LAW REP","SAGE PUBLICATIONS INC","0730-031X","1557-8704","BIOTECHNOLOGY & APPLIED MICROBIOLOGY","SCIE","114","0.3","Q4","0.06","0"%,
"Flora Infeksiyon Hastaliklari ve Klinik Mikrobiyoloji Dergisi","FLORA-INFEK HASTALIK","BILIMSEL TIP YAYINEVI","1300-932X","2602-2842","MICROBIOLOGY","ESCI","113","0.2","Q4","0.35","92.42"%,
"Applied Biological Research","APPL BIOL RES","CENTRE ADVANCEMENT APPLIED SCIENCES","0972-0979","0974-4517","BIOTECHNOLOGY & APPLIED MICROBIOLOGY","ESCI","136","0.2","Q4","0.04","22.35"%,
"Asian Biotechnology and Development Review","ASIAN BIOTECHN DEV R","RESEARCH & INFORMATION SYSTEM NON-ALIGNED & OTHER DEVELOPING COUNTRIES","0972-7566","0972-7566","BIOTECHNOLOGY & APPLIED MICROBIOLOGY","ESCI","32","0.2","Q4","0.02","0"%,

Copyright (c) 2026 Clarivate 
By exporting the selected data; you agree to the data usage policy set forth in the Terms of Use 
