"Journal Data Filtered By:  Selected Categories: CLINICAL NEUROLOGY;NEUROIMAGING;NEUROSCIENCES Selected Editions: SCIE;SSCI;AHCI;ESCI Selected JCR Year: 2025 Selected Category Schema: WOS Selected Open Access: N Indicator: Default"

Journal name,JCR Abbreviation,Publisher,ISSN,eISSN,Category,Edition,Total Citations,2025 JIF,JIF Quartile,2025 JCI,% of Citable OA
"LANCET NEUROLOGY","LANCET NEUROL","ELSEVIER SCIENCE INC","1474-4422","1474-4465","CLINICAL NEUROLOGY","SCIE","59,391","54.6","Q1","12.67","16.97"%,
"Nature Reviews Neurology","NAT REV NEUROL","NATURE PORTFOLIO","1759-4758","1759-4766","CLINICAL NEUROLOGY","SCIE","25,085","31.2","Q1","5.58","0.63"%,
"NATURE REVIEWS NEUROSCIENCE","NAT REV NEUROSCI","NATURE PORTFOLIO","1471-003X","1471-0048","NEUROSCIENCES","SCIE","54,187","29","Q1","3.68","1.45"%,
"Nature Aging","NATURE AGING","SPRINGERNATURE","N/A","2662-8465","NEUROSCIENCES","SCIE","10,875","25","Q1","4.66","44.81"%,
"JAMA Neurology","JAMA NEUROL","AMER MEDICAL ASSOC","2168-6149","2168-6157","CLINICAL NEUROLOGY","SCIE","26,720","23.6","Q1","6.2","33.23"%,
"NATURE NEUROSCIENCE","NAT NEUROSCI","NATURE PORTFOLIO","1097-6256","1546-1726","NEUROSCIENCES","SCIE","79,106","20.3","Q1","5.35","47.19"%,
"TRENDS IN COGNITIVE SCIENCES","TRENDS COGN SCI","CELL PRESS","1364-6613","1879-307X","NEUROSCIENCES","SCIE","40,204","20.3","Q1","2.54","34.8"%,
"Molecular Neurodegeneration","MOL NEURODEGENER","BMC","N/A","1750-1326","NEUROSCIENCES","SCIE","14,388","19.6","Q1","3.58","100"%,
"Translational Neurodegeneration","TRANSL NEURODEGENER","BMC","2047-9158","2047-9158","NEUROSCIENCES","SCIE","6,340","19.1","Q1","2.78","100"%,
"Nature Human Behaviour","NAT HUM BEHAV","NATURE PORTFOLIO","2397-3374","2397-3374","NEUROSCIENCES","SCIE","21,937","17.5","Q1","3.95","35.94"%,
"Neuron","NEURON","CELL PRESS","0896-6273","1097-4199","NEUROSCIENCES","SCIE","108,660","16.9","Q1","3.79","35.44"%,
"TRENDS IN NEUROSCIENCES","TRENDS NEUROSCI","CELL PRESS","0166-2236","1878-108X","NEUROSCIENCES","SCIE","24,033","15.7","Q1","2.06","34.91"%,
"Annual Review of Neuroscience","ANNU REV NEUROSCI","ANNUAL REVIEWS","0147-006X","1545-4126","NEUROSCIENCES","SCIE","14,783","13.8","Q1","1.81","100"%,
"NEURO-ONCOLOGY","NEURO-ONCOLOGY","OXFORD UNIV PRESS INC","1522-8517","1523-5866","CLINICAL NEUROLOGY","SCIE","27,081","13.1","Q1","2.79","39.62"%,
"Alzheimers & Dementia","ALZHEIMERS DEMENT","WILEY","1552-5260","1552-5279","CLINICAL NEUROLOGY","SCIE","47,030","12.8","Q1","3.27","90.78"%,
"BRAIN","BRAIN","OXFORD UNIV PRESS","0006-8950","1460-2156","CLINICAL NEUROLOGY","SCIE","68,603","12.6","Q1","3.29","55.34"%,
"BRAIN","BRAIN","OXFORD UNIV PRESS","0006-8950","1460-2156","NEUROSCIENCES","SCIE","68,603","12.6","Q1","3.29","55.34"%,
"SLEEP MEDICINE REVIEWS","SLEEP MED REV","W B SAUNDERS CO LTD","1087-0792","1532-2955","CLINICAL NEUROLOGY","SCIE","18,260","11.6","Q1","2.06","37.02"%,
"SLEEP MEDICINE REVIEWS","SLEEP MED REV","W B SAUNDERS CO LTD","1087-0792","1532-2955","NEUROSCIENCES","SCIE","18,260","11.6","Q1","2.06","37.02"%,
"Journal of Neuroinflammation","J NEUROINFLAMM","BMC","N/A","1742-2094","NEUROSCIENCES","SCIE","37,393","11.5","Q1","2.4","100"%,
"STROKE","STROKE","LIPPINCOTT WILLIAMS & WILKINS","0039-2499","1524-4628","CLINICAL NEUROLOGY","SCIE","76,353","11.1","Q1","2.4","16.12"%,
"Journal of Stroke","J STROKE","KOREAN STROKE SOC","2287-6391","2287-6405","CLINICAL NEUROLOGY","SCIE","2,943","11","Q1","1.89","100"%,
"MOLECULAR PSYCHIATRY","MOL PSYCHIATR","SPRINGERNATURE","1359-4184","1476-5578","NEUROSCIENCES","SCIE","45,718","10.4","Q1","2.08","59.47"%,
"ACTA NEUROPATHOLOGICA","ACTA NEUROPATHOL","SPRINGER","0001-6322","1432-0533","CLINICAL NEUROLOGY","SCIE","26,249","10.3","Q1","3.14","81.98"%,
"ACTA NEUROPATHOLOGICA","ACTA NEUROPATHOL","SPRINGER","0001-6322","1432-0533","NEUROSCIENCES","SCIE","26,249","10.3","Q1","3.14","81.98"%,
"Biological Psychiatry","BIOL PSYCHIAT","ELSEVIER SCIENCE INC","0006-3223","1873-2402","NEUROSCIENCES","SCIE","42,076","10.3","Q1","2.31","34.39"%,
"Degenerative Neurological and Neuromuscular Disease","DEGENER NEUROL NEURO","DOVE MEDICAL PRESS LTD","N/A","1179-9900","CLINICAL NEUROLOGY","ESCI","623","9.9","Q1","1.65","100"%,
"Brain Stimulation","BRAIN STIMUL","ELSEVIER SCIENCE INC","1935-861X","1876-4754","CLINICAL NEUROLOGY","SCIE","14,284","9.7","Q1","2.03","100"%,
"Brain Stimulation","BRAIN STIMUL","ELSEVIER SCIENCE INC","1935-861X","1876-4754","NEUROSCIENCES","SCIE","14,284","9.7","Q1","2.03","100"%,
"NEUROLOGY","NEUROLOGY","LIPPINCOTT WILLIAMS & WILKINS","0028-3878","1526-632X","CLINICAL NEUROLOGY","SCIE","103,094","8.9","Q1","2.34","25.42"%,
"Alzheimers Research & Therapy","ALZHEIMERS RES THER","BMC","N/A","1758-9193","CLINICAL NEUROLOGY","SCIE","15,362","8.9","Q1","2.31","99.87"%,
"Alzheimers Research & Therapy","ALZHEIMERS RES THER","BMC","N/A","1758-9193","NEUROSCIENCES","SCIE","15,362","8.9","Q1","2.31","99.87"%,
"JOURNAL OF HEADACHE AND PAIN","J HEADACHE PAIN","BMC","1129-2369","1129-2377","CLINICAL NEUROLOGY","SCIE","11,304","8.7","Q1","2.07","100"%,
"JOURNAL OF HEADACHE AND PAIN","J HEADACHE PAIN","BMC","1129-2369","1129-2377","NEUROSCIENCES","SCIE","11,304","8.7","Q1","2.07","100"%,
"npj Parkinsons Disease","NPJ PARKINSONS DIS","NATURE PORTFOLIO","N/A","2373-8057","NEUROSCIENCES","SCIE","7,996","8.5","Q1","2.1","99.87"%,
"NEUROSCIENCE AND BIOBEHAVIORAL REVIEWS","NEUROSCI BIOBEHAV R","PERGAMON-ELSEVIER SCIENCE LTD","0149-7634","1873-7528","NEUROSCIENCES","SCIE","53,277","8.5","Q1","1.91","53.5"%,
"Neural Regeneration Research","NEURAL REGEN RES","WOLTERS KLUWER MEDKNOW PUBLICATIONS","1673-5374","1876-7958","NEUROSCIENCES","SCIE","18,350","8.5","Q1","1.17","98.77"%,
"Brain Informatics","BRAIN INFORM","SPRINGERNATURE","2198-4018","2198-4026","NEUROSCIENCES","ESCI","1,261","8.3","Q1","1.05","100"%,
"BEHAVIORAL AND BRAIN SCIENCES","BEHAV BRAIN SCI","CAMBRIDGE UNIV PRESS","0140-525X","1469-1825","NEUROSCIENCES","SCIE","13,204","8.2","Q1","2.25","0"%,
"NEUROPSYCHOLOGY REVIEW","NEUROPSYCHOL REV","SPRINGER","1040-7308","1573-6660","NEUROSCIENCES","SCIE","5,362","8.2","Q1","0.96","60"%,
"EUROPEAN NEUROPSYCHOPHARMACOLOGY","EUR NEUROPSYCHOPHARM","ELSEVIER","0924-977X","1873-7862","CLINICAL NEUROLOGY","SCIE","9,428","8.1","Q1","1.37","59.11"%,
"EUROPEAN NEUROPSYCHOPHARMACOLOGY","EUR NEUROPSYCHOPHARM","ELSEVIER","0924-977X","1873-7862","NEUROSCIENCES","SCIE","9,428","8.1","Q1","1.37","59.11"%,
"Neurology-Neuroimmunology & Neuroinflammation","NEUROL-NEUROIMMUNOL","LIPPINCOTT WILLIAMS & WILKINS","2332-7812","2332-7812","CLINICAL NEUROLOGY","SCIE","7,069","8","Q1","2.28","100"%,
"Neurology-Neuroimmunology & Neuroinflammation","NEUROL-NEUROIMMUNOL","LIPPINCOTT WILLIAMS & WILKINS","2332-7812","2332-7812","NEUROSCIENCES","SCIE","7,069","8","Q1","2.28","100"%,
"JOURNAL OF NEUROLOGY NEUROSURGERY AND PSYCHIATRY","J NEUROL NEUROSUR PS","BMJ PUBLISHING GROUP","0022-3050","1468-330X","CLINICAL NEUROLOGY","SCIE","32,201","7.7","Q1","2.44","40.25"%,
"MOVEMENT DISORDERS","MOVEMENT DISORD","WILEY","0885-3185","1531-8257","CLINICAL NEUROLOGY","SCIE","36,832","7.7","Q1","1.91","67.37"%,
"NEUROPSYCHOPHARMACOLOGY","NEUROPSYCHOPHARMACOL","SPRINGERNATURE","0893-133X","1740-634X","NEUROSCIENCES","SCIE","32,107","7.6","Q1","1.63","50.27"%,
"ANNALS OF NEUROLOGY","ANN NEUROL","WILEY","0364-5134","1531-8249","CLINICAL NEUROLOGY","SCIE","37,743","7.5","Q1","2.09","51.27"%,
"ANNALS OF NEUROLOGY","ANN NEUROL","WILEY","0364-5134","1531-8249","NEUROSCIENCES","SCIE","37,743","7.5","Q1","2.09","51.27"%,
"JOURNAL OF PINEAL RESEARCH","J PINEAL RES","WILEY","0742-3098","1600-079X","NEUROSCIENCES","SCIE","10,034","7.5","Q1","1.97","36.55"%,
"BRAIN BEHAVIOR AND IMMUNITY","BRAIN BEHAV IMMUN","ACADEMIC PRESS INC ELSEVIER SCIENCE","0889-1591","1090-2139","NEUROSCIENCES","SCIE","30,942","7.5","Q1","1.86","47.59"%,
"Neurotherapeutics","NEUROTHERAPEUTICS","ELSEVIER SCIENCE INC","1933-7213","1878-7479","CLINICAL NEUROLOGY","SCIE","11,851","7.4","Q1","1.94","84.52"%,
"Neurotherapeutics","NEUROTHERAPEUTICS","ELSEVIER SCIENCE INC","1933-7213","1878-7479","NEUROSCIENCES","SCIE","11,851","7.4","Q1","1.94","84.52"%,
"Alzheimers & Dementia-Translational Research & Clinical Interventions","ALZH DEMENT-TRCI","WILEY","N/A","2352-8737","CLINICAL NEUROLOGY","ESCI","4,462","7.4","Q1","1.57","99.64"%,
"Alzheimers & Dementia-Translational Research & Clinical Interventions","ALZH DEMENT-TRCI","WILEY","N/A","2352-8737","NEUROSCIENCES","ESCI","4,462","7.4","Q1","1.57","99.64"%,
"Psychoradiology","PSYCHORADIOLOGY","OXFORD UNIV PRESS","N/A","2634-4416","NEUROIMAGING","ESCI","582","7.4","Q1","1.04","100"%,
"Cognitive Computation","COGN COMPUT","SPRINGER","1866-9956","1866-9964","NEUROSCIENCES","SCIE","4,941","7.4","Q1","1","22.22"%,
"Current Neurology and Neuroscience Reports","CURR NEUROL NEUROSCI","SPRINGER","1528-4042","1534-6293","CLINICAL NEUROLOGY","SCIE","6,435","7.4","Q1","0.9","26.03"%,
"Current Neurology and Neuroscience Reports","CURR NEUROL NEUROSCI","SPRINGER","1528-4042","1534-6293","NEUROSCIENCES","SCIE","6,435","7.4","Q1","0.9","26.03"%,
"CELLULAR AND MOLECULAR NEUROBIOLOGY","CELL MOL NEUROBIOL","SPRINGER/PLENUM PUBLISHERS","0272-4340","1573-6830","NEUROSCIENCES","SCIE","8,134","7.4","Q1","0.78","69.45"%,
"Fluids and Barriers of the CNS","FLUIDS BARRIERS CNS","BMC","2045-8118","2045-8118","NEUROSCIENCES","SCIE","5,562","7.2","Q1","1.61","100"%,
"NEURAL NETWORKS","NEURAL NETWORKS","PERGAMON-ELSEVIER SCIENCE LTD","0893-6080","1879-2782","NEUROSCIENCES","SCIE","37,463","7.2","Q1","1.42","13.28"%,
"CNS DRUGS","CNS DRUGS","ADIS INT LTD","1172-7047","1179-1934","CLINICAL NEUROLOGY","SCIE","7,910","7","Q1","1.64","55.83"%,
"SLEEP","SLEEP","OXFORD UNIV PRESS INC","0161-8105","1550-9109","CLINICAL NEUROLOGY","SCIE","31,454","7","Q1","1.37","35.09"%,
"SLEEP","SLEEP","OXFORD UNIV PRESS INC","0161-8105","1550-9109","NEUROSCIENCES","SCIE","31,454","7","Q1","1.37","35.09"%,
"FRONTIERS IN NEUROENDOCRINOLOGY","FRONT NEUROENDOCRIN","ACADEMIC PRESS INC ELSEVIER SCIENCE","0091-3022","1095-6808","NEUROSCIENCES","SCIE","6,208","7","Q1","0.95","46.67"%,
"International Journal of Stroke","INT J STROKE","SAGE PUBLICATIONS LTD","1747-4930","1747-4949","CLINICAL NEUROLOGY","SCIE","9,802","6.9","Q1","1.78","28.17"%,
"Frontiers in Synaptic Neuroscience","FRONT SYNAPTIC NEURO","FRONTIERS MEDIA SA","1663-3563","1663-3563","NEUROSCIENCES","SCIE","1,817","6.9","Q1","0.72","100"%,
"Bioelectronic Medicine","BIOELECTRON MED-US","SPRINGERNATURE","N/A","2332-8886","NEUROSCIENCES","ESCI","703","6.8","Q1","1.06","100"%,
"Neuroscience Bulletin","NEUROSCI BULL","SPRINGER","1673-7067","1995-8218","NEUROSCIENCES","SCIE","6,594","6.8","Q1","1.05","30.08"%,
"JPAD-Journal of Prevention of Alzheimers Disease","JPAD-J PREV ALZHEIM","ELSEVIER","2274-5807","2426-0266","CLINICAL NEUROLOGY","SCIE","5,063","6.7","Q1","1.91","99.79"%,
"CNS Neuroscience & Therapeutics","CNS NEUROSCI THER","WILEY","1755-5930","1755-5949","NEUROSCIENCES","SCIE","14,945","6.6","Q1","1.38","99.93"%,
"Acta Neuropathologica Communications","ACTA NEUROPATHOL COM","BMC","2051-5960","2051-5960","NEUROSCIENCES","SCIE","11,791","6.5","Q1","1.51","100"%,
"VISUAL NEUROSCIENCE","VISUAL NEUROSCI","Maximum Academic Press","0952-5238","1469-8714","NEUROSCIENCES","SCIE","1,840","6.5","Q1","1.22","91.89"%,
"Annual Review of Vision Science","ANNU REV VIS SCI","ANNUAL REVIEWS","2374-4642","2374-4650","NEUROSCIENCES","SCIE","2,295","6.5","Q1","1.01","98.55"%,
"BrainX","BRAIN-X","WILEY","2835-3153","2835-3153","NEUROSCIENCES","ESCI","303","6.4","Q1","0.68","100"%,
"Journal of Neuroimmune Pharmacology","J NEUROIMMUNE PHARM","SPRINGER","1557-1890","1557-1904","NEUROSCIENCES","SCIE","3,663","6.1","Q1","1.3","37.37"%,
"Current Neuropharmacology","CURR NEUROPHARMACOL","BENTHAM SCIENCE PUBL LTD","1570-159X","1875-6190","NEUROSCIENCES","SCIE","10,789","6.1","Q1","0.89","6.99"%,
"Journal of NeuroEngineering and Rehabilitation","J NEUROENG REHABIL","BMC","N/A","1743-0003","NEUROSCIENCES","SCIE","12,887","6","Q1","1.54","100"%,
"NEUROBIOLOGY OF DISEASE","NEUROBIOL DIS","ELSEVIER","0969-9961","1095-953X","NEUROSCIENCES","SCIE","23,767","6","Q1","1.39","99.81"%,
"PSYCHIATRY AND CLINICAL NEUROSCIENCES","PSYCHIAT CLIN NEUROS","WILEY","1323-1316","1440-1819","CLINICAL NEUROLOGY","SCIE","6,027","5.9","Q1","1.25","55.56"%,
"PSYCHIATRY AND CLINICAL NEUROSCIENCES","PSYCHIAT CLIN NEUROS","WILEY","1323-1316","1440-1819","NEUROSCIENCES","SCIE","6,027","5.9","Q1","1.25","55.56"%,
"Journal of Parkinsons Disease","J PARKINSON DIS","SAGE PUBLICATIONS INC","1877-7171","1877-718X","NEUROSCIENCES","SCIE","7,891","5.9","Q1","1.11","97.73"%,
"PAIN","PAIN","LIPPINCOTT WILLIAMS & WILKINS","0304-3959","1872-6623","CLINICAL NEUROLOGY","SCIE","43,560","5.8","Q1","1.88","32.12"%,
"PAIN","PAIN","LIPPINCOTT WILLIAMS & WILKINS","0304-3959","1872-6623","NEUROSCIENCES","SCIE","43,560","5.8","Q1","1.88","32.12"%,
"CEPHALALGIA","CEPHALALGIA","SAGE PUBLICATIONS LTD","0333-1024","1468-2982","CLINICAL NEUROLOGY","SCIE","13,119","5.8","Q1","1.29","93.69"%,
"CEPHALALGIA","CEPHALALGIA","SAGE PUBLICATIONS LTD","0333-1024","1468-2982","NEUROSCIENCES","SCIE","13,119","5.8","Q1","1.29","93.69"%,
"JOURNAL OF AFFECTIVE DISORDERS","J AFFECT DISORDERS","ELSEVIER","0165-0327","1573-2517","CLINICAL NEUROLOGY","SCIE","85,558","5.7","Q1","1.51","28.42"%,
"Molecular Autism","MOL AUTISM","BMC","2040-2392","2040-2392","NEUROSCIENCES","SCIE","5,034","5.7","Q1","1.44","100"%,
"EPILEPSIA","EPILEPSIA","WILEY","0013-9580","1528-1167","CLINICAL NEUROLOGY","SCIE","35,143","5.6","Q1","1.77","52.93"%,
"CURRENT OPINION IN NEUROBIOLOGY","CURR OPIN NEUROBIOL","CURRENT BIOLOGY LTD","0959-4388","1873-6882","NEUROSCIENCES","SCIE","16,556","5.6","Q1","1.42","56.33"%,
"GLIA","GLIA","WILEY","0894-1491","1098-1136","NEUROSCIENCES","SCIE","16,348","5.5","Q1","1.36","60.89"%,
"MOLECULAR NEUROBIOLOGY","MOL NEUROBIOL","SPRINGER","0893-7648","1559-1182","NEUROSCIENCES","SCIE","30,073","5.5","Q1","1.19","25.02"%,
"NEUROCHEMISTRY INTERNATIONAL","NEUROCHEM INT","PERGAMON-ELSEVIER SCIENCE LTD","0197-0186","1872-9754","NEUROSCIENCES","SCIE","11,562","5.5","Q1","1.14","21.08"%,
"JOURNAL OF NEUROLOGY","J NEUROL","SPRINGER HEIDELBERG","0340-5354","1432-1459","CLINICAL NEUROLOGY","SCIE","28,149","5.4","Q1","1.32","52.41"%,
"JOURNAL OF PSYCHOPHARMACOLOGY","J PSYCHOPHARMACOL","SAGE PUBLICATIONS LTD","0269-8811","1461-7285","CLINICAL NEUROLOGY","SCIE","10,348","5.3","Q1","1.41","46.88"%,
"JOURNAL OF PSYCHOPHARMACOLOGY","J PSYCHOPHARMACOL","SAGE PUBLICATIONS LTD","0269-8811","1461-7285","NEUROSCIENCES","SCIE","10,348","5.3","Q1","1.41","46.88"%,
"NEUROIMAGE","NEUROIMAGE","ACADEMIC PRESS INC ELSEVIER SCIENCE","1053-8119","1095-9572","NEUROIMAGING","SCIE","122,818","5.3","Q1","1.41","100"%,
"NEUROIMAGE","NEUROIMAGE","ACADEMIC PRESS INC ELSEVIER SCIENCE","1053-8119","1095-9572","NEUROSCIENCES","SCIE","122,818","5.3","Q1","1.41","100"%,
"BRAIN TOPOGRAPHY","BRAIN TOPOGR","SPRINGER","0896-0267","1573-6792","CLINICAL NEUROLOGY","SCIE","4,234","5.3","Q1","0.98","41.15"%,
"BRAIN TOPOGRAPHY","BRAIN TOPOGR","SPRINGER","0896-0267","1573-6792","NEUROSCIENCES","SCIE","4,234","5.3","Q1","0.98","41.15"%,
"European Stroke Journal","EUR STROKE J","OXFORD UNIV PRESS","2396-9873","2396-9881","CLINICAL NEUROLOGY","SCIE","3,511","5.2","Q1","1.25","39.25"%,
"Frontiers in Aging Neuroscience","FRONT AGING NEUROSCI","FRONTIERS MEDIA SA","1663-4365","1663-4365","NEUROSCIENCES","SCIE","35,971","5.2","Q1","0.99","100"%,
"Brain Circulation","BRAIN CIRC","WOLTERS KLUWER MEDKNOW PUBLICATIONS","2394-8108","2455-4626","CLINICAL NEUROLOGY","ESCI","1,017","5.2","Q1","0.91","100"%,
"Spine Journal","SPINE J","ELSEVIER SCIENCE INC","1529-9430","1878-1632","CLINICAL NEUROLOGY","SCIE","16,410","5.1","Q1","1.78","16.92"%,
"Dialogues in Clinical Neuroscience","DIALOGUES CLIN NEURO","TAYLOR & FRANCIS LTD","1294-8322","1958-5969","NEUROSCIENCES","SCIE","6,839","5.1","Q1","0.94","100"%,
"Neurospine","NEUROSPINE","KOREAN SPINAL NEUROSURGERY SOC","2586-6583","2586-6591","CLINICAL NEUROLOGY","SCIE","3,054","5","Q1","1.56","99.68"%,
"BRAIN PATHOLOGY","BRAIN PATHOL","WILEY","1015-6305","1750-3639","CLINICAL NEUROLOGY","SCIE","6,585","5","Q1","1.45","100"%,
"BRAIN PATHOLOGY","BRAIN PATHOL","WILEY","1015-6305","1750-3639","NEUROSCIENCES","SCIE","6,585","5","Q1","1.45","100"%,
"Psychedelic Medicine","PSYCHEDELIC MED","SAGE PUBLICATIONS INC","2831-4425","2831-4433","NEUROSCIENCES","ESCI","277","5","Q1","1.01","7.5"%,
"JOURNAL OF NEUROENDOCRINOLOGY","J NEUROENDOCRINOL","WILEY","0953-8194","1365-2826","NEUROSCIENCES","SCIE","6,489","5","Q1","0.88","48.12"%,
"Biological Psychiatry-Cognitive Neuroscience and Neuroimaging","BIOL PSYCHIAT-COGN N","ELSEVIER","2451-9022","2451-9030","NEUROSCIENCES","SCIE","5,456","4.9","Q1","1.33","39.71"%,
"Alzheimer's & Dementia: Diagnosis, Assessment & Disease Monitoring","ALZH DEMENT-DADM","WILEY","N/A","2352-8729","CLINICAL NEUROLOGY","ESCI","4,349","4.9","Q1","1.25","100"%,
"Alzheimer's & Dementia: Diagnosis, Assessment & Disease Monitoring","ALZH DEMENT-DADM","WILEY","N/A","2352-8729","NEUROSCIENCES","ESCI","4,349","4.9","Q1","1.25","100"%,
"International Journal of Tryptophan Research","INT J TRYPTOPHAN RES","SAGE PUBLICATIONS LTD","1178-6469","1178-6469","NEUROSCIENCES","ESCI","1,064","4.9","Q1","0.85","100"%,
"Stroke and Vascular Neurology","STROKE VASC NEUROL","BMJ PUBLISHING GROUP","2059-8688","2059-8696","CLINICAL NEUROLOGY","SCIE","3,496","4.8","Q1","1.32","100"%,
"Sleep Health","SLEEP HEALTH","ELSEVIER","2352-7218","2352-7226","CLINICAL NEUROLOGY","SCIE","5,144","4.8","Q1","1.26","22.86"%,
"EXPERIMENTAL NEUROLOGY","EXP NEUROL","ACADEMIC PRESS INC ELSEVIER SCIENCE","0014-4886","1090-2430","NEUROSCIENCES","SCIE","21,858","4.8","Q1","1.09","25.38"%,
"INTERNATIONAL JOURNAL OF NEUROPSYCHOPHARMACOLOGY","INT J NEUROPSYCHOPH","OXFORD UNIV PRESS","1461-1457","1469-5111","CLINICAL NEUROLOGY","SCIE","7,498","4.8","Q1","1.07","100"%,
"INTERNATIONAL JOURNAL OF NEUROPSYCHOPHARMACOLOGY","INT J NEUROPSYCHOPH","OXFORD UNIV PRESS","1461-1457","1469-5111","NEUROSCIENCES","SCIE","7,498","4.8","Q1","1.07","100"%,
"JOURNAL OF PSYCHIATRY & NEUROSCIENCE","J PSYCHIATR NEUROSCI","CANADIAN SCIENCE PUBLISHING","1180-4882","1488-2434","NEUROSCIENCES","SCIE","4,019","4.8","Q1","1.01","100"%,
"REVIEWS IN THE NEUROSCIENCES","REV NEUROSCIENCE","WALTER DE GRUYTER GMBH","0334-1763","2191-0200","NEUROSCIENCES","SCIE","3,666","4.8","Q1","0.9","20"%,
"Current Pain and Headache Reports","CURR PAIN HEADACHE R","SPRINGER","1531-3433","1534-3081","CLINICAL NEUROLOGY","SCIE","4,942","4.8","Q1","0.75","19.54"%,
"NEUROPHARMACOLOGY","NEUROPHARMACOLOGY","PERGAMON-ELSEVIER SCIENCE LTD","0028-3908","1873-7064","NEUROSCIENCES","SCIE","24,274","4.7","Q1","1.29","30.46"%,
"Neurology and Therapy","NEUROL THER","SPRINGER LONDON LTD","2193-8253","2193-6536","CLINICAL NEUROLOGY","SCIE","3,130","4.7","Q1","1.26","100"%,
"IEEE Transactions on Cognitive and Developmental Systems","IEEE T COGN DEV SYST","IEEE-INST ELECTRICAL ELECTRONICS ENGINEERS INC","2379-8920","2379-8939","NEUROSCIENCES","SCIE","4,134","4.7","Q1","1.11","5.21"%,
"JOURNAL OF CEREBRAL BLOOD FLOW AND METABOLISM","J CEREBR BLOOD F MET","SAGE PUBLICATIONS INC","0271-678X","1559-7016","NEUROSCIENCES","SCIE","21,191","4.7","Q1","1.08","39.82"%,
"CURRENT OPINION IN NEUROLOGY","CURR OPIN NEUROL","LIPPINCOTT WILLIAMS & WILKINS","1350-7540","1473-6551","CLINICAL NEUROLOGY","SCIE","6,465","4.7","Q1","0.91","18.97"%,
"CURRENT OPINION IN NEUROLOGY","CURR OPIN NEUROL","LIPPINCOTT WILLIAMS & WILKINS","1350-7540","1473-6551","NEUROSCIENCES","SCIE","6,465","4.7","Q1","0.91","18.97"%,
"Developmental Cognitive Neuroscience","DEV COGN NEUROS-NETH","ELSEVIER SCI LTD","1878-9293","1878-9307","NEUROSCIENCES","SCIE","8,322","4.6","Q1","1.53","100"%,
"PROGRESS IN NEUROBIOLOGY","PROG NEUROBIOL","PERGAMON-ELSEVIER SCIENCE LTD","0301-0082","1873-5118","NEUROSCIENCES","SCIE","14,421","4.6","Q1","1.29","50"%,
"JOURNAL OF PHYSIOLOGY-LONDON","J PHYSIOL-LONDON","WILEY","0022-3751","1469-7793","NEUROSCIENCES","SCIE","50,248","4.6","Q1","1.22","58.48"%,
"Neuro-Oncology Advances","NEURO-ONCOL ADV","OXFORD UNIV PRESS","N/A","2632-2498","CLINICAL NEUROLOGY","ESCI","4,099","4.6","Q1","0.98","100"%,
"JOURNAL OF SLEEP RESEARCH","J SLEEP RES","WILEY","0962-1105","1365-2869","CLINICAL NEUROLOGY","SCIE","12,151","4.6","Q1","0.92","63.24"%,
"JOURNAL OF SLEEP RESEARCH","J SLEEP RES","WILEY","0962-1105","1365-2869","NEUROSCIENCES","SCIE","12,151","4.6","Q1","0.92","63.24"%,
"CNS SPECTRUMS","CNS SPECTRUMS","CAMBRIDGE UNIV PRESS","1092-8529","2165-6509","CLINICAL NEUROLOGY","SCIE","4,296","4.6","Q1","0.86","81.25"%,
"CLINICAL AUTONOMIC RESEARCH","CLIN AUTON RES","SPRINGER HEIDELBERG","0959-9851","1619-1560","CLINICAL NEUROLOGY","SCIE","2,863","4.6","Q1","0.79","35.9"%,
"CLINICAL AUTONOMIC RESEARCH","CLIN AUTON RES","SPRINGER HEIDELBERG","0959-9851","1619-1560","NEUROSCIENCES","SCIE","2,863","4.6","Q1","0.79","35.9"%,
"JOURNAL OF NEUROCHEMISTRY","J NEUROCHEM","WILEY","0022-3042","1471-4159","NEUROSCIENCES","SCIE","29,950","4.6","Q1","0.78","47.25"%,
"Epilepsy Currents","EPILEPSY CURR","SAGE PUBLICATIONS INC","1535-7597","1535-7511","CLINICAL NEUROLOGY","SCIE","1,378","4.6","Q1","0.51","100"%,
"Brain Communications","BRAIN COMMUN","OXFORD UNIV PRESS","N/A","2632-1297","CLINICAL NEUROLOGY","ESCI","8,452","4.5","Q1","1.18","99.91"%,
"Brain Communications","BRAIN COMMUN","OXFORD UNIV PRESS","N/A","2632-1297","NEUROSCIENCES","ESCI","8,452","4.5","Q2","1.18","99.91"%,
"BRAIN RESEARCH BULLETIN","BRAIN RES BULL","PERGAMON-ELSEVIER SCIENCE LTD","0361-9230","1873-2747","NEUROSCIENCES","SCIE","13,403","4.5","Q2","1.01","100"%,
"Cognitive Neurodynamics","COGN NEURODYNAMICS","SPRINGER","1871-4080","1871-4099","NEUROSCIENCES","SCIE","3,663","4.5","Q2","1.01","12.66"%,
"ACS Chemical Neuroscience","ACS CHEM NEUROSCI","AMER CHEMICAL SOC","1948-7193","1948-7193","NEUROSCIENCES","SCIE","14,448","4.5","Q2","0.94","29.46"%,
"NEUROCHEMICAL RESEARCH","NEUROCHEM RES","SPRINGER/PLENUM PUBLISHERS","0364-3190","1573-6903","NEUROSCIENCES","SCIE","14,927","4.5","Q2","0.84","21.6"%,
"Journal of NeuroInterventional Surgery","J NEUROINTERV SURG","BMJ PUBLISHING GROUP","1759-8478","1759-8486","NEUROIMAGING","SCIE","11,341","4.4","Q1","1.56","14.76"%,
"Current Opinion in Behavioral Sciences","CURR OPIN BEHAV SCI","ELSEVIER","2352-1546","2352-1554","NEUROSCIENCES","SCIE","7,949","4.4","Q2","1.16","56.49"%,
"JOURNAL OF PAIN","J PAIN","CHURCHILL LIVINGSTONE","1526-5900","1528-8447","CLINICAL NEUROLOGY","SCIE","15,525","4.4","Q1","1.14","24.86"%,
"JOURNAL OF PAIN","J PAIN","CHURCHILL LIVINGSTONE","1526-5900","1528-8447","NEUROSCIENCES","SCIE","15,525","4.4","Q2","1.14","24.86"%,
"Pain and Therapy","PAIN THER","SPRINGER INT PUBL AG","2193-8237","2193-651X","CLINICAL NEUROLOGY","SCIE","3,045","4.4","Q1","0.97","100"%,
"JOURNAL OF NEURAL TRANSMISSION","J NEURAL TRANSM","SPRINGER WIEN","0300-9564","1435-1463","CLINICAL NEUROLOGY","SCIE","9,369","4.4","Q1","0.86","46.68"%,
"JOURNAL OF NEURAL TRANSMISSION","J NEURAL TRANSM","SPRINGER WIEN","0300-9564","1435-1463","NEUROSCIENCES","SCIE","9,369","4.4","Q2","0.86","46.68"%,
"Frontiers in Cellular Neuroscience","FRONT CELL NEUROSCI","FRONTIERS MEDIA SA","N/A","1662-5102","NEUROSCIENCES","SCIE","25,962","4.4","Q2","0.82","99.9"%,
"ASN Neuro","ASN NEURO","TAYLOR & FRANCIS LTD","1759-0914","1759-0914","NEUROSCIENCES","SCIE","1,475","4.4","Q2","0.8","100"%,
"Frontiers in Molecular Neuroscience","FRONT MOL NEUROSCI","FRONTIERS MEDIA SA","1662-5099","1662-5099","NEUROSCIENCES","SCIE","17,894","4.4","Q2","0.79","100"%,
"npj Science of Learning","NPJ SCI LEARN","NATURE PORTFOLIO","N/A","2056-7936","NEUROSCIENCES","SCIE","1,727","4.3","Q2","1.23","100"%,
"JOURNAL OF NEUROSCIENCE","J NEUROSCI","SOC NEUROSCIENCE","0270-6474","1529-2401","NEUROSCIENCES","SCIE","140,425","4.3","Q2","1.12","18.84"%,
"EUROPEAN JOURNAL OF NEUROLOGY","EUR J NEUROL","WILEY","1351-5101","1468-1331","CLINICAL NEUROLOGY","SCIE","18,833","4.3","Q1","1.1","84.23"%,
"EUROPEAN JOURNAL OF NEUROLOGY","EUR J NEUROL","WILEY","1351-5101","1468-1331","NEUROSCIENCES","SCIE","18,833","4.3","Q2","1.1","84.23"%,
"Pain Reports","PAIN REP","LIPPINCOTT WILLIAMS & WILKINS","N/A","2471-2531","CLINICAL NEUROLOGY","ESCI","2,727","4.3","Q1","1.07","100"%,
"Pain Reports","PAIN REP","LIPPINCOTT WILLIAMS & WILKINS","N/A","2471-2531","NEUROSCIENCES","ESCI","2,727","4.3","Q2","1.07","100"%,
"PARKINSONISM & RELATED DISORDERS","PARKINSONISM RELAT D","ELSEVIER SCI LTD","1353-8020","1873-5126","CLINICAL NEUROLOGY","SCIE","15,104","4.3","Q1","1.03","21.57"%,
"Expert Review of Neurotherapeutics","EXPERT REV NEUROTHER","TAYLOR & FRANCIS LTD","1473-7175","1744-8360","CLINICAL NEUROLOGY","SCIE","6,194","4.3","Q1","0.68","7.36"%,
"AIMS Neuroscience","AIMS NEUROSCI","AMER INST MATHEMATICAL SCIENCES-AIMS","2373-8006","2373-7972","NEUROSCIENCES","ESCI","844","4.3","Q2","0.51","100"%,
"PROGRESS IN NEURO-PSYCHOPHARMACOLOGY & BIOLOGICAL PSYCHIATRY","PROG NEURO-PSYCHOPH","PERGAMON-ELSEVIER SCIENCE LTD","0278-5846","1878-4216","CLINICAL NEUROLOGY","SCIE","15,762","4.2","Q1","1.11","26.79"%,
"PROGRESS IN NEURO-PSYCHOPHARMACOLOGY & BIOLOGICAL PSYCHIATRY","PROG NEURO-PSYCHOPH","PERGAMON-ELSEVIER SCIENCE LTD","0278-5846","1878-4216","NEUROSCIENCES","SCIE","15,762","4.2","Q2","1.11","26.79"%,
"NeuroImage-Clinical","NEUROIMAGE-CLIN","ELSEVIER SCI LTD","2213-1582","2213-1582","NEUROIMAGING","SCIE","16,320","4.2","Q1","1.07","99.83"%,
"Neurobiology of Stress","NEUROBIOL STRESS","ELSEVIER SCIENCE INC","2352-2895","2352-2895","NEUROSCIENCES","SCIE","3,705","4.2","Q2","1.05","99.53"%,
"Translational Stroke Research","TRANSL STROKE RES","SPRINGER","1868-4483","1868-601X","CLINICAL NEUROLOGY","SCIE","4,832","4.2","Q1","1.01","32.94"%,
"Translational Stroke Research","TRANSL STROKE RES","SPRINGER","1868-4483","1868-601X","NEUROSCIENCES","SCIE","4,832","4.2","Q2","1.01","32.94"%,
"Korean Journal of Pain","KOREAN J PAIN","KOREAN PAIN SOC","2005-9159","2093-0569","CLINICAL NEUROLOGY","SCIE","1,467","4.2","Q1","0.99","100"%,
"Neurocritical Care","NEUROCRIT CARE","HUMANA PRESS INC","1541-6933","1556-0961","CLINICAL NEUROLOGY","SCIE","7,605","4.2","Q1","0.94","29.56"%,
"SLEEP MEDICINE","SLEEP MED","ELSEVIER","1389-9457","1878-5506","CLINICAL NEUROLOGY","SCIE","21,113","4.1","Q1","1.12","30.82"%,
"Multiple Sclerosis Journal","MULT SCLER J","SAGE PUBLICATIONS LTD","1352-4585","1477-0970","CLINICAL NEUROLOGY","SCIE","13,601","4.1","Q1","1.04","35.48"%,
"Multiple Sclerosis Journal","MULT SCLER J","SAGE PUBLICATIONS LTD","1352-4585","1477-0970","NEUROSCIENCES","SCIE","13,601","4.1","Q2","1.04","35.48"%,
"NEUROSCIENTIST","NEUROSCIENTIST","SAGE PUBLICATIONS INC","1073-8584","1089-4098","CLINICAL NEUROLOGY","SCIE","5,962","4.1","Q1","0.7","33.77"%,
"NEUROSCIENTIST","NEUROSCIENTIST","SAGE PUBLICATIONS INC","1073-8584","1089-4098","NEUROSCIENCES","SCIE","5,962","4.1","Q2","0.7","33.77"%,
"Neuroprotection","NEUROPROTECTION-PRC","WILEY","2770-7296","2770-730X","NEUROSCIENCES","ESCI","183","4.1","Q2","0.63","100"%,
"NEUROREHABILITATION AND NEURAL REPAIR","NEUROREHAB NEURAL RE","SAGE PUBLICATIONS INC","1545-9683","1552-6844","CLINICAL NEUROLOGY","SCIE","7,792","4","Q1","1.43","32.76"%,
"Biological Psychiatry: Global Open Science","BIOL PSYCHIAT-GLOB O","ELSEVIER","2667-1743","2667-1743","NEUROSCIENCES","ESCI","1,447","4","Q2","1.1","100"%,
"HUMAN BRAIN MAPPING","HUM BRAIN MAPP","WILEY","1065-9471","1097-0193","NEUROIMAGING","SCIE","30,018","4","Q2","1.08","100"%,
"HUMAN BRAIN MAPPING","HUM BRAIN MAPP","WILEY","1065-9471","1097-0193","NEUROSCIENCES","SCIE","30,018","4","Q2","1.08","100"%,
"JOURNAL OF PAIN AND SYMPTOM MANAGEMENT","J PAIN SYMPTOM MANAG","ELSEVIER SCIENCE INC","0885-3924","1873-6513","CLINICAL NEUROLOGY","SCIE","16,803","4","Q1","1.03","19.51"%,
"Therapeutic Advances in Neurological Disorders","THER ADV NEUROL DISO","SAGE PUBLICATIONS LTD","1756-2856","1756-2864","CLINICAL NEUROLOGY","SCIE","3,490","4","Q1","1.03","100"%,
"Neurological Research and Practice","NEUROL RES PRACT","SPRINGERNATURE","N/A","2524-3489","CLINICAL NEUROLOGY","ESCI","1,493","4","Q1","0.94","100"%,
"NEUROBIOLOGY OF AGING","NEUROBIOL AGING","ELSEVIER SCIENCE INC","0197-4580","1558-1497","NEUROSCIENCES","SCIE","23,314","4","Q2","0.93","47.72"%,
"BEHAVIOURAL NEUROLOGY","BEHAV NEUROL","WILEY","0953-4180","1875-8584","CLINICAL NEUROLOGY","SCIE","2,361","4","Q1","0.85","100"%,
"Journal of Neural Engineering","J NEURAL ENG","IOP Publishing Ltd","1741-2560","1741-2552","NEUROSCIENCES","SCIE","16,177","4","Q2","0.85","72.56"%,
"Frontiers in Neuroscience","FRONT NEUROSCI-SWITZ","FRONTIERS MEDIA SA","N/A","1662-453X","NEUROSCIENCES","SCIE","63,123","4","Q2","0.77","99.98"%,
"Journal of Movement Disorders","J MOV DISORD","KOREAN MOVEMENT DISORDERS SOC","2005-940X","2093-4939","CLINICAL NEUROLOGY","SCIE","1,150","4","Q1","0.72","100"%,
"Neurodegenerative Diseases","NEURODEGENER DIS","KARGER","1660-2854","1660-2862","CLINICAL NEUROLOGY","SCIE","1,459","4","Q1","0.58","52"%,
"Neurodegenerative Diseases","NEURODEGENER DIS","KARGER","1660-2854","1660-2862","NEUROSCIENCES","SCIE","1,459","4","Q2","0.58","52"%,
"JOURNAL OF NEUROSURGERY-SPINE","J NEUROSURG-SPINE","AMER ASSOC NEUROLOGICAL SURGEONS","1547-5654","1547-5646","CLINICAL NEUROLOGY","SCIE","11,194","3.9","Q2","1.33","0.98"%,
"HEADACHE","HEADACHE","WILEY","0017-8748","1526-4610","CLINICAL NEUROLOGY","SCIE","10,582","3.9","Q2","1.15","47.1"%,
"Annals of Clinical and Translational Neurology","ANN CLIN TRANSL NEUR","WILEY","2328-9503","2328-9503","CLINICAL NEUROLOGY","SCIE","8,679","3.9","Q2","1.1","100"%,
"Annals of Clinical and Translational Neurology","ANN CLIN TRANSL NEUR","WILEY","2328-9503","2328-9503","NEUROSCIENCES","SCIE","8,679","3.9","Q2","1.1","100"%,
"EUROPEAN ARCHIVES OF PSYCHIATRY AND CLINICAL NEUROSCIENCE","EUR ARCH PSY CLIN N","SPRINGER HEIDELBERG","0940-1334","1433-8491","CLINICAL NEUROLOGY","SCIE","7,120","3.9","Q2","1.05","47.28"%,
"BIPOLAR DISORDERS","BIPOLAR DISORD","WILEY","1398-5647","1399-5618","CLINICAL NEUROLOGY","SCIE","5,403","3.9","Q2","0.85","59.26"%,
"BIPOLAR DISORDERS","BIPOLAR DISORD","WILEY","1398-5647","1399-5618","NEUROSCIENCES","SCIE","5,403","3.9","Q2","0.85","59.26"%,
"NEUROTOXICITY RESEARCH","NEUROTOX RES","SPRINGER","1029-8428","1476-3524","NEUROSCIENCES","SCIE","4,935","3.9","Q2","0.82","14.71"%,
"JOURNAL OF NEUROSURGERY","J NEUROSURG","AMER ASSOC NEUROLOGICAL SURGEONS","0022-3085","1933-0693","CLINICAL NEUROLOGY","SCIE","35,433","3.8","Q2","1.54","0.38"%,
"NEUROSURGERY","NEUROSURGERY","LIPPINCOTT WILLIAMS & WILKINS","0148-396X","1524-4040","CLINICAL NEUROLOGY","SCIE","28,090","3.8","Q2","1.43","10.06"%,
"EUROPEAN JOURNAL OF PAIN","EUR J PAIN","WILEY","1090-3801","1532-2149","CLINICAL NEUROLOGY","SCIE","10,263","3.8","Q2","1.04","67.28"%,
"EUROPEAN JOURNAL OF PAIN","EUR J PAIN","WILEY","1090-3801","1532-2149","NEUROSCIENCES","SCIE","10,263","3.8","Q2","1.04","67.28"%,
"NEUROTOXICOLOGY","NEUROTOXICOLOGY","ELSEVIER","0161-813X","1872-9711","NEUROSCIENCES","SCIE","8,095","3.8","Q2","0.98","17.18"%,
"JOURNAL OF NEUROTRAUMA","J NEUROTRAUM","SAGE PUBLICATIONS INC","0897-7151","1557-9042","CLINICAL NEUROLOGY","SCIE","16,986","3.8","Q2","0.96","13.09"%,
"JOURNAL OF NEUROTRAUMA","J NEUROTRAUM","SAGE PUBLICATIONS INC","0897-7151","1557-9042","NEUROSCIENCES","SCIE","16,986","3.8","Q2","0.96","13.09"%,
"Brain Behavior & Immunity-Health","BRAIN BEHAV IMMUN-HL","ELSEVIER","2666-3546","2666-3546","NEUROSCIENCES","ESCI","3,256","3.8","Q2","0.92","100"%,
"Clinical Neuropsychiatry","CLIN NEUROPSYCHIATR","GIOVANNI FIORITI EDITORE","1724-4935","2385-0787","CLINICAL NEUROLOGY","ESCI","1,163","3.8","Q2","0.9","0"%,
"NEUROMOLECULAR MEDICINE","NEUROMOL MED","HUMANA PRESS INC","1535-1084","1559-1174","NEUROSCIENCES","SCIE","2,587","3.8","Q2","0.83","27.16"%,
"Molecular Brain","MOL BRAIN","BMC","N/A","1756-6606","NEUROSCIENCES","SCIE","4,883","3.8","Q2","0.81","100"%,
"METABOLIC BRAIN DISEASE","METAB BRAIN DIS","SPRINGER/PLENUM PUBLISHERS","0885-7490","1573-7365","NEUROSCIENCES","SCIE","7,382","3.8","Q2","0.77","17.44"%,
"Molecular Pain","MOL PAIN","SAGE PUBLICATIONS INC","N/A","1744-8069","NEUROSCIENCES","SCIE","4,049","3.8","Q2","0.76","100"%,
"Neurobiology of Language","NEUROBIOL LANG","MIT PRESS","2641-4368","2641-4368","NEUROSCIENCES","ESCI","620","3.7","Q2","1.43","100"%,
"DEVELOPMENTAL MEDICINE AND CHILD NEUROLOGY","DEV MED CHILD NEUROL","WILEY","0012-1622","1469-8749","CLINICAL NEUROLOGY","SCIE","16,610","3.7","Q2","1.39","61.14"%,
"SPINE","SPINE","LIPPINCOTT WILLIAMS & WILKINS","0362-2436","1528-1159","CLINICAL NEUROLOGY","SCIE","45,060","3.7","Q2","1.34","11.28"%,
"NEUROMODULATION","NEUROMODULATION","ELSEVIER","1094-7159","1525-1403","CLINICAL NEUROLOGY","SCIE","5,613","3.7","Q2","1.03","29.93"%,
"NEUROMODULATION","NEUROMODULATION","ELSEVIER","1094-7159","1525-1403","NEUROSCIENCES","SCIE","5,613","3.7","Q2","1.03","29.93"%,
"Neurology-Clinical Practice","NEUROL-CLIN PRACT","LIPPINCOTT WILLIAMS & WILKINS","2163-0402","2163-0933","CLINICAL NEUROLOGY","ESCI","2,829","3.7","Q2","0.88","20.98"%,
"NEUROPSYCHOBIOLOGY","NEUROPSYCHOBIOLOGY","KARGER","0302-282X","1423-0224","NEUROSCIENCES","SCIE","2,861","3.7","Q2","0.86","38.82"%,
"Journal of Neurogastroenterology and Motility","J NEUROGASTROENTEROL","KOREAN SOC NEUROGASTROENTEROLOGY & MOTILITY","2093-0879","2093-0887","CLINICAL NEUROLOGY","SCIE","2,980","3.7","Q2","0.85","100"%,
"NEUROTOXICOLOGY AND TERATOLOGY","NEUROTOXICOL TERATOL","PERGAMON-ELSEVIER SCIENCE LTD","0892-0362","1872-9738","NEUROSCIENCES","SCIE","3,182","3.7","Q2","0.79","15.57"%,
"STRESS-THE INTERNATIONAL JOURNAL ON THE BIOLOGY OF STRESS","STRESS","TAYLOR & FRANCIS LTD","1025-3890","1607-8888","NEUROSCIENCES","SCIE","3,748","3.7","Q2","0.72","100"%,
"NEUROIMMUNOMODULATION","NEUROIMMUNOMODULAT","KARGER","1021-7401","1423-0216","NEUROSCIENCES","SCIE","1,709","3.7","Q2","0.55","100"%,
"Journal of Neurologic Physical Therapy","J NEUROL PHYS THER","LIPPINCOTT WILLIAMS & WILKINS","1557-0576","1557-0584","CLINICAL NEUROLOGY","SCIE","1,900","3.6","Q2","1.54","17.57"%,
"Social Cognitive and Affective Neuroscience","SOC COGN AFFECT NEUR","OXFORD UNIV PRESS","1749-5016","1749-5024","NEUROSCIENCES","SCIE","9,294","3.6","Q2","1.1","100"%,
"COGNITIVE AFFECTIVE & BEHAVIORAL NEUROSCIENCE","COGN AFFECT BEHAV NE","SPRINGER","1530-7026","1531-135X","NEUROSCIENCES","SCIE","5,640","3.6","Q2","0.98","50.5"%,
"Neurophotonics","NEUROPHOTONICS","SPIE-SOC PHOTO-OPTICAL INSTRUMENTATION ENGINEERS","2329-423X","2329-4248","NEUROSCIENCES","SCIE","2,916","3.6","Q2","0.98","99.24"%,
"Journal of Neurodevelopmental Disorders","J NEURODEV DISORD","BMC","1866-1947","1866-1955","CLINICAL NEUROLOGY","SCIE","2,737","3.6","Q2","0.96","100"%,
"Journal of Neurodevelopmental Disorders","J NEURODEV DISORD","BMC","1866-1947","1866-1955","NEUROSCIENCES","SCIE","2,737","3.6","Q2","0.96","100"%,
"Frontiers in Human Neuroscience","FRONT HUM NEUROSCI","FRONTIERS MEDIA SA","1662-5161","1662-5161","NEUROSCIENCES","SCIE","34,636","3.6","Q2","0.82","99.87"%,
"Journal of Clinical Neurology","J CLIN NEUROL","KOREAN NEUROLOGICAL ASSOC","1738-6586","2005-5013","CLINICAL NEUROLOGY","SCIE","2,516","3.6","Q2","0.8","100"%,
"Frontiers in Systems Neuroscience","FRONT SYST NEUROSCI","FRONTIERS MEDIA SA","N/A","1662-5137","NEUROSCIENCES","SCIE","7,002","3.6","Q2","0.7","100"%,
"AMERICAN JOURNAL OF NEURORADIOLOGY","AM J NEURORADIOL","AMER SOC NEURORADIOLOGY","0195-6108","1936-959X","CLINICAL NEUROLOGY","SCIE","24,365","3.5","Q2","1.05","97.59"%,
"AMERICAN JOURNAL OF NEURORADIOLOGY","AM J NEURORADIOL","AMER SOC NEURORADIOLOGY","0195-6108","1936-959X","NEUROIMAGING","SCIE","24,365","3.5","Q2","1.05","97.59"%,
"Journal of Neuromuscular Diseases","J NEUROMUSCULAR DIS","SAGE PUBLICATIONS INC","2214-3599","2214-3602","CLINICAL NEUROLOGY","SCIE","2,304","3.5","Q2","0.89","56.19"%,
"Journal of Neuromuscular Diseases","J NEUROMUSCULAR DIS","SAGE PUBLICATIONS INC","2214-3599","2214-3602","NEUROSCIENCES","SCIE","2,304","3.5","Q2","0.89","56.19"%,
"NEUROLOGIC CLINICS","NEUROL CLIN","W B SAUNDERS CO-ELSEVIER INC","0733-8619","1557-9875","CLINICAL NEUROLOGY","SCIE","3,460","3.5","Q2","0.8","2"%,
"NEUROLOGIC CLINICS","NEUROL CLIN","W B SAUNDERS CO-ELSEVIER INC","0733-8619","1557-9875","NEUROSCIENCES","SCIE","3,460","3.5","Q2","0.8","2"%,
"NEUROMUSCULAR DISORDERS","NEUROMUSCULAR DISORD","PERGAMON-ELSEVIER SCIENCE LTD","0960-8966","1873-2364","CLINICAL NEUROLOGY","SCIE","6,584","3.5","Q2","0.7","28.26"%,
"NEUROMUSCULAR DISORDERS","NEUROMUSCULAR DISORD","PERGAMON-ELSEVIER SCIENCE LTD","0960-8966","1873-2364","NEUROSCIENCES","SCIE","6,584","3.5","Q2","0.7","28.26"%,
"Frontiers in Pain Research","FRONT PAIN RES","FRONTIERS MEDIA SA","N/A","2673-561X","CLINICAL NEUROLOGY","ESCI","2,352","3.5","Q2","0.67","100"%,
"Frontiers in Pain Research","FRONT PAIN RES","FRONTIERS MEDIA SA","N/A","2673-561X","NEUROSCIENCES","ESCI","2,352","3.5","Q2","0.67","100"%,
"Frontiers in Neurorobotics","FRONT NEUROROBOTICS","FRONTIERS MEDIA SA","1662-5218","1662-5218","NEUROSCIENCES","SCIE","5,024","3.5","Q2","0.65","100"%,
"Neuroscience Insights","NEUROSCI INSIGHTS","SAGE PUBLICATIONS LTD","N/A","2633-1055","NEUROSCIENCES","ESCI","347","3.5","Q2","0.5","100"%,
"Journal of Clinical Sleep Medicine","J CLIN SLEEP MED","AMER ACAD SLEEP MEDICINE","1550-9389","1550-9397","CLINICAL NEUROLOGY","SCIE","14,870","3.4","Q2","0.95","1.45"%,
"CLINICAL NEUROPHYSIOLOGY","CLIN NEUROPHYSIOL","ELSEVIER IRELAND LTD","1388-2457","1872-8952","CLINICAL NEUROLOGY","SCIE","23,540","3.4","Q2","0.9","47.25"%,
"CLINICAL NEUROPHYSIOLOGY","CLIN NEUROPHYSIOL","ELSEVIER IRELAND LTD","1388-2457","1872-8952","NEUROSCIENCES","SCIE","23,540","3.4","Q2","0.9","47.25"%,
"PSYCHONEUROENDOCRINOLOGY","PSYCHONEUROENDOCRINO","PERGAMON-ELSEVIER SCIENCE LTD","0306-4530","1873-3360","NEUROSCIENCES","SCIE","20,418","3.4","Q2","0.88","41.59"%,
"Nature and Science of Sleep","NAT SCI SLEEP","DOVE MEDICAL PRESS LTD","1179-1608","1179-1608","CLINICAL NEUROLOGY","SCIE","4,512","3.4","Q2","0.87","98.78"%,
"Nature and Science of Sleep","NAT SCI SLEEP","DOVE MEDICAL PRESS LTD","1179-1608","1179-1608","NEUROSCIENCES","SCIE","4,512","3.4","Q2","0.87","98.78"%,
"Network Neuroscience","NETW NEUROSCI","MIT PRESS","2472-1751","2472-1751","NEUROSCIENCES","SCIE","1,807","3.4","Q2","0.86","100"%,
"NEURAL PLASTICITY","NEURAL PLAST","WILEY","2090-5904","1687-5443","NEUROSCIENCES","SCIE","6,770","3.4","Q2","0.86","100"%,
"Neurobiology of Pain","NEUROBIOL PAIN","ELSEVIER","N/A","2452-073X","CLINICAL NEUROLOGY","ESCI","592","3.4","Q2","0.86","100"%,
"Neurobiology of Pain","NEUROBIOL PAIN","ELSEVIER","N/A","2452-073X","NEUROSCIENCES","ESCI","592","3.4","Q2","0.86","100"%,
"Epilepsia Open","EPILEPSIA OPEN","WILEY","N/A","2470-9239","CLINICAL NEUROLOGY","SCIE","3,090","3.4","Q2","0.8","99.83"%,
"Epilepsia Open","EPILEPSIA OPEN","WILEY","N/A","2470-9239","NEUROSCIENCES","SCIE","3,090","3.4","Q2","0.8","99.83"%,
"JOURNAL OF NEURO-ONCOLOGY","J NEURO-ONCOL","SPRINGER","0167-594X","1573-7373","CLINICAL NEUROLOGY","SCIE","14,899","3.4","Q2","0.79","38.69"%,
"MOLECULAR AND CELLULAR NEUROSCIENCE","MOL CELL NEUROSCI","ACADEMIC PRESS INC ELSEVIER SCIENCE","1044-7431","1095-9327","NEUROSCIENCES","SCIE","5,524","3.4","Q2","0.78","26.32"%,
"JOURNAL OF ALZHEIMERS DISEASE","J ALZHEIMERS DIS","SAGE PUBLICATIONS LTD","1387-2877","1875-8908","NEUROSCIENCES","SCIE","40,756","3.4","Q2","0.77","12.46"%,
"Journal of Neurorestoratology","J NEURORESTORATOLOGY","ELSEVIER","2324-2426","2324-2426","CLINICAL NEUROLOGY","ESCI","502","3.4","Q2","0.77","100"%,
"Frontiers in Behavioral Neuroscience","FRONT BEHAV NEUROSCI","FRONTIERS MEDIA SA","1662-5153","N/A","NEUROSCIENCES","SCIE","12,578","3.4","Q2","0.76","100"%,
"Brain Sciences","BRAIN SCI","MDPI","N/A","2076-3425","CLINICAL NEUROLOGY","SCIE","29,922","3.4","Q2","0.74","99.98"%,
"Brain Sciences","BRAIN SCI","MDPI","N/A","2076-3425","NEUROSCIENCES","SCIE","29,922","3.4","Q2","0.74","99.98"%,
"Movement Disorders Clinical Practice","MOV DISORD CLIN PRAC","WILEY","2330-1619","2330-1619","CLINICAL NEUROLOGY","SCIE","4,467","3.4","Q2","0.71","48.64"%,
"Clinical Psychopharmacology and Neuroscience","CLIN PSYCHOPHARM NEU","KOREAN COLL NEUROPSYCHOPHARMACOLOGY","1738-1088","2093-4327","NEUROSCIENCES","SCIE","2,007","3.4","Q2","0.67","99.56"%,
"JOURNAL OF HEAD TRAUMA REHABILITATION","J HEAD TRAUMA REHAB","LIPPINCOTT WILLIAMS & WILKINS","0885-9701","1550-509X","CLINICAL NEUROLOGY","SCIE","4,670","3.3","Q2","1.32","15.53"%,
"Neurosurgical Focus","NEUROSURG FOCUS","AMER ASSOC NEUROLOGICAL SURGEONS","1092-0684","1092-0684","CLINICAL NEUROLOGY","SCIE","10,046","3.3","Q2","1.09","99.77"%,
"JOURNAL OF NEURORADIOLOGY","J NEURORADIOLOGY","MASSON EDITEUR","0150-9861","1773-0406","CLINICAL NEUROLOGY","SCIE","1,687","3.3","Q2","1.02","20.81"%,
"JOURNAL OF NEURORADIOLOGY","J NEURORADIOLOGY","MASSON EDITEUR","0150-9861","1773-0406","NEUROIMAGING","SCIE","1,687","3.3","Q2","1.02","20.81"%,
"PSYCHOPHARMACOLOGY","PSYCHOPHARMACOLOGY","SPRINGER","0033-3158","1432-2072","NEUROSCIENCES","SCIE","20,433","3.3","Q2","0.89","44.36"%,
"JOURNAL OF NEUROPATHOLOGY AND EXPERIMENTAL NEUROLOGY","J NEUROPATH EXP NEUR","OXFORD UNIV PRESS INC","0022-3069","1554-6578","CLINICAL NEUROLOGY","SCIE","8,761","3.3","Q2","0.86","39.04"%,
"JOURNAL OF NEUROPATHOLOGY AND EXPERIMENTAL NEUROLOGY","J NEUROPATH EXP NEUR","OXFORD UNIV PRESS INC","0022-3069","1554-6578","NEUROSCIENCES","SCIE","8,761","3.3","Q2","0.86","39.04"%,
"Neurology-Genetics","NEUROL-GENET","LIPPINCOTT WILLIAMS & WILKINS","2376-7839","2376-7839","CLINICAL NEUROLOGY","SCIE","2,046","3.3","Q2","0.83","99.49"%,
"INTERNATIONAL JOURNAL OF PSYCHOPHYSIOLOGY","INT J PSYCHOPHYSIOL","ELSEVIER","0167-8760","1872-7697","NEUROSCIENCES","SCIE","10,582","3.3","Q2","0.82","31.29"%,
"Trends in Neuroscience and Education","TRENDS NEUROSCI EDUC","ELSEVIER","2452-0837","2211-9493","NEUROSCIENCES","ESCI","890","3.3","Q2","0.77","49.25"%,
"Neurology International","NEUROL INT","MDPI","2035-8377","2035-8377","CLINICAL NEUROLOGY","ESCI","1,733","3.3","Q2","0.76","100"%,
"American Journal of Alzheimers Disease and Other Dementias","AM J ALZHEIMERS DIS","SAGE PUBLICATIONS INC","1533-3175","1938-2731","CLINICAL NEUROLOGY","SCIE","2,887","3.3","Q2","0.74","100"%,
"JOURNAL OF NEUROPSYCHIATRY AND CLINICAL NEUROSCIENCES","J NEUROPSYCH CLIN N","AMER PSYCHIATRIC PUBLISHING, INC","0895-0172","1545-7222","CLINICAL NEUROLOGY","SCIE","3,598","3.3","Q2","0.74","1.89"%,
"JOURNAL OF NEUROPSYCHIATRY AND CLINICAL NEUROSCIENCES","J NEUROPSYCH CLIN N","AMER PSYCHIATRIC PUBLISHING, INC","0895-0172","1545-7222","NEUROSCIENCES","SCIE","3,598","3.3","Q2","0.74","1.89"%,
"Frontiers in Neurology","FRONT NEUROL","FRONTIERS MEDIA SA","1664-2295","1664-2295","CLINICAL NEUROLOGY","SCIE","57,716","3.3","Q2","0.72","99.82"%,
"Frontiers in Neurology","FRONT NEUROL","FRONTIERS MEDIA SA","1664-2295","1664-2295","NEUROSCIENCES","SCIE","57,716","3.3","Q2","0.72","99.82"%,
"BMC NEUROSCIENCE","BMC NEUROSCI","BMC","1471-2202","1471-2202","NEUROSCIENCES","SCIE","5,039","3.3","Q2","0.71","100"%,
"NEUROSCIENCE","NEUROSCIENCE","PERGAMON-ELSEVIER SCIENCE LTD","0306-4522","1873-7544","NEUROSCIENCES","SCIE","39,045","3.3","Q2","0.71","18.87"%,
"Frontiers in Computational Neuroscience","FRONT COMPUT NEUROSC","FRONTIERS MEDIA SA","N/A","1662-5188","NEUROSCIENCES","SCIE","4,961","3.3","Q2","0.66","100"%,
"Journal of Integrative Neuroscience","J INTEGR NEUROSCI","IMR PRESS","0219-6352","1757-448X","NEUROSCIENCES","SCIE","2,627","3.3","Q2","0.64","100"%,
"Current Sleep Medicine Reports","CURR SLEEP MED REP","SPRINGERNATURE","N/A","2198-6401","CLINICAL NEUROLOGY","ESCI","844","3.3","Q2","0.63","26.47"%,
"CNS & Neurological Disorders-Drug Targets","CNS NEUROL DISORD-DR","BENTHAM SCIENCE PUBL","1871-5273","1996-3181","NEUROSCIENCES","SCIE","4,030","3.3","Q2","0.58","1.48"%,
"EUROPEAN SPINE JOURNAL","EUR SPINE J","SPRINGER","0940-6719","1432-0932","CLINICAL NEUROLOGY","SCIE","23,293","3.2","Q2","1.01","28.36"%,
"PSYCHOPHYSIOLOGY","PSYCHOPHYSIOLOGY","WILEY","0048-5772","1469-8986","NEUROSCIENCES","SCIE","17,431","3.2","Q3","0.99","59.85"%,
"CLINICAL JOURNAL OF PAIN","CLIN J PAIN","LIPPINCOTT WILLIAMS & WILKINS","0749-8047","1536-5409","CLINICAL NEUROLOGY","SCIE","7,813","3.2","Q2","0.95","14.16"%,
"CORTEX","CORTEX","ELSEVIER MASSON, CORP OFF","0010-9452","1973-8102","NEUROSCIENCES","SCIE","14,510","3.2","Q3","0.95","57.02"%,
"North American Spine Society Journal","N AM SPINE SOC J","ELSEVIER","N/A","2666-5484","CLINICAL NEUROLOGY","ESCI","947","3.2","Q2","0.92","100"%,
"Cerebral Circulation-Cognition and Behavior","CEREB CIRC-COGN BEHA","ELSEVIER","2666-2450","2666-2450","CLINICAL NEUROLOGY","ESCI","480","3.2","Q2","0.84","100"%,
"Pain Physician","PAIN PHYSICIAN","ASIPP Publishing","1533-3159","N/A","CLINICAL NEUROLOGY","SCIE","6,528","3.2","Q2","0.81","2.06"%,
"Clinical Neuroradiology","CLIN NEURORADIOL","SPRINGER HEIDELBERG","1869-1439","1869-1447","CLINICAL NEUROLOGY","SCIE","2,209","3.2","Q2","0.8","51.48"%,
"Neuropsychiatric Disease and Treatment","NEUROPSYCH DIS TREAT","DOVE MEDICAL PRESS LTD","N/A","1178-2021","CLINICAL NEUROLOGY","SCIE","12,243","3.2","Q2","0.76","98.91"%,
"Neurologia i Neurochirurgia Polska","NEUROL NEUROCHIR POL","VIA MEDICA","0028-3843","1897-4260","CLINICAL NEUROLOGY","SCIE","1,559","3.2","Q2","0.75","4.52"%,
"BRAIN RESEARCH","BRAIN RES","ELSEVIER","0006-8993","1872-6240","NEUROSCIENCES","SCIE","40,293","3.2","Q3","0.72","20.29"%,
"Canadian Journal of Pain-Revue Canadienne de la Douleur","CAN J PAIN","TAYLOR & FRANCIS LTD","2474-0527","2474-0527","CLINICAL NEUROLOGY","ESCI","667","3.2","Q2","0.7","100"%,
"NEUROSCIENCE RESEARCH","NEUROSCI RES","ELSEVIER IRELAND LTD","0168-0102","1872-8111","NEUROSCIENCES","SCIE","5,357","3.2","Q3","0.62","67.12"%,
"Clocks & Sleep","CLOCKS SLEEP","MDPI","N/A","2624-5175","CLINICAL NEUROLOGY","ESCI","870","3.2","Q2","0.6","100"%,
"Clocks & Sleep","CLOCKS SLEEP","MDPI","N/A","2624-5175","NEUROSCIENCES","ESCI","870","3.2","Q3","0.6","100"%,
"Global Spine Journal","GLOB SPINE J","SAGE PUBLICATIONS LTD","2192-5682","2192-5690","CLINICAL NEUROLOGY","SCIE","7,661","3.1","Q2","1.04","100"%,
"Journal of Pain Research","J PAIN RES","DOVE MEDICAL PRESS LTD","1178-7090","1178-7090","CLINICAL NEUROLOGY","SCIE","9,998","3.1","Q2","0.75","99.66"%,
"Pain Research & Management","PAIN RES MANAG","WILEY","1203-6765","1918-1523","CLINICAL NEUROLOGY","SCIE","3,781","3.1","Q2","0.75","100"%,
"JOURNAL OF THE NEUROLOGICAL SCIENCES","J NEUROL SCI","ELSEVIER","0022-510X","1878-5883","CLINICAL NEUROLOGY","SCIE","19,510","3.1","Q2","0.74","26.5"%,
"JOURNAL OF THE NEUROLOGICAL SCIENCES","J NEUROL SCI","ELSEVIER","0022-510X","1878-5883","NEUROSCIENCES","SCIE","19,510","3.1","Q3","0.74","26.5"%,
"SEIZURE-EUROPEAN JOURNAL OF EPILEPSY","SEIZURE-EUR J EPILEP","W B SAUNDERS CO LTD","1059-1311","1532-2688","CLINICAL NEUROLOGY","SCIE","9,732","3.1","Q2","0.73","27.07"%,
"SEIZURE-EUROPEAN JOURNAL OF EPILEPSY","SEIZURE-EUR J EPILEP","W B SAUNDERS CO LTD","1059-1311","1532-2688","NEUROSCIENCES","SCIE","9,732","3.1","Q3","0.73","27.07"%,
"Stroke-Vascular and Interventional Neurology","STROKE-VASC INTERV N","LIPPINCOTT WILLIAMS & WILKINS","2694-5746","2694-5746","CLINICAL NEUROLOGY","ESCI","1,145","3.1","Q2","0.71","100"%,
"NUTRITIONAL NEUROSCIENCE","NUTR NEUROSCI","TAYLOR & FRANCIS LTD","1028-415X","1476-8305","NEUROSCIENCES","SCIE","4,683","3.1","Q3","0.69","6.71"%,
"JOURNAL OF NEUROSCIENCE RESEARCH","J NEUROSCI RES","WILEY","0360-4012","1097-4547","NEUROSCIENCES","SCIE","12,207","3.1","Q3","0.66","37.25"%,
"JOURNAL OF NEUROIMMUNOLOGY","J NEUROIMMUNOL","ELSEVIER","0165-5728","1872-8421","NEUROSCIENCES","SCIE","9,975","3.1","Q3","0.63","17.55"%,
"CEREBELLUM","CEREBELLUM","SPRINGER","1473-4222","1473-4230","NEUROSCIENCES","SCIE","4,969","3.1","Q3","0.6","38.05"%,
"Frontiers in Neuroergonomics","FRONT NEUROERGONOM","FRONTIERS MEDIA SA","N/A","2673-6195","NEUROSCIENCES","ESCI","457","3.1","Q3","0.59","100"%,
"Journal of Alzheimers Disease Reports","J ALZHEIMERS DIS REP","SAGE PUBLICATIONS INC","N/A","2542-4823","NEUROSCIENCES","ESCI","1,704","3.1","Q3","0.5","98.08"%,
"Annals of Neurosciences","ANN NEUROSCI","SAGE PUBLICATIONS LTD","0972-7531","0976-3260","NEUROSCIENCES","ESCI","1,185","3.1","Q3","0.42","100"%,
"HEARING RESEARCH","HEARING RES","ELSEVIER","0378-5955","1878-5891","NEUROSCIENCES","SCIE","10,766","3","Q3","1.23","41.35"%,
"Brain Structure & Function","BRAIN STRUCT FUNCT","SPRINGER HEIDELBERG","1863-2653","1863-2661","NEUROSCIENCES","SCIE","8,730","3","Q3","1.17","49.26"%,
"NEUROPATHOLOGY AND APPLIED NEUROBIOLOGY","NEUROPATH APPL NEURO","WILEY","0305-1846","1365-2990","CLINICAL NEUROLOGY","SCIE","4,383","3","Q2","1.02","63.69"%,
"NEUROPATHOLOGY AND APPLIED NEUROBIOLOGY","NEUROPATH APPL NEURO","WILEY","0305-1846","1365-2990","NEUROSCIENCES","SCIE","4,383","3","Q3","1.02","63.69"%,
"JOURNAL OF COGNITIVE NEUROSCIENCE","J COGNITIVE NEUROSCI","MIT PRESS","0898-929X","1530-8898","NEUROSCIENCES","SCIE","15,561","3","Q3","0.96","19.03"%,
"Multiple Sclerosis and Related Disorders","MULT SCLER RELAT DIS","ELSEVIER SCI LTD","2211-0348","2211-0356","CLINICAL NEUROLOGY","SCIE","11,247","3","Q2","0.81","22.66"%,
"CEREBRAL CORTEX","CEREB CORTEX","OXFORD UNIV PRESS INC","1047-3211","1460-2199","NEUROSCIENCES","SCIE","35,182","3","Q3","0.8","25.84"%,
"JOURNAL OF THE INTERNATIONAL NEUROPSYCHOLOGICAL SOCIETY","J INT NEUROPSYCH SOC","CAMBRIDGE UNIV PRESS","1355-6177","1469-7661","CLINICAL NEUROLOGY","SCIE","7,460","3","Q2","0.8","68.06"%,
"JOURNAL OF THE INTERNATIONAL NEUROPSYCHOLOGICAL SOCIETY","J INT NEUROPSYCH SOC","CAMBRIDGE UNIV PRESS","1355-6177","1469-7661","NEUROSCIENCES","SCIE","7,460","3","Q3","0.8","68.06"%,
"Imaging Neuroscience","IMAGING NEUROSCI","MIT PRESS","N/A","2837-6056","NEUROIMAGING","ESCI","1,540","3","Q2","0.76","99.88"%,
"Imaging Neuroscience","IMAGING NEUROSCI","MIT PRESS","N/A","2837-6056","NEUROSCIENCES","ESCI","1,540","3","Q3","0.76","99.88"%,
"NEUROPHYSIOLOGIE CLINIQUE-CLINICAL NEUROPHYSIOLOGY","NEUROPHYSIOL CLIN","ELSEVIER FRANCE-EDITIONS SCIENTIFIQUES MEDICALES ELSEVIER","0987-7053","1769-7131","CLINICAL NEUROLOGY","SCIE","2,269","3","Q2","0.74","31.06"%,
"NEUROPHYSIOLOGIE CLINIQUE-CLINICAL NEUROPHYSIOLOGY","NEUROPHYSIOL CLIN","ELSEVIER FRANCE-EDITIONS SCIENTIFIQUES MEDICALES ELSEVIER","0987-7053","1769-7131","NEUROSCIENCES","SCIE","2,269","3","Q3","0.74","31.06"%,
"JOURNAL OF THE PERIPHERAL NERVOUS SYSTEM","J PERIPHER NERV SYST","WILEY","1085-9489","1529-8027","CLINICAL NEUROLOGY","SCIE","2,369","3","Q2","0.73","43.37"%,
"JOURNAL OF THE PERIPHERAL NERVOUS SYSTEM","J PERIPHER NERV SYST","WILEY","1085-9489","1529-8027","NEUROSCIENCES","SCIE","2,369","3","Q3","0.73","43.37"%,
"Frontiers in Integrative Neuroscience","FRONT INTEGR NEUROSC","FRONTIERS MEDIA SA","1662-5145","1662-5145","NEUROSCIENCES","SCIE","3,700","3","Q3","0.72","100"%,
"NEUROGASTROENTEROLOGY AND MOTILITY","NEUROGASTROENT MOTIL","WILEY","1350-1925","1365-2982","CLINICAL NEUROLOGY","SCIE","10,710","3","Q2","0.71","49.75"%,
"NEUROGASTROENTEROLOGY AND MOTILITY","NEUROGASTROENT MOTIL","WILEY","1350-1925","1365-2982","NEUROSCIENCES","SCIE","10,710","3","Q3","0.71","49.75"%,
"Neuroscience Applied","NEUROSCI APPL","ELSEVIER","N/A","2772-4085","NEUROSCIENCES","ESCI","307","3","Q3","0.56","100"%,
"Sleep Medicine Clinics","SLEEP MED CLIN","ELSEVIER INC","1556-407X","1556-4088","CLINICAL NEUROLOGY","ESCI","2,854","2.9","Q2","1.28","0.67"%,
"EUROPEAN JOURNAL OF PAEDIATRIC NEUROLOGY","EUR J PAEDIATR NEURO","ELSEVIER SCI LTD","1090-3798","1532-2130","CLINICAL NEUROLOGY","SCIE","4,266","2.9","Q2","1.02","29.21"%,
"NEUROPSYCHOLOGY","NEUROPSYCHOLOGY","AMER PSYCHOLOGICAL ASSOC","0894-4105","1931-1559","NEUROSCIENCES","SCIE","5,715","2.9","Q3","0.97","44.64"%,
"NEUROEPIDEMIOLOGY","NEUROEPIDEMIOLOGY","KARGER","0251-5350","1423-0208","CLINICAL NEUROLOGY","SCIE","4,723","2.9","Q2","0.95","19.41"%,
"JARO-JOURNAL OF THE ASSOCIATION FOR RESEARCH IN OTOLARYNGOLOGY","JARO-J ASSOC RES OTO","SPRINGER","1525-3961","1438-7573","NEUROSCIENCES","SCIE","2,524","2.9","Q3","0.94","43.75"%,
"Behavioral and Brain Functions","BEHAV BRAIN FUNCT","BMC","N/A","1744-9081","NEUROSCIENCES","SCIE","1,881","2.9","Q3","0.91","100"%,
"BEHAVIOURAL BRAIN RESEARCH","BEHAV BRAIN RES","ELSEVIER","0166-4328","1872-7549","NEUROSCIENCES","SCIE","26,773","2.9","Q3","0.83","24.14"%,
"MUSCLE & NERVE","MUSCLE NERVE","WILEY","0148-639X","1097-4598","CLINICAL NEUROLOGY","SCIE","13,835","2.9","Q2","0.75","42.46"%,
"MUSCLE & NERVE","MUSCLE NERVE","WILEY","0148-639X","1097-4598","NEUROSCIENCES","SCIE","13,835","2.9","Q3","0.75","42.46"%,
"Frontiers in Neuroinformatics","FRONT NEUROINFORM","FRONTIERS MEDIA SA","N/A","1662-5196","NEUROSCIENCES","SCIE","5,176","2.9","Q3","0.71","100"%,
"Cognitive Systems Research","COGN SYST RES","ELSEVIER","2214-4366","1389-0417","NEUROSCIENCES","SCIE","2,096","2.9","Q3","0.67","30.92"%,
"IBRO Neuroscience Reports","IBRO NEUROSCI REP","ELSEVIER","2667-2421","2667-2421","NEUROSCIENCES","ESCI","1,317","2.9","Q3","0.67","100"%,
"Current Research in Neurobiology","CURR RES NEUROBIOL","ELSEVIER","N/A","2665-945X","NEUROSCIENCES","ESCI","461","2.9","Q3","0.66","100"%,
"Current Developmental Disorders Reports","CURR DEV DISORD REP","SPRINGERNATURE","N/A","2196-2987","NEUROSCIENCES","ESCI","955","2.9","Q3","0.63","40"%,
"NEUROINFORMATICS","NEUROINFORMATICS","HUMANA PRESS INC","1539-2791","1559-0089","NEUROSCIENCES","SCIE","2,364","2.9","Q3","0.63","48.8"%,
"Frontiers in Neural Circuits","FRONT NEURAL CIRCUIT","FRONTIERS MEDIA SA","N/A","1662-5110","NEUROSCIENCES","SCIE","5,079","2.9","Q3","0.56","99.49"%,
"HIPPOCAMPUS","HIPPOCAMPUS","WILEY","1050-9631","1098-1063","NEUROSCIENCES","SCIE","7,005","2.9","Q3","0.55","52.46"%,
"NEUROSURGICAL REVIEW","NEUROSURG REV","SPRINGER","0344-5607","1437-2320","CLINICAL NEUROLOGY","SCIE","7,570","2.8","Q2","0.87","23.61"%,
"NEUROLOGIA","NEUROLOGIA","ELSEVIER ESPANA SLU","0213-4853","1578-1968","CLINICAL NEUROLOGY","SCIE","2,348","2.8","Q2","0.82","100"%,
"Brain and Behavior","BRAIN BEHAV","WILEY","2162-3279","2162-3279","NEUROSCIENCES","SCIE","11,019","2.8","Q3","0.76","100"%,
"JOURNAL OF GERIATRIC PSYCHIATRY AND NEUROLOGY","J GERIATR PSYCH NEUR","SAGE PUBLICATIONS INC","0891-9887","1552-5708","CLINICAL NEUROLOGY","SCIE","2,686","2.8","Q2","0.72","28"%,
"Neurodegenerative Disease Management","NEURODEGENER DIS MAN","TAYLOR & FRANCIS LTD","1758-2024","1758-2032","CLINICAL NEUROLOGY","ESCI","973","2.8","Q2","0.72","12.93"%,
"NEURORADIOLOGY","NEURORADIOLOGY","SPRINGER","0028-3940","1432-1920","CLINICAL NEUROLOGY","SCIE","7,161","2.8","Q2","0.72","30.56"%,
"NEURORADIOLOGY","NEURORADIOLOGY","SPRINGER","0028-3940","1432-1920","NEUROIMAGING","SCIE","7,161","2.8","Q2","0.72","30.56"%,
"Brain Imaging and Behavior","BRAIN IMAGING BEHAV","SPRINGER","1931-7557","1931-7565","NEUROIMAGING","SCIE","5,750","2.8","Q2","0.7","27.54"%,
"Aging Brain","AGING BRAIN","ELSEVIER","N/A","2589-9589","CLINICAL NEUROLOGY","ESCI","354","2.8","Q2","0.69","100"%,
"Aging Brain","AGING BRAIN","ELSEVIER","N/A","2589-9589","NEUROSCIENCES","ESCI","354","2.8","Q3","0.69","100"%,
"British Journal of Pain","BRIT J PAIN","SAGE PUBLICATIONS LTD","2049-4637","2049-4645","CLINICAL NEUROLOGY","ESCI","1,388","2.8","Q2","0.54","52.1"%,
"JOURNAL OF NEUROSURGICAL ANESTHESIOLOGY","J NEUROSURG ANESTH","LIPPINCOTT WILLIAMS & WILKINS","0898-4921","1537-1921","CLINICAL NEUROLOGY","SCIE","1,874","2.7","Q3","1.05","5.19"%,
"JOURNAL OF ELECTROMYOGRAPHY AND KINESIOLOGY","J ELECTROMYOGR KINES","ELSEVIER SCI LTD","1050-6411","1873-5711","NEUROSCIENCES","SCIE","6,969","2.7","Q3","0.93","38.5"%,
"GAIT & POSTURE","GAIT POSTURE","ELSEVIER IRELAND LTD","0966-6362","1879-2219","NEUROSCIENCES","SCIE","21,613","2.7","Q3","0.86","28.62"%,
"Pain Practice","PAIN PRACT","WILEY","1530-7085","1533-2500","CLINICAL NEUROLOGY","SCIE","3,720","2.7","Q3","0.75","39.68"%,
"AUTONOMIC NEUROSCIENCE-BASIC & CLINICAL","AUTON NEUROSCI-BASIC","ELSEVIER","1566-0702","1872-7484","NEUROSCIENCES","SCIE","4,069","2.7","Q3","0.69","24.22"%,
"REVUE NEUROLOGIQUE","REV NEUROL-FRANCE","MASSON EDITEUR","0035-3787","2213-0004","CLINICAL NEUROLOGY","SCIE","3,633","2.7","Q3","0.68","26.56"%,
"Comprehensive Psychoneuroendocrinology","COMPR PSYCHONEUROEND","ELSEVIER","2666-4976","2666-4976","NEUROSCIENCES","ESCI","682","2.7","Q3","0.67","100"%,
"Brain and Spine","BRAIN SPINE","ELSEVIER","2772-5294","2772-5294","CLINICAL NEUROLOGY","ESCI","1,258","2.7","Q3","0.64","99.82"%,
"Neuropeptides","NEUROPEPTIDES","ELSEVIER","0143-4179","1532-2785","NEUROSCIENCES","SCIE","2,373","2.7","Q3","0.6","20"%,
"Journal of Huntingtons Disease","J HUNTINGTONS DIS","SAGE PUBLICATIONS INC","1879-6397","1879-6400","NEUROSCIENCES","ESCI","1,110","2.7","Q3","0.59","22.22"%,
"NEUROLOGICAL SCIENCES","NEUROL SCI","SPRINGER-VERLAG ITALIA SRL","1590-1874","1590-3478","CLINICAL NEUROLOGY","SCIE","13,582","2.7","Q3","0.59","27.65"%,
"NEUROLOGICAL SCIENCES","NEUROL SCI","SPRINGER-VERLAG ITALIA SRL","1590-1874","1590-3478","NEUROSCIENCES","SCIE","13,582","2.7","Q3","0.59","27.65"%,
"Clinical Parkinsonism & Related Disorders","CLIN PARKINSON RELAT","ELSEVIER","N/A","2590-1125","CLINICAL NEUROLOGY","ESCI","754","2.7","Q3","0.58","100"%,
"Frontiers in Dementia","FRONT DEMENT","FRONTIERS MEDIA SA","N/A","2813-3919","CLINICAL NEUROLOGY","ESCI","237","2.7","Q3","0.5","100"%,
"Frontiers in Dementia","FRONT DEMENT","FRONTIERS MEDIA SA","N/A","2813-3919","NEUROSCIENCES","ESCI","237","2.7","Q3","0.5","100"%,
"CLINICAL NEUROPSYCHOLOGIST","CLIN NEUROPSYCHOL","TAYLOR & FRANCIS INC","1385-4046","1744-4144","CLINICAL NEUROLOGY","SCIE","5,542","2.6","Q3","0.93","9.15"%,
"BMJ Neurology Open","BMJ NEUROL OPEN","BMJ PUBLISHING GROUP","N/A","2632-6140","CLINICAL NEUROLOGY","ESCI","740","2.6","Q3","0.74","100"%,
"BMC Neurology","BMC NEUROL","BMC","N/A","1471-2377","CLINICAL NEUROLOGY","SCIE","12,355","2.6","Q3","0.72","100"%,
"eNeuro","ENEURO","SOC NEUROSCIENCE","N/A","2373-2822","NEUROSCIENCES","SCIE","8,301","2.6","Q3","0.65","99.45"%,
"CHEMICAL SENSES","CHEM SENSES","OXFORD UNIV PRESS","0379-864X","1464-3553","NEUROSCIENCES","SCIE","4,914","2.6","Q3","0.61","34.93"%,
"JOURNAL OF CHEMICAL NEUROANATOMY","J CHEM NEUROANAT","ELSEVIER","0891-0618","1873-6300","NEUROSCIENCES","SCIE","3,208","2.6","Q3","0.56","10.22"%,
"Brain-Computer Interfaces","BRAIN-COMPUT INTERFA","TAYLOR & FRANCIS LTD","2326-263X","2326-2621","NEUROSCIENCES","ESCI","397","2.6","Q3","0.51","35.29"%,
"Acta Epileptologica","ACTA EPILEPTOL","SPRINGERNATURE","2096-9384","2524-4434","CLINICAL NEUROLOGY","ESCI","361","2.6","Q3","0.4","100"%,
"World Neurosurgery-X","WORLD NEUROSURG-X","ELSEVIER","N/A","2590-1397","CLINICAL NEUROLOGY","ESCI","760","2.5","Q3","0.88","99.71"%,
"NEUROSURGERY CLINICS OF NORTH AMERICA","NEUROSURG CLIN N AM","W B SAUNDERS CO-ELSEVIER INC","1042-3680","1558-1349","CLINICAL NEUROLOGY","SCIE","2,775","2.5","Q3","0.86","2.8"%,
"Neuropsychologia","NEUROPSYCHOLOGIA","PERGAMON-ELSEVIER SCIENCE LTD","0028-3932","1873-3514","NEUROSCIENCES","SCIE","23,241","2.5","Q3","0.71","40.08"%,
"JOURNAL OF NEUROSCIENCE METHODS","J NEUROSCI METH","ELSEVIER","0165-0270","1872-678X","NEUROSCIENCES","SCIE","18,974","2.5","Q3","0.69","34.75"%,
"JOURNAL OF NEUROIMAGING","J NEUROIMAGING","WILEY","1051-2284","1552-6569","CLINICAL NEUROLOGY","SCIE","3,235","2.5","Q3","0.67","43.54"%,
"JOURNAL OF NEUROIMAGING","J NEUROIMAGING","WILEY","1051-2284","1552-6569","NEUROIMAGING","SCIE","3,235","2.5","Q3","0.67","43.54"%,
"EPILEPTIC DISORDERS","EPILEPTIC DISORD","WILEY","1294-9361","1950-6945","CLINICAL NEUROLOGY","SCIE","2,695","2.5","Q3","0.65","38.13"%,
"Neuro-Oncology Practice","NEURO-ONCOL PRACT","OXFORD UNIV PRESS","2054-2577","2054-2585","CLINICAL NEUROLOGY","ESCI","1,670","2.5","Q3","0.64","42.91"%,
"DEMENTIA AND GERIATRIC COGNITIVE DISORDERS","DEMENT GERIATR COGN","KARGER","1420-8008","1421-9824","CLINICAL NEUROLOGY","SCIE","4,612","2.5","Q3","0.61","15.67"%,
"EUROPEAN JOURNAL OF NEUROSCIENCE","EUR J NEUROSCI","WILEY","0953-816X","1460-9568","NEUROSCIENCES","SCIE","22,908","2.5","Q3","0.6","57.03"%,
"SYNAPSE-Structure Function Connectivity","SYNAPSE","WILEY","0887-4476","1098-2396","NEUROSCIENCES","SCIE","2,446","2.5","Q3","0.53","23.08"%,
"Purinergic Signalling","PURINERG SIGNAL","SPRINGER","1573-9538","1573-9546","NEUROSCIENCES","SCIE","2,320","2.5","Q3","0.47","37.89"%,
"Frontiers in Neuroimaging","FRONT NEUROIMAGING","FRONTIERS MEDIA SA","N/A","2813-1193","NEUROIMAGING","ESCI","325","2.5","Q3","0.46","100"%,
"PRACTICAL NEUROLOGY","PRACT NEUROL","BMJ PUBLISHING GROUP","1474-7758","1474-7766","CLINICAL NEUROLOGY","ESCI","2,427","2.5","Q3","0.37","3.74"%,
"Frontiers in Neuroanatomy","FRONT NEUROANAT","FRONTIERS MEDIA SA","1662-5129","1662-5129","NEUROSCIENCES","SCIE","4,672","2.4","Q3","0.94","100"%,
"BRAIN AND LANGUAGE","BRAIN LANG","ACADEMIC PRESS INC ELSEVIER SCIENCE","0093-934X","1090-2155","NEUROSCIENCES","SCIE","6,427","2.4","Q3","0.91","44.16"%,
"Amyotrophic Lateral Sclerosis and Frontotemporal Degeneration","AMYOTROPH LAT SCL FR","TAYLOR & FRANCIS LTD","2167-8421","2167-9223","CLINICAL NEUROLOGY","SCIE","4,522","2.4","Q3","0.77","33.9"%,
"EPILEPSY & BEHAVIOR","EPILEPSY BEHAV","ACADEMIC PRESS INC ELSEVIER SCIENCE","1525-5050","1525-5069","CLINICAL NEUROLOGY","SCIE","17,261","2.4","Q3","0.75","24.12"%,
"PHARMACOLOGY BIOCHEMISTRY AND BEHAVIOR","PHARMACOL BIOCHEM BE","PERGAMON-ELSEVIER SCIENCE LTD","0091-3057","1873-5177","NEUROSCIENCES","SCIE","10,045","2.4","Q3","0.73","17.58"%,
"GENES BRAIN AND BEHAVIOR","GENES BRAIN BEHAV","WILEY","1601-1848","1601-183X","NEUROSCIENCES","SCIE","3,280","2.4","Q3","0.71","96.04"%,
"ACTA NEUROPSYCHIATRICA","ACTA NEUROPSYCHIATR","CAMBRIDGE UNIV PRESS","0924-2708","1601-5215","NEUROSCIENCES","SCIE","1,638","2.4","Q3","0.65","79.11"%,
"JOURNAL OF MOLECULAR NEUROSCIENCE","J MOL NEUROSCI","SPRINGERNATURE","0895-8696","1559-1166","NEUROSCIENCES","SCIE","6,607","2.4","Q3","0.63","20.7"%,
"PSYCHIATRY RESEARCH-NEUROIMAGING","PSYCHIAT RES-NEUROIM","ELSEVIER IRELAND LTD","0925-4927","1872-7506","CLINICAL NEUROLOGY","SCIE","5,540","2.4","Q3","0.62","26.37"%,
"PSYCHIATRY RESEARCH-NEUROIMAGING","PSYCHIAT RES-NEUROIM","ELSEVIER IRELAND LTD","0925-4927","1872-7506","NEUROIMAGING","SCIE","5,540","2.4","Q3","0.62","26.37"%,
"Journal of Central Nervous System Disease","J CENT NERV SYST DIS","SAGE PUBLICATIONS LTD","1179-5735","1179-5735","CLINICAL NEUROLOGY","ESCI","775","2.4","Q3","0.61","100"%,
"Addiction Neuroscience","ADDICT NEUROSCI","ELSEVIER","N/A","2772-3925","NEUROSCIENCES","ESCI","394","2.4","Q3","0.6","100"%,
"NEUROENDOCRINOLOGY","NEUROENDOCRINOLOGY","KARGER","0028-3835","1423-0194","NEUROSCIENCES","SCIE","4,924","2.4","Q3","0.6","19.72"%,
"Sleep Medicine-X","SLEEP MED-X","ELSEVIER","N/A","2590-1427","CLINICAL NEUROLOGY","ESCI","287","2.4","Q3","0.6","100"%,
"Sleep and Breathing","SLEEP BREATH","SPRINGER HEIDELBERG","1520-9512","1522-1709","CLINICAL NEUROLOGY","SCIE","6,948","2.4","Q3","0.58","26.9"%,
"Neurology Research International","NEUROL RES INT","WILEY","2090-1852","2090-1860","NEUROSCIENCES","ESCI","577","2.4","Q3","0.52","100"%,
"Current Alzheimer Research","CURR ALZHEIMER RES","BENTHAM SCIENCE PUBL LTD","1567-2050","1875-5828","CLINICAL NEUROLOGY","SCIE","4,750","2.4","Q3","0.47","5.66"%,
"Current Alzheimer Research","CURR ALZHEIMER RES","BENTHAM SCIENCE PUBL LTD","1567-2050","1875-5828","NEUROSCIENCES","SCIE","4,750","2.4","Q3","0.47","5.66"%,
"Experimental Neurobiology","EXP NEUROBIOL","KOREAN SOC BRAIN & NEURAL SCIENCE, KOREAN SOC NEURODEGENERATIVE DISEASE","1226-2560","2093-8144","NEUROSCIENCES","SCIE","1,497","2.4","Q3","0.45","100"%,
"JOURNAL OF COMPARATIVE NEUROLOGY","J COMP NEUROL","WILEY","0021-9967","1096-9861","NEUROSCIENCES","SCIE","21,047","2.3","Q3","0.89","56.01"%,
"JOURNAL OF NEUROSCIENCE NURSING","J NEUROSCI NURS","LIPPINCOTT WILLIAMS & WILKINS","0888-0395","1945-2810","CLINICAL NEUROLOGY","SCIE","1,454","2.3","Q3","0.79","8.18"%,
"Journal of Neurophysiology","J NEUROPHYSIOL","AMER PHYSIOLOGICAL SOC","0022-3077","1522-1598","NEUROSCIENCES","SCIE","36,688","2.3","Q3","0.75","39.85"%,
"JOURNAL OF COMPARATIVE PHYSIOLOGY A-NEUROETHOLOGY SENSORY NEURAL AND BEHAVIORAL PHYSIOLOGY","J COMP PHYSIOL A","SPRINGER HEIDELBERG","0340-7594","1432-1351","NEUROSCIENCES","SCIE","4,947","2.3","Q3","0.73","60.25"%,
"Journal of Spine Surgery","J SPINE SURG-HK","AME PUBLISHING COMPANY","2414-469X","2414-4630","CLINICAL NEUROLOGY","ESCI","358","2.3","Q3","0.73","100"%,
"EPILEPSY RESEARCH","EPILEPSY RES","ELSEVIER","0920-1211","1872-6844","CLINICAL NEUROLOGY","SCIE","7,717","2.3","Q3","0.65","21.36"%,
"Brain Connectivity","BRAIN CONNECT","SAGE PUBLICATIONS INC","2158-0014","2158-0022","NEUROSCIENCES","SCIE","3,164","2.3","Q3","0.61","4.69"%,
"Clinical Neurophysiology Practice","CLIN NEUROPHYS PRACT","ELSEVIER","2467-981X","2467-981X","NEUROSCIENCES","ESCI","859","2.3","Q3","0.51","100"%,
"Seminars in Pediatric Neurology","SEMIN PEDIATR NEUROL","W B SAUNDERS CO-ELSEVIER INC","1071-9091","1558-0776","CLINICAL NEUROLOGY","SCIE","1,583","2.3","Q3","0.47","15.79"%,
"Neurosciences","NEUROSCIENCES","RIYADH ARMED FORCES HOSPITAL","1319-6138","1658-3183","CLINICAL NEUROLOGY","SCIE","1,106","2.3","Q3","0.42","96.43"%,
"Journal of Neurosurgery-Pediatrics","J NEUROSURG-PEDIATR","AMER ASSOC NEUROLOGICAL SURGEONS","1933-0707","1933-0715","CLINICAL NEUROLOGY","SCIE","5,978","2.2","Q3","0.92","0.22"%,
"APHASIOLOGY","APHASIOLOGY","ROUTLEDGE JOURNALS, TAYLOR & FRANCIS LTD","0268-7038","1464-5041","CLINICAL NEUROLOGY","SCIE","4,624","2.2","Q3","0.85","22.94"%,
"VISION RESEARCH","VISION RES","PERGAMON-ELSEVIER SCIENCE LTD","0042-6989","1878-5646","NEUROSCIENCES","SCIE","15,054","2.2","Q3","0.7","48.97"%,
"SEMINARS IN NEUROLOGY","SEMIN NEUROL","THIEME MEDICAL PUBL INC","0271-8235","1098-9021","CLINICAL NEUROLOGY","SCIE","3,365","2.2","Q3","0.66","0.9"%,
"Parkinsons Disease","PARKINSONS DIS-US","WILEY","2090-8083","2042-0080","CLINICAL NEUROLOGY","SCIE","2,468","2.2","Q3","0.63","100"%,
"Brain Tumor Pathology","BRAIN TUMOR PATHOL","SPRINGER JAPAN KK","1433-7398","1861-387X","CLINICAL NEUROLOGY","SCIE","725","2.2","Q3","0.56","32.26"%,
"NEUROSCIENCE LETTERS","NEUROSCI LETT","ELSEVIER IRELAND LTD","0304-3940","1872-7972","NEUROSCIENCES","SCIE","30,002","2.2","Q3","0.55","17.93"%,
"SLEEP Advances","SLEEP ADV","OXFORD UNIV PRESS","N/A","2632-5012","CLINICAL NEUROLOGY","ESCI","593","2.2","Q3","0.47","100"%,
"SLEEP Advances","SLEEP ADV","OXFORD UNIV PRESS","N/A","2632-5012","NEUROSCIENCES","ESCI","593","2.2","Q3","0.47","100"%,
"Translational Neuroscience","TRANSL NEUROSCI","DE GRUYTER POLAND SP Z O O","2081-3856","2081-6936","NEUROSCIENCES","SCIE","997","2.2","Q3","0.46","100"%,
"Neuroglia","NEUROGLIA-BASEL","MDPI","N/A","2571-6980","NEUROSCIENCES","ESCI","174","2.2","Q3","0.31","100"%,
"STEREOTACTIC AND FUNCTIONAL NEUROSURGERY","STEREOT FUNCT NEUROS","KARGER","1011-6125","1423-0372","NEUROIMAGING","SCIE","1,859","2.1","Q4","0.7","17.01"%,
"STEREOTACTIC AND FUNCTIONAL NEUROSURGERY","STEREOT FUNCT NEUROS","KARGER","1011-6125","1423-0372","NEUROSCIENCES","SCIE","1,859","2.1","Q3","0.7","17.01"%,
"NEUROBIOLOGY OF LEARNING AND MEMORY","NEUROBIOL LEARN MEM","ACADEMIC PRESS INC ELSEVIER SCIENCE","1074-7427","1095-9564","NEUROSCIENCES","SCIE","6,415","2.1","Q3","0.68","38.28"%,
"JOURNAL OF NEURO-OPHTHALMOLOGY","J NEURO-OPHTHALMOL","LIPPINCOTT WILLIAMS & WILKINS","1070-8022","1536-5166","CLINICAL NEUROLOGY","SCIE","2,625","2.1","Q3","0.65","9.13"%,
"BRAIN AND COGNITION","BRAIN COGNITION","ACADEMIC PRESS INC ELSEVIER SCIENCE","0278-2626","1090-2147","NEUROSCIENCES","SCIE","6,548","2.1","Q3","0.59","36.73"%,
"DEVELOPMENTAL NEUROSCIENCE","DEV NEUROSCI-BASEL","KARGER","0378-5866","1421-9859","NEUROSCIENCES","SCIE","2,133","2.1","Q3","0.57","98.45"%,
"CLINICAL EEG AND NEUROSCIENCE","CLIN EEG NEUROSCI","SAGE PUBLICATIONS INC","1550-0594","2169-5202","CLINICAL NEUROLOGY","SCIE","1,722","2.1","Q3","0.55","10.96"%,
"CLINICAL EEG AND NEUROSCIENCE","CLIN EEG NEUROSCI","SAGE PUBLICATIONS INC","1550-0594","2169-5202","NEUROIMAGING","SCIE","1,722","2.1","Q4","0.55","10.96"%,
"CLINICAL EEG AND NEUROSCIENCE","CLIN EEG NEUROSCI","SAGE PUBLICATIONS INC","1550-0594","2169-5202","NEUROSCIENCES","SCIE","1,722","2.1","Q3","0.55","10.96"%,
"NEUROREPORT","NEUROREPORT","LIPPINCOTT WILLIAMS & WILKINS","0959-4965","1473-558X","NEUROSCIENCES","SCIE","9,755","2.1","Q3","0.54","19.84"%,
"Journal of Stroke & Cerebrovascular Diseases","J STROKE CEREBROVASC","ELSEVIER","1052-3057","1532-8511","NEUROSCIENCES","SCIE","12,479","2.1","Q3","0.5","36.34"%,
"EXPERIMENTAL BRAIN RESEARCH","EXP BRAIN RES","SPRINGER","0014-4819","1432-1106","NEUROSCIENCES","SCIE","19,133","2.1","Q3","0.48","35.76"%,
"Personalized Medicine in Psychiatry","PERS MED PSYCHIAT","ELSEVIER","2468-1717","2468-1725","NEUROSCIENCES","ESCI","171","2.1","Q3","0.46","25.37"%,
"ACTAS ESPANOLAS DE PSIQUIATRIA","ACTAS ESP PSIQUIATRI","JUAN JOSE LOPEZ-IBOR FOUNDATION","1139-9287","1578-2735","NEUROSCIENCES","SCIE","924","2.1","Q3","0.44","51.03"%,
"NEURAL COMPUTATION","NEURAL COMPUT","MIT PRESS","0899-7667","1530-888X","NEUROSCIENCES","SCIE","23,536","2.1","Q3","0.43","13.74"%,
"JOURNAL OF CLINICAL AND EXPERIMENTAL NEUROPSYCHOLOGY","J CLIN EXP NEUROPSYC","TAYLOR & FRANCIS INC","1380-3395","1744-411X","CLINICAL NEUROLOGY","SCIE","5,264","2","Q3","0.77","13.03"%,
"PEDIATRIC NEUROLOGY","PEDIATR NEUROL","ELSEVIER SCIENCE INC","0887-8994","1873-5150","CLINICAL NEUROLOGY","SCIE","7,323","2","Q3","0.75","12.75"%,
"World Neurosurgery","WORLD NEUROSURG","ELSEVIER SCIENCE INC","1878-8750","1878-8769","CLINICAL NEUROLOGY","SCIE","33,372","2","Q3","0.72","34.81"%,
"NEUROREHABILITATION","NEUROREHABILITATION","SAGE PUBLICATIONS INC","1053-8135","1878-6448","CLINICAL NEUROLOGY","SCIE","4,111","2","Q3","0.64","6.85"%,
"Multiple Sclerosis Journal-Experimental Translational and Clinical","MULT SCLER J-EXP TRA","SAGE PUBLICATIONS INC","N/A","2055-2173","CLINICAL NEUROLOGY","ESCI","1,042","2","Q3","0.62","100"%,
"Behavioral Sleep Medicine","BEHAV SLEEP MED","ROUTLEDGE JOURNALS, TAYLOR & FRANCIS LTD","1540-2002","1540-2010","CLINICAL NEUROLOGY","SCIE","2,684","2","Q3","0.57","12.42"%,
"Developmental Neurobiology","DEV NEUROBIOL","WILEY","1932-8451","1932-846X","NEUROSCIENCES","SCIE","2,591","2","Q4","0.57","35.63"%,
"Brain Hemorrhages","BRAIN HEMORRHAGES","KEAI PUBLISHING LTD","N/A","2589-238X","CLINICAL NEUROLOGY","ESCI","360","2","Q3","0.55","95.76"%,
"Social Neuroscience","SOC NEUROSCI-UK","ROUTLEDGE JOURNALS, TAYLOR & FRANCIS LTD","1747-0919","1747-0927","NEUROSCIENCES","SCIE","2,174","2","Q4","0.52","13.64"%,
"EUROPEAN NEUROLOGY","EUR NEUROL","KARGER","0014-3022","1421-9913","CLINICAL NEUROLOGY","SCIE","3,124","2","Q3","0.49","17.2"%,
"EUROPEAN NEUROLOGY","EUR NEUROL","KARGER","0014-3022","1421-9913","NEUROSCIENCES","SCIE","3,124","2","Q4","0.49","17.2"%,
"HUMAN PSYCHOPHARMACOLOGY-CLINICAL AND EXPERIMENTAL","HUM PSYCHOPHARM CLIN","WILEY","0885-6222","1099-1077","CLINICAL NEUROLOGY","SCIE","1,724","2","Q3","0.49","53.13"%,
"JOURNAL OF NEUROVIROLOGY","J NEUROVIROL","SPRINGER","1355-0284","1538-2443","NEUROSCIENCES","SCIE","2,681","2","Q4","0.48","31.14"%,
"ACTA NEUROLOGICA BELGICA","ACTA NEUROL BELG","SPRINGER HEIDELBERG","0300-9009","2240-2993","CLINICAL NEUROLOGY","SCIE","3,070","2","Q3","0.43","13.72"%,
"ACTA NEUROLOGICA BELGICA","ACTA NEUROL BELG","SPRINGER HEIDELBERG","0300-9009","2240-2993","NEUROSCIENCES","SCIE","3,070","2","Q4","0.43","13.72"%,
"Sleep and Biological Rhythms","SLEEP BIOL RHYTHMS","SPRINGER JAPAN KK","1446-9235","1479-8425","CLINICAL NEUROLOGY","SCIE","1,283","2","Q3","0.42","17.48"%,
"Sleep and Biological Rhythms","SLEEP BIOL RHYTHMS","SPRINGER JAPAN KK","1446-9235","1479-8425","NEUROSCIENCES","SCIE","1,283","2","Q4","0.42","17.48"%,
"BIOLOGICAL CYBERNETICS","BIOL CYBERN","SPRINGER","0340-1200","1432-0770","NEUROSCIENCES","SCIE","4,236","2","Q4","0.38","54.29"%,
"Clinical and Translational Neuroscience","CLIN TRANSL NEUROSCI","MDPI","N/A","2514-183X","CLINICAL NEUROLOGY","ESCI","252","2","Q3","0.35","100"%,
"Clinical and Translational Neuroscience","CLIN TRANSL NEUROSCI","MDPI","N/A","2514-183X","NEUROSCIENCES","ESCI","252","2","Q4","0.35","100"%,
"Frontiers in Sleep","FRONT SLEEP","FRONTIERS MEDIA SA","N/A","2813-2890","CLINICAL NEUROLOGY","ESCI","289","2","Q3","0.34","100"%,
"Frontiers in Sleep","FRONT SLEEP","FRONTIERS MEDIA SA","N/A","2813-2890","NEUROSCIENCES","ESCI","289","2","Q4","0.34","100"%,
"Korean Journal of Neurotrauma","KOREAN J NEUROTRAUMA","Korean Neurotraumatology Soc","2234-8999","2288-2243","CLINICAL NEUROLOGY","ESCI","505","1.9","Q3","0.99","100"%,
"ACTA NEUROCHIRURGICA","ACTA NEUROCHIR","SPRINGER WIEN","0001-6268","0942-0940","CLINICAL NEUROLOGY","SCIE","12,146","1.9","Q3","0.7","53.9"%,
"CLINICAL NEUROLOGY AND NEUROSURGERY","CLIN NEUROL NEUROSUR","ELSEVIER","0303-8467","1872-6968","CLINICAL NEUROLOGY","SCIE","10,148","1.9","Q3","0.64","16.68"%,
"HUMAN MOVEMENT SCIENCE","HUM MOVEMENT SCI","ELSEVIER","0167-9457","1872-7646","NEUROSCIENCES","SCIE","6,681","1.9","Q4","0.64","35.46"%,
"Journal of Korean Neurosurgical Society","J KOREAN NEUROSURG S","KOREAN NEUROSURGICAL SOC","2005-3711","1598-7876","CLINICAL NEUROLOGY","SCIE","2,860","1.9","Q3","0.62","100"%,
"BEHAVIORAL NEUROSCIENCE","BEHAV NEUROSCI","AMER PSYCHOLOGICAL ASSOC","0735-7044","1939-0084","NEUROSCIENCES","SCIE","4,411","1.9","Q4","0.61","52.17"%,
"Clinical Spine Surgery","CLIN SPINE SURG","LIPPINCOTT WILLIAMS & WILKINS","2380-0186","2380-0194","CLINICAL NEUROLOGY","SCIE","3,124","1.9","Q3","0.61","6.92"%,
"JOURNAL OF MUSCULOSKELETAL & NEURONAL INTERACTIONS","J MUSCULOSKEL NEURON","JMNI","1108-7161","N/A","NEUROSCIENCES","SCIE","2,180","1.9","Q4","0.56","35.14"%,
"INTERVENTIONAL NEURORADIOLOGY","INTERV NEURORADIOL","SAGE PUBLICATIONS INC","1591-0199","2385-2011","CLINICAL NEUROLOGY","SCIE","3,645","1.9","Q3","0.53","13.78"%,
"NEUROLOGICAL RESEARCH","NEUROL RES","TAYLOR & FRANCIS LTD","0161-6412","1743-1328","CLINICAL NEUROLOGY","SCIE","4,507","1.9","Q3","0.52","2.85"%,
"NEUROLOGICAL RESEARCH","NEUROL RES","TAYLOR & FRANCIS LTD","0161-6412","1743-1328","NEUROSCIENCES","SCIE","4,507","1.9","Q4","0.52","2.85"%,
"Epilepsy & Behavior Reports","EPILEPSY BEHAV REP","ELSEVIER SCIENCE INC","N/A","2589-9864","CLINICAL NEUROLOGY","ESCI","739","1.9","Q3","0.51","100"%,
"Tremor and Other Hyperkinetic Movements","TREMOR OTHER HYPERK","UBIQUITY PRESS LTD","2160-8288","2160-8288","CLINICAL NEUROLOGY","ESCI","1,323","1.9","Q3","0.51","100"%,
"NeuroSci","NEUROSCI-BASEL","MDPI","N/A","2673-4087","CLINICAL NEUROLOGY","ESCI","469","1.9","Q3","0.5","100"%,
"NeuroSci","NEUROSCI-BASEL","MDPI","N/A","2673-4087","NEUROSCIENCES","ESCI","469","1.9","Q4","0.5","100"%,
"JOURNAL OF CLINICAL NEUROSCIENCE","J CLIN NEUROSCI","ELSEVIER SCI LTD","0967-5868","1532-2653","CLINICAL NEUROLOGY","SCIE","12,359","1.9","Q3","0.49","10.31"%,
"JOURNAL OF CLINICAL NEUROSCIENCE","J CLIN NEUROSCI","ELSEVIER SCI LTD","0967-5868","1532-2653","NEUROSCIENCES","SCIE","12,359","1.9","Q4","0.49","10.31"%,
"CANADIAN JOURNAL OF NEUROLOGICAL SCIENCES","CAN J NEUROL SCI","CAMBRIDGE UNIV PRESS","0317-1671","2057-0155","CLINICAL NEUROLOGY","SCIE","4,050","1.9","Q3","0.45","62.46"%,
"Neuropsychopharmacology Reports","NEUROPSYCHOPHARM REP","WILEY","N/A","2574-173X","NEUROSCIENCES","ESCI","1,033","1.9","Q4","0.44","100"%,
"ARQUIVOS DE NEURO-PSIQUIATRIA","ARQ NEURO-PSIQUIAT","ASSOC ARQUIVOS NEURO- PSIQUIATRIA","0004-282X","1678-4227","NEUROSCIENCES","SCIE","3,994","1.9","Q4","0.41","92.67"%,
"ACTA NEUROBIOLOGIAE EXPERIMENTALIS","ACTA NEUROBIOL EXP","NENCKI INST EXPERIMENTAL BIOLOGY","0065-1400","1689-0035","NEUROSCIENCES","SCIE","1,250","1.9","Q4","0.4","93.26"%,
"SPINAL CORD","SPINAL CORD","SPRINGERNATURE","1362-4393","1476-5624","CLINICAL NEUROLOGY","SCIE","7,040","1.8","Q3","0.76","31.56"%,
"CHILD NEUROPSYCHOLOGY","CHILD NEUROPSYCHOL","ROUTLEDGE JOURNALS, TAYLOR & FRANCIS LTD","0929-7049","1744-4136","CLINICAL NEUROLOGY","SCIE","2,864","1.8","Q3","0.55","16.37"%,
"NEUROPSYCHOLOGICAL REHABILITATION","NEUROPSYCHOL REHABIL","ROUTLEDGE JOURNALS, TAYLOR & FRANCIS LTD","0960-2011","1464-0694","NEUROSCIENCES","SCIE","3,241","1.8","Q4","0.53","31.16"%,
"JOURNAL OF CLINICAL NEUROPHYSIOLOGY","J CLIN NEUROPHYSIOL","LIPPINCOTT WILLIAMS & WILKINS","0736-0258","1537-1603","CLINICAL NEUROLOGY","SCIE","4,014","1.8","Q3","0.49","6.59"%,
"JOURNAL OF CLINICAL NEUROPHYSIOLOGY","J CLIN NEUROPHYSIOL","LIPPINCOTT WILLIAMS & WILKINS","0736-0258","1537-1603","NEUROSCIENCES","SCIE","4,014","1.8","Q4","0.49","6.59"%,
"CEREBROVASCULAR DISEASES","CEREBROVASC DIS","KARGER","1015-9770","1421-9786","CLINICAL NEUROLOGY","SCIE","5,429","1.8","Q3","0.47","15.26"%,
"Neurointervention","NEUROINTERVENTION","Korean Soc Interventional Neuroradiology - KSIN","2093-9043","2233-6273","CLINICAL NEUROLOGY","ESCI","391","1.8","Q3","0.41","100"%,
"RESTORATIVE NEUROLOGY AND NEUROSCIENCE","RESTOR NEUROL NEUROS","SAGE PUBLICATIONS INC","0922-6028","1878-3627","NEUROSCIENCES","SCIE","1,975","1.8","Q4","0.37","12.82"%,
"Annals of Indian Academy of Neurology","ANN INDIAN ACAD NEUR","WOLTERS KLUWER MEDKNOW PUBLICATIONS","0972-2327","1998-3549","CLINICAL NEUROLOGY","SCIE","2,514","1.8","Q3","0.34","99.68"%,
"OTOLOGY & NEUROTOLOGY","OTOL NEUROTOL","LIPPINCOTT WILLIAMS & WILKINS","1531-7129","1537-4505","CLINICAL NEUROLOGY","SCIE","11,287","1.7","Q3","0.8","10.47"%,
"LEARNING & MEMORY","LEARN MEMORY","COLD SPRING HARBOR LAB PRESS, PUBLICATIONS DEPT","1072-0502","1549-5485","NEUROSCIENCES","SCIE","4,298","1.7","Q4","0.6","96.46"%,
"Spine Deformity","SPINE DEFORM","SPRINGER","2212-134X","2212-1358","CLINICAL NEUROLOGY","ESCI","3,165","1.7","Q3","0.6","23.31"%,
"Chinese Neurosurgical Journal","CHIN NEUROSURG J","SPRINGERNATURE","N/A","2057-4967","CLINICAL NEUROLOGY","ESCI","478","1.7","Q3","0.59","98.95"%,
"BRAIN & DEVELOPMENT","BRAIN DEV-JPN","ELSEVIER","0387-7604","1872-7131","CLINICAL NEUROLOGY","SCIE","4,283","1.7","Q3","0.56","16.92"%,
"Neurotrauma Reports","NEUROTRAUMA REP","SAGE PUBLICATIONS INC","N/A","2689-288X","CLINICAL NEUROLOGY","ESCI","673","1.7","Q3","0.49","98.89"%,
"Neurotrauma Reports","NEUROTRAUMA REP","SAGE PUBLICATIONS INC","N/A","2689-288X","NEUROSCIENCES","ESCI","673","1.7","Q4","0.49","98.89"%,
"INTERNATIONAL JOURNAL OF NEUROSCIENCE","INT J NEUROSCI","TAYLOR & FRANCIS LTD","0020-7454","1563-5279","NEUROSCIENCES","SCIE","5,111","1.7","Q4","0.48","3.77"%,
"CURRENT NEUROVASCULAR RESEARCH","CURR NEUROVASC RES","BENTHAM SCIENCE PUBL LTD","1567-2026","1875-5739","CLINICAL NEUROLOGY","SCIE","1,331","1.7","Q3","0.44","8.11"%,
"CURRENT NEUROVASCULAR RESEARCH","CURR NEUROVASC RES","BENTHAM SCIENCE PUBL LTD","1567-2026","1875-5739","NEUROSCIENCES","SCIE","1,331","1.7","Q4","0.44","8.11"%,
"Pain Management","PAIN MANAG","TAYLOR & FRANCIS LTD","1758-1869","1758-1877","CLINICAL NEUROLOGY","ESCI","1,555","1.7","Q3","0.4","9.64"%,
"NEUROLOGIA MEDICO-CHIRURGICA","NEUROL MED-CHIR","JAPAN NEUROSURGICAL SOC","0470-8105","1349-8029","CLINICAL NEUROLOGY","SCIE","3,639","1.6","Q4","0.84","100"%,
"Operative Neurosurgery","OPER NEUROSURG","LIPPINCOTT WILLIAMS & WILKINS","2332-4252","2332-4260","CLINICAL NEUROLOGY","SCIE","3,577","1.6","Q4","0.63","7.59"%,
"JOURNAL OF CHILD NEUROLOGY","J CHILD NEUROL","SAGE PUBLICATIONS INC","0883-0738","1708-8283","CLINICAL NEUROLOGY","SCIE","5,841","1.6","Q4","0.6","15.93"%,
"ALZHEIMER DISEASE & ASSOCIATED DISORDERS","ALZ DIS ASSOC DIS","LIPPINCOTT WILLIAMS & WILKINS","0893-0341","1546-4156","CLINICAL NEUROLOGY","SCIE","4,117","1.6","Q4","0.53","14.53"%,
"Sleep Science","SLEEP SCI","THIEME MEDICAL PUBL INC","1984-0659","1984-0063","CLINICAL NEUROLOGY","ESCI","1,675","1.6","Q4","0.49","100"%,
"Applied Neuropsychology-Adult","APPL NEUROPSYCH-ADUL","ROUTLEDGE JOURNALS, TAYLOR & FRANCIS LTD","2327-9095","2327-9109","CLINICAL NEUROLOGY","SCIE","2,369","1.6","Q4","0.48","9.28"%,
"FOLIA NEUROPATHOLOGICA","FOLIA NEUROPATHOL","TERMEDIA PUBLISHING HOUSE LTD","1641-4640","1509-572X","NEUROSCIENCES","SCIE","1,054","1.6","Q4","0.47","100"%,
"Scandinavian Journal of Pain","SCAND J PAIN","WALTER DE GRUYTER GMBH","1877-8860","1877-8879","CLINICAL NEUROLOGY","ESCI","2,009","1.6","Q4","0.47","83.12"%,
"MOTOR CONTROL","MOTOR CONTROL","HUMAN KINETICS PUBL INC","1087-1640","1543-2696","NEUROSCIENCES","SCIE","956","1.6","Q4","0.46","1.09"%,
"NEUROGENETICS","NEUROGENETICS","SPRINGER","1364-6745","1364-6753","CLINICAL NEUROLOGY","SCIE","1,297","1.6","Q4","0.43","17.42"%,
"NETWORK-COMPUTATION IN NEURAL SYSTEMS","NETWORK-COMP NEURAL","TAYLOR & FRANCIS INC","0954-898X","1361-6536","NEUROSCIENCES","SCIE","831","1.6","Q4","0.38","2.58"%,
"Current Behavioral Neuroscience Reports","CURR BEHAV NEUROSCI","SPRINGERNATURE","N/A","2196-2979","NEUROSCIENCES","ESCI","651","1.6","Q4","0.24","10.17"%,
"Muscles","MUSCLES-BASEL","MDPI","N/A","2813-0413","NEUROSCIENCES","ESCI","142","1.6","Q4","0.24","100"%,
"Dystonia","DYSTONIA","FRONTIERS MEDIA SA","N/A","2813-2106","NEUROSCIENCES","ESCI","104","1.6","Q4","0.22","100"%,
"BRAIN INJURY","BRAIN INJURY","TAYLOR & FRANCIS LTD","0269-9052","1362-301X","NEUROSCIENCES","SCIE","6,376","1.5","Q4","0.63","10.77"%,
"Cognitive and Behavioral Neurology","COGN BEHAV NEUROL","LIPPINCOTT WILLIAMS & WILKINS","1543-3633","1543-3641","CLINICAL NEUROLOGY","SCIE","843","1.5","Q4","0.51","8.06"%,
"Brain Impairment","BRAIN IMPAIR","CSIRO PUBLISHING","1443-9646","1839-5252","CLINICAL NEUROLOGY","SCIE","646","1.5","Q4","0.5","63.3"%,
"Brain Impairment","BRAIN IMPAIR","CSIRO PUBLISHING","1443-9646","1839-5252","NEUROSCIENCES","SCIE","646","1.5","Q4","0.5","63.3"%,
"JOURNAL OF NEUROLINGUISTICS","J NEUROLINGUIST","PERGAMON-ELSEVIER SCIENCE LTD","0911-6044","1873-8052","NEUROSCIENCES","SCIE","1,664","1.5","Q4","0.47","29.17"%,
"Dementia and Geriatric Cognitive Disorders Extra","DEMENT GER COGN D EX","KARGER","N/A","1664-5464","CLINICAL NEUROLOGY","ESCI","995","1.5","Q4","0.45","100"%,
"Neurochirurgie","NEUROCHIRURGIE","MASSON EDITEUR","0028-3770","1773-0619","CLINICAL NEUROLOGY","SCIE","1,558","1.5","Q4","0.45","15.58"%,
"NEUROIMAGING CLINICS OF NORTH AMERICA","NEUROIMAG CLIN N AM","W B SAUNDERS CO-ELSEVIER INC","1052-5149","1557-9867","NEUROIMAGING","SCIE","1,663","1.5","Q4","0.45","3.88"%,
"NEUROIMAGING CLINICS OF NORTH AMERICA","NEUROIMAG CLIN N AM","W B SAUNDERS CO-ELSEVIER INC","1052-5149","1557-9867","NEUROSCIENCES","SCIE","1,663","1.5","Q4","0.45","3.88"%,
"JOURNAL OF NERVOUS AND MENTAL DISEASE","J NERV MENT DIS","LIPPINCOTT WILLIAMS & WILKINS","0022-3018","1539-736X","CLINICAL NEUROLOGY","SCIE","8,418","1.5","Q4","0.42","5.65"%,
"SOMATOSENSORY AND MOTOR RESEARCH","SOMATOSENS MOT RES","TAYLOR & FRANCIS LTD","0899-0220","1369-1651","NEUROSCIENCES","SCIE","1,058","1.5","Q4","0.32","1.67"%,
"Audiology and Neurotology","AUDIOL NEUROTOL","KARGER","1420-3030","1421-9700","NEUROSCIENCES","SCIE","2,246","1.4","Q4","0.58","22.29"%,
"Applied Neuropsychology-Child","APPL NEUROPSYCH-CHIL","ROUTLEDGE JOURNALS, TAYLOR & FRANCIS LTD","2162-2965","2162-2973","CLINICAL NEUROLOGY","SCIE","1,109","1.4","Q4","0.5","4.78"%,
"BEHAVIOURAL PHARMACOLOGY","BEHAV PHARMACOL","LIPPINCOTT WILLIAMS & WILKINS","0955-8810","1473-5849","NEUROSCIENCES","SCIE","2,344","1.4","Q4","0.47","3.36"%,
"INTERNATIONAL JOURNAL OF DEVELOPMENTAL NEUROSCIENCE","INT J DEV NEUROSCI","WILEY","0736-5748","1873-474X","NEUROSCIENCES","SCIE","2,848","1.4","Q4","0.41","11.61"%,
"JOURNAL OF COMPUTATIONAL NEUROSCIENCE","J COMPUT NEUROSCI","SPRINGER","0929-5313","1573-6873","NEUROSCIENCES","SCIE","1,737","1.4","Q4","0.37","42.42"%,
"Frontiers in Language Sciences","FRONT LANG SCI","FRONTIERS MEDIA SA","N/A","2813-4605","NEUROSCIENCES","ESCI","135","1.4","Q4","0.35","100"%,
"PSYCHIATRIC GENETICS","PSYCHIAT GENET","LIPPINCOTT WILLIAMS & WILKINS","0955-8829","1473-5873","NEUROSCIENCES","SCIE","716","1.4","Q4","0.35","17.14"%,
"JOURNAL OF MOTOR BEHAVIOR","J MOTOR BEHAV","ROUTLEDGE JOURNALS, TAYLOR & FRANCIS LTD","0022-2895","1940-1027","NEUROSCIENCES","SCIE","2,842","1.3","Q4","0.54","7.19"%,
"Neural Development","NEURAL DEV","BMC","N/A","1749-8104","NEUROSCIENCES","SCIE","880","1.3","Q4","0.54","100"%,
"Developmental Neurorehabilitation","DEV NEUROREHABIL","TAYLOR & FRANCIS INC","1751-8423","1751-8431","CLINICAL NEUROLOGY","SCIE","1,483","1.3","Q4","0.47","9.43"%,
"NEUROPEDIATRICS","NEUROPEDIATRICS","GEORG THIEME VERLAG KG","0174-304X","1439-1899","CLINICAL NEUROLOGY","SCIE","1,928","1.3","Q4","0.46","13.22"%,
"CHILDS NERVOUS SYSTEM","CHILD NERV SYST","SPRINGER","0256-7040","1433-0350","CLINICAL NEUROLOGY","SCIE","8,151","1.3","Q4","0.45","20.26"%,
"JOURNAL OF SPINAL CORD MEDICINE","J SPINAL CORD MED","TAYLOR & FRANCIS LTD","1079-0268","2045-7723","CLINICAL NEUROLOGY","SCIE","3,712","1.3","Q4","0.43","6.73"%,
"NEUROPATHOLOGY","NEUROPATHOLOGY","WILEY","0919-6544","1440-1789","CLINICAL NEUROLOGY","SCIE","1,856","1.3","Q4","0.41","22.92"%,
"NEUROPATHOLOGY","NEUROPATHOLOGY","WILEY","0919-6544","1440-1789","NEUROSCIENCES","SCIE","1,856","1.3","Q4","0.41","22.92"%,
"PEDIATRIC NEUROSURGERY","PEDIATR NEUROSURG","KARGER","1016-2291","1423-0305","CLINICAL NEUROLOGY","SCIE","1,703","1.3","Q4","0.4","60.64"%,
"Zeitschrift fur Neuropsychologie","Z NEUROPSYCHOL","HOGREFE AG-HOGREFE AG SUISSE","1016-264X","1664-2902","CLINICAL NEUROLOGY","SCIE","119","1.3","Q4","0.34","50"%,
"ENCEPHALE-REVUE DE PSYCHIATRIE CLINIQUE BIOLOGIQUE ET THERAPEUTIQUE","ENCEPHALE","MASSON EDITEUR","0013-7006","2589-4935","NEUROSCIENCES","SCIE","1,686","1.3","Q4","0.33","14.34"%,
"Cognitive Neuroscience","COGN NEUROSCI-UK","ROUTLEDGE JOURNALS, TAYLOR & FRANCIS LTD","1758-8928","1758-8936","NEUROSCIENCES","SCIE","849","1.3","Q4","0.31","10.26"%,
"Current Treatment Options in Neurology","CURR TREAT OPTION NE","CURRENT MEDICINE GROUP","1092-8480","1534-3138","CLINICAL NEUROLOGY","SCIE","1,539","1.3","Q4","0.29","21.24"%,
"Journal of Neurosciences in Rural Practice","J NEUROSCI RURAL PRA","SCIENTIFIC SCHOLAR LLC","0976-3147","0976-3155","CLINICAL NEUROLOGY","ESCI","1,842","1.3","Q4","0.29","99.4"%,
"Psychiatry and Clinical Neurosciences Reports","PSYCH CLIN NEURO REP","WILEY","2769-2558","2769-2558","CLINICAL NEUROLOGY","ESCI","330","1.3","Q4","0.25","100"%,
"Psychiatry and Clinical Neurosciences Reports","PSYCH CLIN NEURO REP","WILEY","2769-2558","2769-2558","NEUROSCIENCES","ESCI","330","1.3","Q4","0.25","100"%,
"JOURNAL OF PSYCHOPHYSIOLOGY","J PSYCHOPHYSIOL","HOGREFE PUBLISHING CORP","0269-8803","2151-2124","NEUROSCIENCES","SCIE","752","1.3","Q4","0.24","11.76"%,
"JOURNAL OF VESTIBULAR RESEARCH-EQUILIBRIUM & ORIENTATION","J VESTIBUL RES-EQUIL","SAGE PUBLICATIONS INC","0957-4271","1878-6464","NEUROSCIENCES","SCIE","2,143","1.2","Q4","1.14","10.81"%,
"Journal of Neurosurgical Sciences","J NEUROSURG SCI","EDIZIONI MINERVA MEDICA","0390-5616","1827-1855","CLINICAL NEUROLOGY","SCIE","1,132","1.2","Q4","0.55","11.71"%,
"BRAIN BEHAVIOR AND EVOLUTION","BRAIN BEHAV EVOLUT","KARGER","0006-8977","1421-9743","NEUROSCIENCES","SCIE","1,895","1.2","Q4","0.51","17.54"%,
"NEUROLOGIST","NEUROLOGIST","LIPPINCOTT WILLIAMS & WILKINS","1074-7931","2331-2637","CLINICAL NEUROLOGY","SCIE","1,096","1.2","Q4","0.37","15.42"%,
"Journal of Cognitive Enhancement","J COGN ENHANCE","SPRINGERNATURE","2509-3290","2509-3304","NEUROSCIENCES","ESCI","713","1.2","Q4","0.33","52.44"%,
"Neuroradiology Journal","NEURORADIOL J","SAGE PUBLICATIONS INC","1971-4009","2385-1996","NEUROIMAGING","ESCI","1,624","1.2","Q4","0.3","9.72"%,
"Egyptian Journal of Neurology Psychiatry and Neurosurgery","EGYPT J NEUROL PSYCH","SPRINGER","1687-8329","1687-8329","NEUROSCIENCES","ESCI","1,234","1.2","Q4","0.24","100"%,
"Journal of Neuroendovascular Therapy","J NEUROENDOVASC THER","JAPANESE SOC NEUROENDOVASCULAR THERAPY","1882-4072","2186-2494","CLINICAL NEUROLOGY","ESCI","364","1.2","Q4","0.24","99.52"%,
"CLINICAL NEUROPHARMACOLOGY","CLIN NEUROPHARMACOL","LIPPINCOTT WILLIAMS & WILKINS","0362-5664","1537-162X","CLINICAL NEUROLOGY","SCIE","1,874","1.2","Q4","0.23","6.78"%,
"Frontiers in Stroke","FRONT STROKE","FRONTIERS MEDIA SA","N/A","2813-3056","CLINICAL NEUROLOGY","ESCI","146","1.2","Q4","0.2","100"%,
"ACTA NEUROLOGICA SCANDINAVICA","ACTA NEUROL SCAND","WILEY","0001-6314","1600-0404","CLINICAL NEUROLOGY","SCIE","7,072","1.1","Q4","0.54","100"%,
"JOURNAL OF NEUROGENETICS","J NEUROGENET","TAYLOR & FRANCIS LTD","0167-7063","1563-5260","NEUROSCIENCES","SCIE","720","1.1","Q4","0.47","6.98"%,
"Journal of Brachial Plexus and Peripheral Nerve Injury","J BRACHIAL PLEX PERI","THIEME MEDICAL PUBL INC","1749-7221","1749-7221","CLINICAL NEUROLOGY","ESCI","163","1.1","Q4","0.28","96.15"%,
"Clinical Epileptology","CLIN EPILEPTOL","SPRINGER HEIDELBERG","2948-104X","2948-1058","CLINICAL NEUROLOGY","ESCI","131","1.1","Q4","0.27","65.16"%,
"NERVENARZT","NERVENARZT","SPRINGER","0028-2804","1433-0407","CLINICAL NEUROLOGY","SCIE","1,583","1.1","Q4","0.27","51.04"%,
"Basic and Clinical Neuroscience","BASIC CLIN NEUROSCI","IRAN UNIV MEDICAL SCIENCES","2008-126X","2228-7442","NEUROSCIENCES","ESCI","1,147","1.1","Q4","0.24","98.67"%,
"Noropsikiyatri Arsivi-Archives of Neuropsychiatry","NOROPSIKIYATRI ARS","TURKISH NEUROPSYCHIATRY ASSOC-TURK NOROPSIKIYATRI DERNEGI","1300-0667","1309-4866","CLINICAL NEUROLOGY","SCIE","1,304","1","Q4","0.29","1.11"%,
"Journal of Pediatric Neuropsychology","J PEDIATR NEUROPSYCH","AMER PSYCHOLOGICAL ASSOC","2199-2681","2199-2673","CLINICAL NEUROLOGY","ESCI","131","1","Q4","0.27","30.16"%,
"Iranian Journal of Child Neurology","IRAN J CHILD NEUROL","IRANIAN CHILD NEUROLOGY SOC","1735-4668","2008-0700","CLINICAL NEUROLOGY","ESCI","591","1","Q4","0.24","0"%,
"Journal of Neurological Surgery Part A-Central European Neurosurgery","J NEUROL SURG PART A","THIEME MEDICAL PUBL INC","2193-6315","2193-6323","CLINICAL NEUROLOGY","SCIE","984","0.9","Q4","0.33","6.97"%,
"Timing & Time Perception","TIMING TIME PERCEPT","BRILL","2213-445X","2213-4468","NEUROSCIENCES","ESCI","312","0.9","Q4","0.33","32.26"%,
"Neurosurgery Practice","NEUROSURG PRACT","LIPPINCOTT WILLIAMS & WILKINS","N/A","2834-4383","CLINICAL NEUROLOGY","ESCI","113","0.9","Q4","0.28","98.74"%,
"Current Journal of Neurology","CURR J NEUROL","TEHRAN UNIV MEDICAL SCIENCES","2717-011X","2717-011X","CLINICAL NEUROLOGY","ESCI","211","0.9","Q4","0.21","98.78"%,
"BRITISH JOURNAL OF NEUROSURGERY","BRIT J NEUROSURG","TAYLOR & FRANCIS LTD","0268-8697","1360-046X","CLINICAL NEUROLOGY","SCIE","3,542","0.8","Q4","0.36","8.68"%,
"Turkish Neurosurgery","TURK NEUROSURG","TURKISH NEUROSURGICAL SOC","1019-5149","1019-5149","CLINICAL NEUROLOGY","SCIE","1,827","0.8","Q4","0.35","0.48"%,
"Journal of Neurological Surgery Part B-Skull Base","J NEUROL SURG PART B","THIEME MEDICAL PUBL INC","2193-6331","2193-634X","CLINICAL NEUROLOGY","SCIE","1,940","0.8","Q4","0.26","5.92"%,
"SCHMERZ","SCHMERZ","SPRINGER HEIDELBERG","0932-433X","1432-2129","CLINICAL NEUROLOGY","SCIE","899","0.8","Q4","0.22","45.04"%,
"Journal of Neurological Surgery Reports","J NEUROL SURG REP","GEORG THIEME VERLAG KG","2193-6358","2193-6366","CLINICAL NEUROLOGY","ESCI","221","0.8","Q4","0.21","98.98"%,
"Somnologie","SOMNOLOGIE","SPRINGER INT PUBL AG","1432-9123","1439-054X","CLINICAL NEUROLOGY","ESCI","397","0.8","Q4","0.19","59.81"%,
"NEUROLOGY INDIA","NEUROL INDIA","WOLTERS KLUWER MEDKNOW PUBLICATIONS","0028-3886","1998-4022","NEUROSCIENCES","SCIE","3,586","0.8","Q4","0.17","99.45"%,
"NEUROENDOCRINOLOGY LETTERS","NEUROENDOCRINOL LETT","MAGHIRA & MAAS PUBLICATIONS","0172-780X","2354-4716","NEUROSCIENCES","SCIE","1,700","0.8","Q4","0.11","0"%,
"Spinal Cord Series and Cases","SPINAL CORD SER CASE","SPRINGERNATURE","2058-6124","2058-6124","CLINICAL NEUROLOGY","ESCI","707","0.7","Q4","0.33","27.33"%,
"Case Reports in Neurological Medicine","CASE REP NEUROL MED","WILEY","2090-6668","2090-6676","CLINICAL NEUROLOGY","ESCI","405","0.7","Q4","0.25","100"%,
"Journal of Minimally Invasive Spine Surgery and Technique","J MINIM INVAS SPINE","Korean Minimally Invasive Spine Surgery Soc","2508-2043","2508-2043","CLINICAL NEUROLOGY","ESCI","150","0.7","Q4","0.25","100"%,
"NEUROCIRUGIA","NEUROCIRUGIA","ELSEVIER ESPANA SLU","1130-1473","2340-6305","NEUROSCIENCES","SCIE","401","0.7","Q4","0.25","7.97"%,
"Egyptian Journal of Neurosurgery","EGYPT J NEUROSURG","SPRINGERNATURE","N/A","2520-8225","CLINICAL NEUROLOGY","ESCI","255","0.7","Q4","0.24","100"%,
"CLINICAL NEUROPATHOLOGY","CLIN NEUROPATHOL","DUSTRI-VERLAG DR KARL FEISTLE","0722-5091","0722-5091","CLINICAL NEUROLOGY","SCIE","608","0.7","Q4","0.22","0"%,
"Journal of Neurosurgery-Case Lessons","J NEUROSURG-CASE LES","AMER ASSOC NEUROLOGICAL SURGEONS","N/A","2694-1902","CLINICAL NEUROLOGY","ESCI","901","0.7","Q4","0.21","43.05"%,
"Interdisciplinary Neurosurgery-Advanced Techniques and Case Management","INTERDISCIP NEUROSUR","ELSEVIER","N/A","2214-7519","CLINICAL NEUROLOGY","ESCI","971","0.7","Q4","0.16","100"%,
"NEURO-OPHTHALMOLOGY","NEURO-OPHTHALMOLOGY","TAYLOR & FRANCIS LTD","0165-8107","1744-506X","CLINICAL NEUROLOGY","ESCI","800","0.6","Q4","0.2","4.52"%,
"REVISTA DE NEUROLOGIA","REV NEUROLOGIA","IMR PRESS","0210-0010","1576-6578","CLINICAL NEUROLOGY","SCIE","1,604","0.6","Q4","0.2","44.69"%,
"NEUROPHYSIOLOGY","NEUROPHYSIOLOGY+","SPRINGER","0090-2977","1573-9007","NEUROSCIENCES","SCIE","324","0.6","Q4","0.19","0"%,
"Neurohospitalist","NEUROHOSPITALIST","SAGE PUBLICATIONS LTD","1941-8744","1941-8752","CLINICAL NEUROLOGY","ESCI","766","0.6","Q4","0.18","9.91"%,
"Ideggyogyaszati Szemle-Clinical Neuroscience","IDEGGYOGY SZEMLE","LITERATURA MEDICA","0019-1442","2498-6208","CLINICAL NEUROLOGY","SCIE","280","0.6","Q4","0.15","0"%,
"Ideggyogyaszati Szemle-Clinical Neuroscience","IDEGGYOGY SZEMLE","LITERATURA MEDICA","0019-1442","2498-6208","NEUROSCIENCES","SCIE","280","0.6","Q4","0.15","0"%,
"BRAIN-Broad Research in Artificial Intelligence and Neuroscience","BRAIN-BROAD RES ARTI","EDUSOFT PUBLISHING","2068-0473","2067-3957","NEUROSCIENCES","ESCI","433","0.6","Q4","0.14","96.11"%,
"Journal of Turkish Sleep Medicine-Turk Uyku Tibbi Dergisi","J TURK SLEEP MED","GALENOS PUBL HOUSE","2148-1504","2757-850X","CLINICAL NEUROLOGY","ESCI","175","0.6","Q4","0.14","97.83"%,
"Turkish Journal of Neurology","TURK J NEUROL","GALENOS PUBL HOUSE","1301-062X","1309-2545","CLINICAL NEUROLOGY","ESCI","254","0.6","Q4","0.13","78.33"%,
"Indian Journal of Neurotrauma","INDIAN J NEUROTRAUM","GEORG THIEME VERLAG KG","0973-0508","2213-3739","NEUROSCIENCES","ESCI","146","0.6","Q4","0.1","98.21"%,
"Neurochemical Journal","NEUROCHEM J+","PLEIADES PUBLISHING LTD","1819-7124","1819-7132","NEUROSCIENCES","SCIE","361","0.6","Q4","0.1","3.85"%,
"Journal of the History of the Neurosciences","J HIST NEUROSCI","TAYLOR & FRANCIS INC","0964-704X","1744-5213","NEUROSCIENCES","SCIE","341","0.5","Q4","0.32","6.67"%,
"NEUROCASE","NEUROCASE","ROUTLEDGE JOURNALS, TAYLOR & FRANCIS LTD","1355-4794","1465-3656","CLINICAL NEUROLOGY","SCIE","1,076","0.5","Q4","0.21","9.17"%,
"Brazilian Journal of Motor Behavior","BRAZ J MOT BEHAV","Sociedade Brasileira de Comportamento Motor","1980-5586","2446-4902","NEUROSCIENCES","ESCI","117","0.5","Q4","0.18","93.04"%,
"Future Neurology","FUTUR NEUROL","TAYLOR & FRANCIS LTD","1479-6708","1748-6971","CLINICAL NEUROLOGY","ESCI","397","0.5","Q4","0.16","100"%,
"FORTSCHRITTE DER NEUROLOGIE PSYCHIATRIE","FORTSCHR NEUROL PSYC","GEORG THIEME VERLAG KG","0720-4299","1439-3522","CLINICAL NEUROLOGY","SCIE","555","0.5","Q4","0.13","10.83"%,
"Archives of Neuroscience","ARCH NEUROSCI","BRIEFLANDS","2322-3944","2322-5769","NEUROSCIENCES","ESCI","242","0.5","Q4","0.11","100"%,
"Case Reports in Neurology","CASE REP NEUROL","KARGER","N/A","1662-680X","CLINICAL NEUROLOGY","ESCI","452","0.4","Q4","0.19","100"%,
"Archives of Epilepsy","ARCH EPILEPSY","GALENOS PUBL HOUSE","N/A","2792-0550","CLINICAL NEUROLOGY","ESCI","39","0.4","Q4","0.1","100"%,
"Neurological Sciences and Neurophysiology","NEUROL SCI NEUROPHYS","WOLTERS KLUWER MEDKNOW PUBLICATIONS","2636-865X","2636-865X","NEUROSCIENCES","SCIE","126","0.4","Q4","0.07","100"%,
"CESKA A SLOVENSKA NEUROLOGIE A NEUROCHIRURGIE","CESK SLOV NEUROL N","CZECH MEDICAL SOC","1210-7859","1802-4041","NEUROSCIENCES","SCIE","224","0.3","Q4","0.11","0.81"%,
"Neurology and Clinical Neuroscience","NEUROL CLIN NEUROSCI","WILEY","2049-4173","2049-4173","CLINICAL NEUROLOGY","ESCI","245","0.3","Q4","0.1","18.32"%,
"ACUPUNCTURE & ELECTRO-THERAPEUTICS RESEARCH","ACUPUNCTURE ELECTRO","SAGE PUBLICATIONS INC","0360-1293","2167-9010","NEUROSCIENCES","SCIE","156","0.3","Q4","0.08","11.39"%,
"Neurology Asia","NEUROL ASIA","ASEAN NEUROLOGICAL ASSOC","1823-6138","1823-6138","CLINICAL NEUROLOGY","SCIE","367","0.3","Q4","0.08","0"%,
"KLINISCHE NEUROPHYSIOLOGIE","KLIN NEUROPHYSIOL","GEORG THIEME VERLAG KG","1434-0275","1439-4081","CLINICAL NEUROLOGY","SCIE","65","0.3","Q4","0.07","0"%,
"KLINISCHE NEUROPHYSIOLOGIE","KLIN NEUROPHYSIOL","GEORG THIEME VERLAG KG","1434-0275","1439-4081","NEUROIMAGING","SCIE","65","0.3","Q4","0.07","0"%,
"Progress in Neurology and Psychiatry","PROG NEUROL PSYCHIAT","WILEY","1367-7543","1931-227X","NEUROSCIENCES","ESCI","171","0.3","Q4","0.07","5.8"%,
"Activitas Nervosa Superior Rediviva","ACT NERV SUPER REDIV","SLOVAK ACAD SCIENCES, INST NORMAL & PATHOLOGICAL PHYSIOLOGY","1337-933X","1338-4015","CLINICAL NEUROLOGY","ESCI","68","0.2","Q4","0.07","57.14"%,
"Journal of Neuroanaesthesiology and Critical Care","J NEUROANAESTH CRIT","GEORG THIEME VERLAG KG","2348-0548","2348-926X","CLINICAL NEUROLOGY","ESCI","121","0.2","Q4","0.06","100"%,
"Revista Mexicana de Neurociencia","REV MEX NEUROCIENC","ACAD MEXICANA NEUROLOGIA","1665-5044","1665-5044","CLINICAL NEUROLOGY","ESCI","154","0.2","Q4","0.05","98.53"%,
"ZHURNAL VYSSHEI NERVNOI DEYATELNOSTI IMENI I P PAVLOVA","ZH VYSSH NERV DEYAT+","MEZHDUNARODNAYA KNIGA","0044-4677","0044-4677","NEUROSCIENCES","SCIE","210","0.2","Q4","0.05","0"%,
"Aktualnosci Neurologiczne","AKTUAL NEUROL","MEDICAL COMMUNICATIONS","1641-9227","1641-9227","CLINICAL NEUROLOGY","ESCI","44","0.2","Q4","0.03","100"%,
"Journal of Pediatric Neurosciences","J PEDIATR NEUROSCI","WOLTERS KLUWER MEDKNOW PUBLICATIONS","1817-1745","1998-3948","CLINICAL NEUROLOGY","ESCI","723","0.1","Q4","0.04","93.66"%,
"Neurosonology and Cerebral Hemodynamics","NEUROSONOLOGY CEREB","BULGARIAN SOC NEUROSONOLOGY & CEREBRAL HEMODYNAMICS","1312-6431","1312-6431","NEUROSCIENCES","ESCI","5","0.1","Q4","0.01","0"%,
"Eneurobiologia","ENEUROBIOLOGIA","UNIV VERACRUZANA, INST INVESTIGACIONES & EDUCACION","2007-3054","2007-3054","NEUROSCIENCES","ESCI","10","<0.1","Q4","0","89.29"%,
"Brain Mechanisms","BRAIN MECH","ELSEVIER","3050-6433","3050-6425","NEUROSCIENCES","SCIE","3","N/A","N/A","N/A","43.75"%,
"Discover Neuroscience","DISCOV NEUROSCI","SPRINGERNATURE","N/A","3005-1827","NEUROSCIENCES","SCIE","13","N/A","N/A","N/A","92.86"%,
"Research in Biomedical Engineering and Technology","RES BIOMED ENG TECH","TAYLOR & FRANCIS LTD","N/A","2996-0355","NEUROSCIENCES","ESCI","0","N/A","N/A","N/A","0"%,

Copyright (c) 2026 Clarivate 
By exporting the selected data; you agree to the data usage policy set forth in the Terms of Use 
