"Journal Data Filtered By:  Selected Categories: EVOLUTIONARY BIOLOGY;BIOCHEMISTRY & MOLECULAR BIOLOGY;BIOCHEMICAL RESEARCH METHODS Selected Editions: SCIE;SSCI;AHCI;ESCI Selected JCR Year: 2025 Selected Category Schema: WOS Selected Open Access: N Indicator: Default"

Journal name,JCR Abbreviation,Publisher,ISSN,eISSN,Category,Edition,Total Citations,2025 JIF,JIF Quartile,2025 JCI,% of Citable OA
"Signal Transduction and Targeted Therapy","SIGNAL TRANSDUCT TAR","SPRINGERNATURE","2095-9907","2059-3635","BIOCHEMISTRY & MOLECULAR BIOLOGY","SCIE","88,969","81.2","Q1","6.13","100"%,
"NATURE MEDICINE","NAT MED","NATURE PORTFOLIO","1078-8956","1546-170X","BIOCHEMISTRY & MOLECULAR BIOLOGY","SCIE","154,284","52.5","Q1","9.88","61.4"%,
"CELL","CELL","CELL PRESS","0092-8674","1097-4172","BIOCHEMISTRY & MOLECULAR BIOLOGY","SCIE","329,596","45.1","Q1","6.92","44.27"%,
"Molecular Cancer","MOL CANCER","BMC","N/A","1476-4598","BIOCHEMISTRY & MOLECULAR BIOLOGY","SCIE","53,231","42.2","Q1","5.07","100"%,
"Molecular Plant","MOL PLANT","CELL PRESS","1674-2052","1752-9867","BIOCHEMISTRY & MOLECULAR BIOLOGY","SCIE","32,597","32.7","Q1","4.84","23.99"%,
"NATURE METHODS","NAT METHODS","NATURE PORTFOLIO","1548-7091","1548-7105","BIOCHEMICAL RESEARCH METHODS","SCIE","142,000","28.3","Q1","7.21","54.23"%,
"Annual Review of Biochemistry","ANNU REV BIOCHEM","ANNUAL REVIEWS","0066-4154","1545-4509","BIOCHEMISTRY & MOLECULAR BIOLOGY","SCIE","21,229","24.9","Q1","1.95","100"%,
"TRENDS IN MICROBIOLOGY","TRENDS MICROBIOL","CELL PRESS","0966-842X","1878-4380","BIOCHEMISTRY & MOLECULAR BIOLOGY","SCIE","21,555","18.7","Q1","1.65","33.06"%,
"Nature Protocols","NAT PROTOC","NATURE PORTFOLIO","1754-2189","1750-2799","BIOCHEMICAL RESEARCH METHODS","SCIE","62,362","18.4","Q1","3.9","3.54"%,
"PROGRESS IN LIPID RESEARCH","PROG LIPID RES","PERGAMON-ELSEVIER SCIENCE LTD","0163-7827","1873-2194","BIOCHEMISTRY & MOLECULAR BIOLOGY","SCIE","8,950","18.1","Q1","1.75","50.72"%,
"TRENDS IN MOLECULAR MEDICINE","TRENDS MOL MED","CELL PRESS","1471-4914","1471-499X","BIOCHEMISTRY & MOLECULAR BIOLOGY","SCIE","15,407","18.1","Q1","1.46","31.13"%,
"TRENDS IN ECOLOGY & EVOLUTION","TRENDS ECOL EVOL","CELL PRESS","0169-5347","1872-8383","EVOLUTIONARY BIOLOGY","SCIE","43,414","17.9","Q1","2.44","42.45"%,
"EXPERIMENTAL AND MOLECULAR MEDICINE","EXP MOL MED","SPRINGERNATURE","1226-3613","2092-6413","BIOCHEMISTRY & MOLECULAR BIOLOGY","SCIE","25,742","17.5","Q1","2.12","100"%,
"Nature Ecology & Evolution","NAT ECOL EVOL","NATURE PORTFOLIO","2397-334X","2397-334X","EVOLUTIONARY BIOLOGY","SCIE","27,566","17.1","Q1","4.14","41.32"%,
"Redox Biology","REDOX BIOL","ELSEVIER","2213-2317","2213-2317","BIOCHEMISTRY & MOLECULAR BIOLOGY","SCIE","46,483","16.2","Q1","2.9","99.92"%,
"Molecular Cell","MOL CELL","CELL PRESS","1097-2765","1097-4164","BIOCHEMISTRY & MOLECULAR BIOLOGY","SCIE","88,599","16","Q1","2.6","39.49"%,
"Nature Chemical Biology","NAT CHEM BIOL","NATURE PORTFOLIO","1552-4450","1552-4469","BIOCHEMISTRY & MOLECULAR BIOLOGY","SCIE","35,656","15.8","Q1","3.05","29.08"%,
"NUCLEIC ACIDS RESEARCH","NUCLEIC ACIDS RES","OXFORD UNIV PRESS","0305-1048","1362-4962","BIOCHEMISTRY & MOLECULAR BIOLOGY","SCIE","318,538","15","Q1","3.06","99.74"%,
"Genes & Diseases","GENES DIS","KEAI PUBLISHING LTD","2352-4820","2352-3042","BIOCHEMISTRY & MOLECULAR BIOLOGY","SCIE","9,105","14.6","Q1","1.69","98.09"%,
"TRENDS IN BIOCHEMICAL SCIENCES","TRENDS BIOCHEM SCI","CELL PRESS","0968-0004","1362-4326","BIOCHEMISTRY & MOLECULAR BIOLOGY","SCIE","20,954","14.4","Q1","1.18","32.23"%,
"MOLECULAR ASPECTS OF MEDICINE","MOL ASPECTS MED","ELSEVIER","0098-2997","1872-9452","BIOCHEMISTRY & MOLECULAR BIOLOGY","SCIE","10,413","13.8","Q1","1.24","42.07"%,
"Plant Communications","PLANT COMMUN","CELL PRESS","2590-3462","2590-3462","BIOCHEMISTRY & MOLECULAR BIOLOGY","SCIE","7,450","13.7","Q1","2.38","100"%,
"CELL DEATH AND DIFFERENTIATION","CELL DEATH DIFFER","SPRINGERNATURE","1350-9047","1476-5403","BIOCHEMISTRY & MOLECULAR BIOLOGY","SCIE","36,020","13.6","Q1","2.23","49.69"%,
"PLANT CELL","PLANT CELL","OXFORD UNIV PRESS INC","1040-4651","1532-298X","BIOCHEMISTRY & MOLECULAR BIOLOGY","SCIE","68,439","13.5","Q1","2.4","38.35"%,
"CYTOKINE & GROWTH FACTOR REVIEWS","CYTOKINE GROWTH F R","ELSEVIER SCI LTD","1359-6101","1879-0305","BIOCHEMISTRY & MOLECULAR BIOLOGY","SCIE","9,350","13.4","Q1","1.02","28.42"%,
"Molecular Biomedicine","MOL BIOMED","SPRINGERNATURE","N/A","2662-8651","BIOCHEMISTRY & MOLECULAR BIOLOGY","ESCI","2,618","13","Q1","1.23","100"%,
"Annual Review of Ecology Evolution and Systematics","ANNU REV ECOL EVOL S","ANNUAL REVIEWS","1543-592X","1545-2069","EVOLUTIONARY BIOLOGY","SCIE","23,850","12.9","Q1","1.38","98.55"%,
"Journal of Integrative Plant Biology","J INTEGR PLANT BIOL","WILEY","1672-9072","1744-7909","BIOCHEMISTRY & MOLECULAR BIOLOGY","SCIE","17,256","12.5","Q1","2.1","28.74"%,
"NATURAL PRODUCT REPORTS","NAT PROD REP","ROYAL SOC CHEMISTRY","0265-0568","1460-4752","BIOCHEMISTRY & MOLECULAR BIOLOGY","SCIE","14,406","12.5","Q1","1.39","41.71"%,
"CELLULAR & MOLECULAR BIOLOGY LETTERS","CELL MOL BIOL LETT","BMC","1425-8153","1689-1392","BIOCHEMISTRY & MOLECULAR BIOLOGY","SCIE","7,176","12.2","Q1","1.58","100"%,
"International Journal of Biological Sciences","INT J BIOL SCI","IVYSPRING INT PUBL","1449-2288","1449-2288","BIOCHEMISTRY & MOLECULAR BIOLOGY","SCIE","27,120","11.7","Q1","2.24","99.9"%,
"BIOCHIMICA ET BIOPHYSICA ACTA-REVIEWS ON CANCER","BBA-REV CANCER","ELSEVIER","0304-419X","1879-2561","BIOCHEMISTRY & MOLECULAR BIOLOGY","SCIE","13,936","11.2","Q1","1.31","26.85"%,
"MOLECULAR PSYCHIATRY","MOL PSYCHIATR","SPRINGERNATURE","1359-4184","1476-5578","BIOCHEMISTRY & MOLECULAR BIOLOGY","SCIE","45,718","10.4","Q1","2.08","59.47"%,
"NATURE STRUCTURAL & MOLECULAR BIOLOGY","NAT STRUCT MOL BIOL","NATURE PORTFOLIO","1545-9993","1545-9985","BIOCHEMISTRY & MOLECULAR BIOLOGY","SCIE","29,500","10.1","Q1","2.22","47.44"%,
"Cell Surface","CELL SURF","ELSEVIER","2468-2330","2468-2330","BIOCHEMISTRY & MOLECULAR BIOLOGY","ESCI","794","9.3","Q1","1.17","100"%,
"ONCOGENE","ONCOGENE","SPRINGERNATURE","0950-9232","1476-5594","BIOCHEMISTRY & MOLECULAR BIOLOGY","SCIE","59,393","9.1","Q1","1.57","43.02"%,
"Cell Chemical Biology","CELL CHEM BIOL","CELL PRESS","2451-9456","2451-9448","BIOCHEMISTRY & MOLECULAR BIOLOGY","SCIE","10,508","9","Q1","1.57","18.77"%,
"APOPTOSIS","APOPTOSIS","SPRINGER","1360-8185","1573-675X","BIOCHEMISTRY & MOLECULAR BIOLOGY","SCIE","8,879","9","Q1","1.16","22.25"%,
"CLADISTICS","CLADISTICS","WILEY","0748-3007","1096-0031","EVOLUTIONARY BIOLOGY","SCIE","4,357","8.9","Q1","2.95","35.35"%,
"International Journal of Biological Macromolecules","INT J BIOL MACROMOL","ELSEVIER","0141-8130","1879-0003","BIOCHEMISTRY & MOLECULAR BIOLOGY","SCIE","294,329","8.7","Q1","1.45","9.53"%,
"CRITICAL REVIEWS IN BIOCHEMISTRY AND MOLECULAR BIOLOGY","CRIT REV BIOCHEM MOL","TAYLOR & FRANCIS LTD","1040-9238","1549-7798","BIOCHEMISTRY & MOLECULAR BIOLOGY","SCIE","4,172","8.7","Q1","0.66","13.95"%,
"Extracellular Vesicles and Circulating Nucleic Acids","EXTRACELL VESICLES C","OAE PUBLISHING INC","N/A","2767-6641","BIOCHEMISTRY & MOLECULAR BIOLOGY","ESCI","865","8.5","Q1","0.61","75.93"%,
"EMBO JOURNAL","EMBO J","SPRINGERNATURE","0261-4189","1460-2075","BIOCHEMISTRY & MOLECULAR BIOLOGY","SCIE","63,452","8.4","Q1","1.44","86.41"%,
"MOLECULAR MEDICINE","MOL MED","SPRINGER","1076-1551","1528-3658","BIOCHEMISTRY & MOLECULAR BIOLOGY","SCIE","11,517","8.3","Q1","1.26","100"%,
"Antioxidants","ANTIOXIDANTS-BASEL","MDPI","N/A","2076-3921","BIOCHEMISTRY & MOLECULAR BIOLOGY","SCIE","91,446","8.2","Q1","1.22","99.96"%,
"MOLECULES AND CELLS","MOL CELLS","KOREAN SOC MOLECULAR & CELLULAR BIOLOGY","1016-8478","0219-1032","BIOCHEMISTRY & MOLECULAR BIOLOGY","SCIE","6,812","8.2","Q1","0.71","100"%,
"FREE RADICAL BIOLOGY AND MEDICINE","FREE RADICAL BIO MED","ELSEVIER SCIENCE INC","0891-5849","1873-4596","BIOCHEMISTRY & MOLECULAR BIOLOGY","SCIE","58,154","8","Q1","1.74","27.24"%,
"Journal of Genetics and Genomics","J GENET GENOMICS","SCIENCE PRESS","1673-8527","1873-5533","BIOCHEMISTRY & MOLECULAR BIOLOGY","SCIE","5,807","7.9","Q1","1.33","39.74"%,
"CURRENT OPINION IN STRUCTURAL BIOLOGY","CURR OPIN STRUC BIOL","CURRENT BIOLOGY LTD","0959-440X","1879-033X","BIOCHEMISTRY & MOLECULAR BIOLOGY","SCIE","13,672","7.8","Q1","1.35","55.11"%,
"CURRENT OPINION IN BIOTECHNOLOGY","CURR OPIN BIOTECH","ELSEVIER SCI LTD","0958-1669","1879-0429","BIOCHEMICAL RESEARCH METHODS","SCIE","19,937","7.8","Q1","0.87","46.49"%,
"CURRENT BIOLOGY","CURR BIOL","CELL PRESS","0960-9822","1879-0445","BIOCHEMISTRY & MOLECULAR BIOLOGY","SCIE","85,734","7.7","Q1","1.46","38.97"%,
"Cell Systems","CELL SYST","CELL PRESS","2405-4712","2405-4720","BIOCHEMISTRY & MOLECULAR BIOLOGY","SCIE","12,040","7.5","Q1","1.27","32.06"%,
"BRIEFINGS IN BIOINFORMATICS","BRIEF BIOINFORM","OXFORD UNIV PRESS","1467-5463","1477-4054","BIOCHEMICAL RESEARCH METHODS","SCIE","33,255","7.3","Q1","1.79","81.95"%,
"Current Molecular Pharmacology","CURR MOL PHARMACOL","KEAI PUBLISHING LTD","1874-4672","1874-4702","BIOCHEMISTRY & MOLECULAR BIOLOGY","SCIE","2,562","7.2","Q1","0.97","58.16"%,
"CURRENT OPINION IN CHEMICAL BIOLOGY","CURR OPIN CHEM BIOL","ELSEVIER SCI LTD","1367-5931","1879-0402","BIOCHEMISTRY & MOLECULAR BIOLOGY","SCIE","11,193","7.2","Q1","0.88","34.08"%,
"Science Signaling","SCI SIGNAL","AMER ASSOC ADVANCEMENT SCIENCE","1945-0877","1937-9145","BIOCHEMISTRY & MOLECULAR BIOLOGY","SCIE","14,775","7","Q1","1.23","3.48"%,
"PLOS BIOLOGY","PLOS BIOL","PUBLIC LIBRARY SCIENCE","1544-9173","1545-7885","BIOCHEMISTRY & MOLECULAR BIOLOGY","SCIE","42,592","6.9","Q1","1.49","100"%,
"REDOX REPORT","REDOX REP","TAYLOR & FRANCIS LTD","1351-0002","1743-2928","BIOCHEMISTRY & MOLECULAR BIOLOGY","SCIE","2,765","6.9","Q1","1.39","100"%,
"Lipids in Health and Disease","LIPIDS HEALTH DIS","BMC","N/A","1476-511X","BIOCHEMISTRY & MOLECULAR BIOLOGY","SCIE","14,903","6.9","Q1","1.21","100"%,
"ANTIOXIDANTS & REDOX SIGNALING","ANTIOXID REDOX SIGN","SAGE PUBLICATIONS INC","1523-0864","1557-7716","BIOCHEMISTRY & MOLECULAR BIOLOGY","SCIE","25,052","6.8","Q1","1.04","10.77"%,
"Molecular Systems Biology","MOL SYST BIOL","SPRINGERNATURE","1744-4292","1744-4292","BIOCHEMISTRY & MOLECULAR BIOLOGY","SCIE","10,364","6.7","Q1","1.42","100"%,
"BioChip Journal","BIOCHIP J","KOREAN BIOCHIP SOCIETY-KBCS","1976-0280","2092-7843","BIOCHEMICAL RESEARCH METHODS","SCIE","1,680","6.7","Q1","1.05","21.79"%,
"Cell and Bioscience","CELL BIOSCI","BMC","N/A","2045-3701","BIOCHEMISTRY & MOLECULAR BIOLOGY","SCIE","9,038","6.5","Q1","1.02","100"%,
"CELLULAR AND MOLECULAR LIFE SCIENCES","CELL MOL LIFE SCI","SPRINGER BASEL AG","1420-682X","1420-9071","BIOCHEMISTRY & MOLECULAR BIOLOGY","SCIE","44,129","6.5","Q1","0.98","87.62"%,
"EXPERT REVIEWS IN MOLECULAR MEDICINE","EXPERT REV MOL MED","CAMBRIDGE UNIV PRESS","1462-3994","1462-3994","BIOCHEMISTRY & MOLECULAR BIOLOGY","SCIE","2,509","6.5","Q1","0.57","87.5"%,
"MOLECULAR BIOLOGY AND EVOLUTION","MOL BIOL EVOL","OXFORD UNIV PRESS","0737-4038","1537-1719","BIOCHEMISTRY & MOLECULAR BIOLOGY","SCIE","72,786","6.4","Q1","1.61","100"%,
"MOLECULAR BIOLOGY AND EVOLUTION","MOL BIOL EVOL","OXFORD UNIV PRESS","0737-4038","1537-1719","EVOLUTIONARY BIOLOGY","SCIE","72,786","6.4","Q1","1.61","100"%,
"Stress Biology","STRESS BIOL","SPRINGERNATURE","N/A","2731-0450","BIOCHEMISTRY & MOLECULAR BIOLOGY","ESCI","1,465","6.4","Q1","0.85","100"%,
"Cell Insight","CELL INSIGHT","ELSEVIER","N/A","2772-8927","BIOCHEMISTRY & MOLECULAR BIOLOGY","ESCI","649","6.4","Q1","0.64","100"%,
"MOLECULAR & CELLULAR PROTEOMICS","MOL CELL PROTEOMICS","ELSEVIER","N/A","1535-9484","BIOCHEMICAL RESEARCH METHODS","SCIE","17,736","6.3","Q1","1.53","100"%,
"GENOME RESEARCH","GENOME RES","COLD SPRING HARBOR LAB PRESS, PUBLICATIONS DEPT","1088-9051","1549-5469","BIOCHEMISTRY & MOLECULAR BIOLOGY","SCIE","43,894","6.3","Q1","1.35","3.08"%,
"Journal of Biological Engineering","J BIOL ENG","BMC","1754-1611","1754-1611","BIOCHEMICAL RESEARCH METHODS","SCIE","3,274","6.3","Q1","1.17","100"%,
"Food & Function","FOOD FUNCT","ROYAL SOC CHEMISTRY","2042-6496","2042-650X","BIOCHEMISTRY & MOLECULAR BIOLOGY","SCIE","45,712","6.3","Q1","1.08","19.03"%,
"LAB ON A CHIP","LAB CHIP","ROYAL SOC CHEMISTRY","1473-0197","1473-0189","BIOCHEMICAL RESEARCH METHODS","SCIE","34,329","6.3","Q1","1.06","38.79"%,
"Biomedical Journal","BIOMED J","ELSEVIER","2319-4170","2320-2890","BIOCHEMISTRY & MOLECULAR BIOLOGY","SCIE","3,768","6.3","Q1","0.96","100"%,
"Organogenesis","ORGANOGENESIS","TAYLOR & FRANCIS INC","1547-6278","1555-8592","BIOCHEMISTRY & MOLECULAR BIOLOGY","SCIE","1,061","6.3","Q1","0.68","100"%,
"Systematic Biology","SYST BIOL","OXFORD UNIV PRESS","1063-5157","1076-836X","EVOLUTIONARY BIOLOGY","SCIE","20,818","6.2","Q1","1.81","50.42"%,
"EMBO REPORTS","EMBO REP","SPRINGERNATURE","1469-221X","1469-3178","BIOCHEMISTRY & MOLECULAR BIOLOGY","SCIE","22,822","6","Q1","0.97","85.56"%,
"Cambridge Prisms: Extinction","CAMB PRISM-EXTINCT","CAMBRIDGE UNIV PRESS","N/A","2755-0958","EVOLUTIONARY BIOLOGY","ESCI","273","6","Q1","0.7","96.55"%,
"Emerging Topics in Life Sciences","EMERG TOP LIFE SCI","PORTLAND PRESS LTD","2397-8554","2397-8562","BIOCHEMISTRY & MOLECULAR BIOLOGY","ESCI","1,763","6","Q1","0.49","68.42"%,
"Molecular Ecology Resources","MOL ECOL RESOUR","WILEY","1755-098X","1755-0998","BIOCHEMISTRY & MOLECULAR BIOLOGY","SCIE","18,571","5.9","Q1","1.5","65.22"%,
"Molecular Ecology Resources","MOL ECOL RESOUR","WILEY","1755-098X","1755-0998","EVOLUTIONARY BIOLOGY","SCIE","18,571","5.9","Q1","1.5","65.22"%,
"BIOMACROMOLECULES","BIOMACROMOLECULES","AMER CHEMICAL SOC","1525-7797","1526-4602","BIOCHEMISTRY & MOLECULAR BIOLOGY","SCIE","41,799","5.9","Q1","1.27","23.65"%,
"GENE THERAPY","GENE THER","SPRINGERNATURE","0969-7128","1476-5462","BIOCHEMISTRY & MOLECULAR BIOLOGY","SCIE","6,613","5.9","Q1","1.05","52.41"%,
"MATRIX BIOLOGY","MATRIX BIOL","ELSEVIER","0945-053X","1569-1802","BIOCHEMISTRY & MOLECULAR BIOLOGY","SCIE","8,942","5.9","Q1","0.92","48.73"%,
"Cell Reports Methods","CELL REP METHODS","CELL PRESS","2667-2375","2667-2375","BIOCHEMICAL RESEARCH METHODS","ESCI","3,163","5.8","Q1","0.99","100"%,
"Journal of Zhejiang University-SCIENCE B","J ZHEJIANG UNIV-SC B","ZHEJIANG UNIV PRESS","1673-1581","1862-1783","BIOCHEMISTRY & MOLECULAR BIOLOGY","SCIE","5,163","5.7","Q1","0.86","5.43"%,
"Essays in Biochemistry","ESSAYS BIOCHEM","PORTLAND PRESS LTD","0071-1365","1744-1358","BIOCHEMISTRY & MOLECULAR BIOLOGY","SCIE","6,166","5.7","Q1","0.53","67.88"%,
"New Biotechnology","NEW BIOTECHNOL","ELSEVIER","1871-6784","1876-4347","BIOCHEMICAL RESEARCH METHODS","SCIE","4,728","5.6","Q1","1.22","100"%,
"PROTEIN SCIENCE","PROTEIN SCI","WILEY","0961-8368","1469-896X","BIOCHEMISTRY & MOLECULAR BIOLOGY","SCIE","25,403","5.6","Q1","0.96","57.26"%,
"Non-coding RNA Research","NON-CODING RNA RES","KEAI PUBLISHING LTD","2468-2160","2468-0540","BIOCHEMISTRY & MOLECULAR BIOLOGY","ESCI","1,901","5.6","Q1","0.93","100"%,
"Biomolecules","BIOMOLECULES","MDPI","N/A","2218-273X","BIOCHEMISTRY & MOLECULAR BIOLOGY","SCIE","65,970","5.6","Q1","0.71","99.9"%,
"INTERNATIONAL JOURNAL OF MOLECULAR SCIENCES","INT J MOL SCI","MDPI","1661-6596","1422-0067","BIOCHEMISTRY & MOLECULAR BIOLOGY","SCIE","565,688","5.6","Q1","0.68","99.96"%,
"Chemical Biology Letters","CHEM BIOL LETT","ScienceIn Publications","N/A","2347-9825","BIOCHEMISTRY & MOLECULAR BIOLOGY","ESCI","382","5.6","Q1","0.49","36.71"%,
"BIOINFORMATICS","BIOINFORMATICS","OXFORD UNIV PRESS","1367-4803","1367-4811","BIOCHEMICAL RESEARCH METHODS","SCIE","194,389","5.5","Q1","1.59","99.95"%,
"NEUROCHEMISTRY INTERNATIONAL","NEUROCHEM INT","PERGAMON-ELSEVIER SCIENCE LTD","0197-0186","1872-9754","BIOCHEMISTRY & MOLECULAR BIOLOGY","SCIE","11,562","5.5","Q1","1.14","21.08"%,
"AMERICAN JOURNAL OF RESPIRATORY CELL AND MOLECULAR BIOLOGY","AM J RESP CELL MOL","OXFORD UNIV PRESS","1044-1549","1535-4989","BIOCHEMISTRY & MOLECULAR BIOLOGY","SCIE","13,377","5.4","Q1","1.1","11.11"%,
"JOURNAL OF ENZYME INHIBITION AND MEDICINAL CHEMISTRY","J ENZYM INHIB MED CH","TAYLOR & FRANCIS LTD","1475-6366","1475-6374","BIOCHEMISTRY & MOLECULAR BIOLOGY","SCIE","9,047","5.3","Q1","1.25","100"%,
"Plant Methods","PLANT METHODS","BMC","N/A","1746-4811","BIOCHEMICAL RESEARCH METHODS","SCIE","8,745","5.2","Q1","1.27","99.8"%,
"CHEMICO-BIOLOGICAL INTERACTIONS","CHEM-BIOL INTERACT","ELSEVIER IRELAND LTD","0009-2797","1872-7786","BIOCHEMISTRY & MOLECULAR BIOLOGY","SCIE","20,894","5.2","Q1","1.18","14.65"%,
"JOURNAL OF NUTRITIONAL BIOCHEMISTRY","J NUTR BIOCHEM","ELSEVIER SCIENCE INC","0955-2863","1873-4847","BIOCHEMISTRY & MOLECULAR BIOLOGY","SCIE","14,951","5.2","Q1","1.02","22.38"%,
"BIOFACTORS","BIOFACTORS","WILEY","0951-6433","1872-8081","BIOCHEMISTRY & MOLECULAR BIOLOGY","SCIE","5,999","5.2","Q1","0.95","34.85"%,
"AMYLOID-JOURNAL OF PROTEIN FOLDING DISORDERS","AMYLOID","TAYLOR & FRANCIS LTD","1350-6129","1744-2818","BIOCHEMISTRY & MOLECULAR BIOLOGY","SCIE","2,531","5.1","Q2","1.27","19.35"%,
"BIOORGANIC CHEMISTRY","BIOORG CHEM","ACADEMIC PRESS INC ELSEVIER SCIENCE","0045-2068","1090-2120","BIOCHEMISTRY & MOLECULAR BIOLOGY","SCIE","28,462","5.1","Q2","1.16","9.96"%,
"JOURNAL OF PHYSIOLOGY AND BIOCHEMISTRY","J PHYSIOL BIOCHEM","SPRINGER","1138-7548","1877-8755","BIOCHEMISTRY & MOLECULAR BIOLOGY","SCIE","3,122","5.1","Q2","1.01","36.07"%,
"MOLECULES","MOLECULES","MDPI","N/A","1420-3049","BIOCHEMISTRY & MOLECULAR BIOLOGY","SCIE","284,626","5.1","Q2","0.71","99.96"%,
"Artificial Intelligence in the Life Sciences","ARTIF INTEL LIFE SCI","ELSEVIER","N/A","2667-3185","BIOCHEMISTRY & MOLECULAR BIOLOGY","ESCI","464","5.1","Q2","0.7","100"%,
"BIOCHIMICA ET BIOPHYSICA ACTA-MOLECULAR BASIS OF DISEASE","BBA-MOL BASIS DIS","ELSEVIER","0925-4439","1879-260X","BIOCHEMISTRY & MOLECULAR BIOLOGY","SCIE","23,286","5","Q2","0.93","26.81"%,
"Channels","CHANNELS","TAYLOR & FRANCIS INC","1933-6950","1933-6969","BIOCHEMISTRY & MOLECULAR BIOLOGY","SCIE","1,680","5","Q2","0.62","100"%,
"BIOELECTROCHEMISTRY","BIOELECTROCHEMISTRY","ELSEVIER SCIENCE SA","1567-5394","1878-562X","BIOCHEMISTRY & MOLECULAR BIOLOGY","SCIE","8,368","4.9","Q2","1.11","20.22"%,
"BIOLOGICAL PROCEDURES ONLINE","BIOL PROCED ONLINE","BMC","N/A","1480-9222","BIOCHEMICAL RESEARCH METHODS","SCIE","1,525","4.9","Q1","1.05","100"%,
"JOURNAL OF LIPID RESEARCH","J LIPID RES","ELSEVIER","0022-2275","1539-7262","BIOCHEMISTRY & MOLECULAR BIOLOGY","SCIE","24,783","4.9","Q2","0.85","100"%,
"Pesticide Biochemistry and Physiology","PESTIC BIOCHEM PHYS","ACADEMIC PRESS INC ELSEVIER SCIENCE","0048-3575","1095-9939","BIOCHEMISTRY & MOLECULAR BIOLOGY","SCIE","14,203","4.8","Q2","1.59","7.21"%,
"Computational and Structural Biotechnology Journal","COMPUT STRUCT BIOTEC","ELSEVIER","2001-0370","2001-0370","BIOCHEMISTRY & MOLECULAR BIOLOGY","SCIE","17,146","4.8","Q2","0.84","100"%,
"IET Nanobiotechnology","IET NANOBIOTECHNOL","WILEY","1751-8741","1751-875X","BIOCHEMICAL RESEARCH METHODS","SCIE","2,942","4.8","Q1","0.73","100"%,
"Journal of Extracellular Biology","J EXTRACELL BIOL","WILEY","2768-2811","2768-2811","BIOCHEMISTRY & MOLECULAR BIOLOGY","ESCI","990","4.8","Q2","0.7","100"%,
"JOURNAL OF MOLECULAR BIOLOGY","J MOL BIOL","ACADEMIC PRESS LTD- ELSEVIER SCIENCE LTD","0022-2836","1089-8638","BIOCHEMISTRY & MOLECULAR BIOLOGY","SCIE","55,160","4.7","Q2","0.86","46.59"%,
"JOURNAL OF LIPOSOME RESEARCH","J LIPOSOME RES","TAYLOR & FRANCIS LTD","0898-2104","1532-2394","BIOCHEMISTRY & MOLECULAR BIOLOGY","SCIE","2,274","4.7","Q2","0.82","4.07"%,
"Synthetic Biology","SYN BIOL","OXFORD UNIV PRESS","N/A","2397-7000","BIOCHEMICAL RESEARCH METHODS","SCIE","578","4.7","Q1","0.58","100"%,
"EUROPEAN JOURNAL OF HUMAN GENETICS","EUR J HUM GENET","SPRINGERNATURE","1018-4813","1476-5438","BIOCHEMISTRY & MOLECULAR BIOLOGY","SCIE","13,149","4.6","Q2","0.99","59.17"%,
"STRUCTURE","STRUCTURE","CELL PRESS","0969-2126","1878-4186","BIOCHEMISTRY & MOLECULAR BIOLOGY","SCIE","15,032","4.6","Q2","0.94","25.84"%,
"PLANT SCIENCE","PLANT SCI","ELSEVIER IRELAND LTD","0168-9452","1873-2259","BIOCHEMISTRY & MOLECULAR BIOLOGY","SCIE","25,368","4.6","Q2","0.93","13.55"%,
"NAR Cancer","NAR CANCER","OXFORD UNIV PRESS","2632-8674","2632-8674","BIOCHEMISTRY & MOLECULAR BIOLOGY","ESCI","1,159","4.6","Q2","0.81","100"%,
"JOURNAL OF NEUROCHEMISTRY","J NEUROCHEM","WILEY","0022-3042","1471-4159","BIOCHEMISTRY & MOLECULAR BIOLOGY","SCIE","29,950","4.6","Q2","0.78","47.25"%,
"RSC Medicinal Chemistry","RSC MED CHEM","ROYAL SOC CHEMISTRY","N/A","2632-8682","BIOCHEMISTRY & MOLECULAR BIOLOGY","SCIE","4,856","4.6","Q2","0.73","28.86"%,
"ACS Synthetic Biology","ACS SYNTH BIOL","AMER CHEMICAL SOC","2161-5063","N/A","BIOCHEMICAL RESEARCH METHODS","SCIE","14,596","4.5","Q1","1.08","30.22"%,
"ACS Chemical Neuroscience","ACS CHEM NEUROSCI","AMER CHEMICAL SOC","1948-7193","1948-7193","BIOCHEMISTRY & MOLECULAR BIOLOGY","SCIE","14,448","4.5","Q2","0.94","29.46"%,
"Nucleic Acid Therapeutics","NUCLEIC ACID THER","SAGE PUBLICATIONS INC","2159-3337","2159-3345","BIOCHEMISTRY & MOLECULAR BIOLOGY","SCIE","1,950","4.5","Q2","0.89","36.14"%,
"ACTA BIOCHIMICA ET BIOPHYSICA SINICA","ACTA BIOCH BIOPH SIN","SCIENCE PRESS","1672-9145","1745-7270","BIOCHEMISTRY & MOLECULAR BIOLOGY","SCIE","6,868","4.5","Q2","0.84","99.79"%,
"NEUROCHEMICAL RESEARCH","NEUROCHEM RES","SPRINGER/PLENUM PUBLISHERS","0364-3190","1573-6903","BIOCHEMISTRY & MOLECULAR BIOLOGY","SCIE","14,927","4.5","Q2","0.84","21.6"%,
"BBA Advances","BBA ADV","ELSEVIER","N/A","2667-1603","BIOCHEMISTRY & MOLECULAR BIOLOGY","ESCI","516","4.5","Q2","0.82","100"%,
"BIOCONJUGATE CHEMISTRY","BIOCONJUGATE CHEM","AMER CHEMICAL SOC","1043-1802","1520-4812","BIOCHEMICAL RESEARCH METHODS","SCIE","15,983","4.5","Q1","0.8","20.26"%,
"BIOCONJUGATE CHEMISTRY","BIOCONJUGATE CHEM","AMER CHEMICAL SOC","1043-1802","1520-4812","BIOCHEMISTRY & MOLECULAR BIOLOGY","SCIE","15,983","4.5","Q2","0.8","20.26"%,
"Biomedicines","BIOMEDICINES","MDPI","N/A","2227-9059","BIOCHEMISTRY & MOLECULAR BIOLOGY","SCIE","62,243","4.5","Q2","0.77","99.97"%,
"Metabolites","METABOLITES","MDPI","N/A","2218-1989","BIOCHEMISTRY & MOLECULAR BIOLOGY","SCIE","24,545","4.5","Q2","0.66","99.96"%,
"CURRENT OPINION IN LIPIDOLOGY","CURR OPIN LIPIDOL","LIPPINCOTT WILLIAMS & WILKINS","0957-9672","1473-6535","BIOCHEMISTRY & MOLECULAR BIOLOGY","SCIE","4,024","4.5","Q2","0.6","24"%,
"PROGRESS IN BIOPHYSICS & MOLECULAR BIOLOGY","PROG BIOPHYS MOL BIO","PERGAMON-ELSEVIER SCIENCE LTD","0079-6107","1873-1732","BIOCHEMISTRY & MOLECULAR BIOLOGY","SCIE","4,726","4.5","Q2","0.57","19.35"%,
"BIOSCIENCE REPORTS","BIOSCIENCE REP","PORTLAND PRESS LTD","0144-8463","1573-4935","BIOCHEMISTRY & MOLECULAR BIOLOGY","SCIE","11,943","4.5","Q2","0.55","97.88"%,
"Expert Opinion on Drug Metabolism & Toxicology","EXPERT OPIN DRUG MET","TAYLOR & FRANCIS LTD","1742-5255","1744-7607","BIOCHEMISTRY & MOLECULAR BIOLOGY","SCIE","5,723","4.5","Q2","0.53","4.69"%,
"COMPARATIVE BIOCHEMISTRY AND PHYSIOLOGY C-TOXICOLOGY & PHARMACOLOGY","COMP BIOCHEM PHYS C","ELSEVIER SCIENCE INC","1532-0456","1878-1659","BIOCHEMISTRY & MOLECULAR BIOLOGY","SCIE","9,779","4.4","Q2","1.3","12.88"%,
"BMC BIOINFORMATICS","BMC BIOINFORMATICS","BMC","1471-2105","1471-2105","BIOCHEMICAL RESEARCH METHODS","SCIE","55,978","4.4","Q1","0.96","100"%,
"PROCESS BIOCHEMISTRY","PROCESS BIOCHEM","ELSEVIER SCI LTD","1359-5113","1873-3298","BIOCHEMISTRY & MOLECULAR BIOLOGY","SCIE","20,624","4.4","Q2","0.8","8.32"%,
"Frontiers in Molecular Biosciences","FRONT MOL BIOSCI","FRONTIERS MEDIA SA","N/A","2296-889X","BIOCHEMISTRY & MOLECULAR BIOLOGY","SCIE","22,478","4.4","Q2","0.62","99.88"%,
"BIOCHEMICAL SOCIETY TRANSACTIONS","BIOCHEM SOC T","PORTLAND PRESS LTD","0300-5127","1470-8752","BIOCHEMISTRY & MOLECULAR BIOLOGY","SCIE","14,529","4.4","Q2","0.39","68.26"%,
"SYSTEMATIC ENTOMOLOGY","SYST ENTOMOL","WILEY","0307-6970","1365-3113","EVOLUTIONARY BIOLOGY","SCIE","3,482","4.3","Q1","1.75","52"%,
"INSECT BIOCHEMISTRY AND MOLECULAR BIOLOGY","INSECT BIOCHEM MOLEC","PERGAMON-ELSEVIER SCIENCE LTD","0965-1748","1879-0240","BIOCHEMISTRY & MOLECULAR BIOLOGY","SCIE","9,869","4.3","Q2","1.25","20.59"%,
"Acta Crystallographica Section D-Structural Biology","ACTA CRYSTALLOGR D","INT UNION CRYSTALLOGRAPHY","2059-7983","2059-7983","BIOCHEMICAL RESEARCH METHODS","SCIE","19,882","4.3","Q1","1.12","78.5"%,
"Acta Crystallographica Section D-Structural Biology","ACTA CRYSTALLOGR D","INT UNION CRYSTALLOGRAPHY","2059-7983","2059-7983","BIOCHEMISTRY & MOLECULAR BIOLOGY","SCIE","19,882","4.3","Q2","1.12","78.5"%,
"Evolution Letters","EVOL LETT","OXFORD UNIV PRESS","N/A","2056-3744","EVOLUTIONARY BIOLOGY","SCIE","1,891","4.3","Q1","1.12","100"%,
"Clinical Proteomics","CLIN PROTEOM","BMC","1542-6416","1559-0275","BIOCHEMICAL RESEARCH METHODS","SCIE","1,649","4.3","Q1","0.87","100"%,
"FASEB JOURNAL","FASEB J","WILEY","0892-6638","1530-6860","BIOCHEMISTRY & MOLECULAR BIOLOGY","SCIE","52,322","4.3","Q2","0.85","42.02"%,
"BIOLOGICAL TRACE ELEMENT RESEARCH","BIOL TRACE ELEM RES","SPRINGERNATURE","0163-4984","1559-0720","BIOCHEMISTRY & MOLECULAR BIOLOGY","SCIE","19,885","4.3","Q2","0.78","17.76"%,
"RNA","RNA","COLD SPRING HARBOR LAB PRESS, PUBLICATIONS DEPT","1355-8382","1469-9001","BIOCHEMISTRY & MOLECULAR BIOLOGY","SCIE","12,487","4.3","Q2","0.71","2.53"%,
"BIOCHIMICA ET BIOPHYSICA ACTA-MOLECULAR CELL RESEARCH","BBA-MOL CELL RES","ELSEVIER","0167-4889","1879-2596","BIOCHEMISTRY & MOLECULAR BIOLOGY","SCIE","18,647","4.3","Q2","0.65","32.82"%,
"Proteomes","PROTEOMES","MDPI","N/A","2227-7382","BIOCHEMISTRY & MOLECULAR BIOLOGY","ESCI","1,278","4.3","Q2","0.55","100"%,
"IEEE TRANSACTIONS ON NANOBIOSCIENCE","IEEE T NANOBIOSCI","IEEE-INST ELECTRICAL ELECTRONICS ENGINEERS INC","1536-1241","1558-2639","BIOCHEMICAL RESEARCH METHODS","SCIE","2,409","4.2","Q1","0.95","4.57"%,
"Current Research in Structural Biology","CURR RES STRUCT BIOL","ELSEVIER","N/A","2665-928X","BIOCHEMISTRY & MOLECULAR BIOLOGY","ESCI","523","4.2","Q2","0.83","100"%,
"FEBS Journal","FEBS J","WILEY","1742-464X","1742-4658","BIOCHEMISTRY & MOLECULAR BIOLOGY","SCIE","27,624","4.2","Q2","0.67","50.55"%,
"MACROMOLECULAR BIOSCIENCE","MACROMOL BIOSCI","WILEY-V C H VERLAG GMBH","1616-5187","1616-5195","BIOCHEMISTRY & MOLECULAR BIOLOGY","SCIE","9,771","4.2","Q2","0.67","32.24"%,
"Non-Coding RNA","NON-CODING RNA","MDPI","N/A","2311-553X","BIOCHEMISTRY & MOLECULAR BIOLOGY","ESCI","1,927","4.2","Q2","0.59","100"%,
"IEEE-ACM Transactions on Computational Biology and Bioinformatics","IEEE ACM T COMPUT BI","IEEE COMPUTER SOC","1545-5963","1557-9964","BIOCHEMICAL RESEARCH METHODS","SCIE","6,707","4.1","Q2","1.37","5.2"%,
"BIOINORGANIC CHEMISTRY AND APPLICATIONS","BIOINORG CHEM APPL","WILEY","1565-3633","1687-479X","BIOCHEMISTRY & MOLECULAR BIOLOGY","SCIE","2,100","4.1","Q2","1.07","100"%,
"ANALYTICAL AND BIOANALYTICAL CHEMISTRY","ANAL BIOANAL CHEM","SPRINGER HEIDELBERG","1618-2642","1618-2650","BIOCHEMICAL RESEARCH METHODS","SCIE","35,308","4.1","Q2","0.92","37.2"%,
"Cosmetics","COSMETICS-BASEL","MDPI","N/A","2079-9284","BIOCHEMISTRY & MOLECULAR BIOLOGY","ESCI","4,676","4.1","Q2","0.91","99.85"%,
"Plant Signaling & Behavior","PLANT SIGNAL BEHAV","TAYLOR & FRANCIS INC","1559-2316","1559-2324","BIOCHEMISTRY & MOLECULAR BIOLOGY","SCIE","11,736","4.1","Q2","0.79","100"%,
"JOURNAL OF TRACE ELEMENTS IN MEDICINE AND BIOLOGY","J TRACE ELEM MED BIO","ELSEVIER GMBH","0946-672X","1878-3252","BIOCHEMISTRY & MOLECULAR BIOLOGY","SCIE","8,378","4.1","Q2","0.78","15.48"%,
"JOURNAL OF BIOLOGICAL CHEMISTRY","J BIOL CHEM","ELSEVIER","0021-9258","1083-351X","BIOCHEMISTRY & MOLECULAR BIOLOGY","SCIE","277,700","4.1","Q2","0.77","99.97"%,
"PROTEOMICS","PROTEOMICS","WILEY-V C H VERLAG GMBH","1615-9853","1615-9861","BIOCHEMICAL RESEARCH METHODS","SCIE","11,300","4.1","Q2","0.69","60.45"%,
"PROTEOMICS","PROTEOMICS","WILEY-V C H VERLAG GMBH","1615-9853","1615-9861","BIOCHEMISTRY & MOLECULAR BIOLOGY","SCIE","11,300","4.1","Q2","0.69","60.45"%,
"RNA Biology","RNA BIOL","TAYLOR & FRANCIS INC","1547-6286","1555-8584","BIOCHEMISTRY & MOLECULAR BIOLOGY","SCIE","7,801","4.1","Q2","0.58","100"%,
"CURRENT ISSUES IN MOLECULAR BIOLOGY","CURR ISSUES MOL BIOL","MDPI","1467-3037","1467-3045","BIOCHEMISTRY & MOLECULAR BIOLOGY","SCIE","10,319","4.1","Q2","0.54","99.92"%,
"BMB Reports","BMB REP","KOREAN SOCIETY BIOCHEMISTRY & MOLECULAR BIOLOGY","1976-6696","1976-670X","BIOCHEMISTRY & MOLECULAR BIOLOGY","SCIE","4,444","4.1","Q2","0.53","98.25"%,
"Frontiers in Bioscience-Landmark","FRONT BIOSCI-LANDMRK","IMR PRESS","2768-6701","2768-6698","BIOCHEMISTRY & MOLECULAR BIOLOGY","SCIE","13,242","4.1","Q2","0.48","100"%,
"MOLECULAR PHYLOGENETICS AND EVOLUTION","MOL PHYLOGENET EVOL","ACADEMIC PRESS INC ELSEVIER SCIENCE","1055-7903","1095-9513","BIOCHEMISTRY & MOLECULAR BIOLOGY","SCIE","21,037","4","Q2","1.01","29.87"%,
"MOLECULAR PHYLOGENETICS AND EVOLUTION","MOL PHYLOGENET EVOL","ACADEMIC PRESS INC ELSEVIER SCIENCE","1055-7903","1095-9513","EVOLUTIONARY BIOLOGY","SCIE","21,037","4","Q1","1.01","29.87"%,
"JOURNAL OF CHROMATOGRAPHY A","J CHROMATOGR A","ELSEVIER","0021-9673","1873-3778","BIOCHEMICAL RESEARCH METHODS","SCIE","49,244","4","Q2","1","22.58"%,
"JOURNAL OF PHOTOCHEMISTRY AND PHOTOBIOLOGY B-BIOLOGY","J PHOTOCH PHOTOBIO B","ELSEVIER SCIENCE SA","1011-1344","1873-2682","BIOCHEMISTRY & MOLECULAR BIOLOGY","SCIE","16,103","4","Q2","0.96","15.37"%,
"Current Opinion in Systems Biology","CURR OPIN SYST BIOL","ELSEVIER","2452-3100","2452-3100","BIOCHEMISTRY & MOLECULAR BIOLOGY","ESCI","1,298","4","Q2","0.74","57.81"%,
"BIOMETALS","BIOMETALS","SPRINGER","0966-0844","1572-8773","BIOCHEMISTRY & MOLECULAR BIOLOGY","SCIE","5,423","4","Q2","0.71","17.08"%,
"Environmental Pollutants and Bioavailability","ENV POLLUT BIOAVAIL","TAYLOR & FRANCIS LTD","2639-5932","2639-5940","BIOCHEMISTRY & MOLECULAR BIOLOGY","SCIE","1,015","4","Q2","0.66","100"%,
"CURRENT GENOMICS","CURR GENOMICS","BENTHAM SCIENCE PUBL LTD","1389-2029","1875-5488","BIOCHEMISTRY & MOLECULAR BIOLOGY","SCIE","2,559","4","Q2","0.52","6.74"%,
"MOLECULAR PLANT-MICROBE INTERACTIONS","MOL PLANT MICROBE IN","AMER PHYTOPATHOLOGICAL SOC","0894-0282","1943-7706","BIOCHEMISTRY & MOLECULAR BIOLOGY","SCIE","11,190","3.9","Q2","0.87","97.98"%,
"BIOCHEMICAL JOURNAL","BIOCHEM J","PORTLAND PRESS LTD","0264-6021","1470-8728","BIOCHEMISTRY & MOLECULAR BIOLOGY","SCIE","36,956","3.9","Q2","0.56","86.49"%,
"RSC Chemical Biology","RSC CHEM BIOL","ROYAL SOC CHEMISTRY","2633-0679","2633-0679","BIOCHEMISTRY & MOLECULAR BIOLOGY","ESCI","2,159","3.9","Q2","0.49","100"%,
"JOURNAL OF PROTEOME RESEARCH","J PROTEOME RES","AMER CHEMICAL SOC","1535-3893","1535-3907","BIOCHEMICAL RESEARCH METHODS","SCIE","23,188","3.8","Q2","1.01","31.06"%,
"BIOCHIMICA ET BIOPHYSICA ACTA-MOLECULAR AND CELL BIOLOGY OF LIPIDS","BBA-MOL CELL BIOL L","ELSEVIER","1388-1981","1879-2618","BIOCHEMISTRY & MOLECULAR BIOLOGY","SCIE","11,622","3.8","Q2","0.74","35.64"%,
"NITRIC OXIDE-BIOLOGY AND CHEMISTRY","NITRIC OXIDE-BIOL CH","ACADEMIC PRESS INC ELSEVIER SCIENCE","1089-8603","1089-8611","BIOCHEMISTRY & MOLECULAR BIOLOGY","SCIE","4,585","3.8","Q2","0.66","20.99"%,
"Advances in Redox Research","ADV REDOX RES","ELSEVIER","N/A","2667-1379","BIOCHEMISTRY & MOLECULAR BIOLOGY","ESCI","393","3.8","Q2","0.6","100"%,
"Transcription-Austin","TRANSCR-AUSTIN","TAYLOR & FRANCIS INC","2154-1264","2154-1272","BIOCHEMISTRY & MOLECULAR BIOLOGY","ESCI","785","3.8","Q2","0.36","31.43"%,
"MOLECULAR ECOLOGY","MOL ECOL","WILEY","0962-1083","1365-294X","BIOCHEMISTRY & MOLECULAR BIOLOGY","SCIE","39,598","3.7","Q2","0.96","64.96"%,
"MOLECULAR ECOLOGY","MOL ECOL","WILEY","0962-1083","1365-294X","EVOLUTIONARY BIOLOGY","SCIE","39,598","3.7","Q1","0.96","64.96"%,
"PLoS Computational Biology","PLOS COMPUT BIOL","PUBLIC LIBRARY SCIENCE","1553-734X","1553-7358","BIOCHEMICAL RESEARCH METHODS","SCIE","47,721","3.7","Q2","0.96","99.96"%,
"Biotechnology Journal","BIOTECHNOL J","WILEY-V C H VERLAG GMBH","1860-6768","1860-7314","BIOCHEMICAL RESEARCH METHODS","SCIE","8,698","3.7","Q2","0.81","24.53"%,
"Epigenetics","EPIGENETICS-US","TAYLOR & FRANCIS INC","1559-2294","1559-2308","BIOCHEMISTRY & MOLECULAR BIOLOGY","SCIE","5,878","3.7","Q2","0.81","100"%,
"SLAS Technology","SLAS TECHNOL","ELSEVIER SCIENCE INC","2472-6303","2472-6311","BIOCHEMICAL RESEARCH METHODS","SCIE","1,687","3.7","Q2","0.81","100"%,
"PLANT MOLECULAR BIOLOGY","PLANT MOL BIOL","SPRINGER","0167-4412","1573-5028","BIOCHEMISTRY & MOLECULAR BIOLOGY","SCIE","15,938","3.7","Q2","0.77","23.05"%,
"MOLECULAR IMMUNOLOGY","MOL IMMUNOL","PERGAMON-ELSEVIER SCIENCE LTD","0161-5890","1872-9142","BIOCHEMISTRY & MOLECULAR BIOLOGY","SCIE","12,839","3.7","Q2","0.72","25.61"%,
"Oxygen","OXYGEN-BASEL","MDPI","N/A","2673-9801","BIOCHEMISTRY & MOLECULAR BIOLOGY","ESCI","686","3.7","Q2","0.65","100"%,
"METHODS","METHODS","ACADEMIC PRESS INC ELSEVIER SCIENCE","1046-2023","1095-9130","BIOCHEMICAL RESEARCH METHODS","SCIE","25,643","3.6","Q2","1.04","21.64"%,
"METHODS","METHODS","ACADEMIC PRESS INC ELSEVIER SCIENCE","1046-2023","1095-9130","BIOCHEMISTRY & MOLECULAR BIOLOGY","SCIE","25,643","3.6","Q2","1.04","21.64"%,
"PROCEEDINGS OF THE ROYAL SOCIETY B-BIOLOGICAL SCIENCES","P ROY SOC B-BIOL SCI","ROYAL SOC","0962-8452","1471-2954","EVOLUTIONARY BIOLOGY","SCIE","61,725","3.6","Q1","1.02","61.82"%,
"ACS Chemical Biology","ACS CHEM BIOL","AMER CHEMICAL SOC","1554-8929","1554-8937","BIOCHEMISTRY & MOLECULAR BIOLOGY","SCIE","17,034","3.6","Q2","0.78","28.96"%,
"JOURNAL OF BIOCHEMICAL AND MOLECULAR TOXICOLOGY","J BIOCHEM MOL TOXIC","WILEY","1095-6670","1099-0461","BIOCHEMISTRY & MOLECULAR BIOLOGY","SCIE","7,581","3.6","Q2","0.72","11.59"%,
"Biochimica et Biophysica Acta-Gene Regulatory Mechanisms","BBA-GENE REGUL MECH","ELSEVIER","1874-9399","1876-4320","BIOCHEMISTRY & MOLECULAR BIOLOGY","SCIE","6,523","3.6","Q2","0.66","24.44"%,
"CYTOKINE","CYTOKINE","ACADEMIC PRESS LTD- ELSEVIER SCIENCE LTD","1043-4666","1096-0023","BIOCHEMISTRY & MOLECULAR BIOLOGY","SCIE","14,909","3.6","Q2","0.66","21.92"%,
"PEPTIDES","PEPTIDES","ELSEVIER SCIENCE INC","0196-9781","1873-5169","BIOCHEMISTRY & MOLECULAR BIOLOGY","SCIE","9,353","3.5","Q2","0.78","30.74"%,
"ARCHIVES OF BIOCHEMISTRY AND BIOPHYSICS","ARCH BIOCHEM BIOPHYS","ELSEVIER SCIENCE INC","0003-9861","1096-0384","BIOCHEMISTRY & MOLECULAR BIOLOGY","SCIE","23,072","3.5","Q2","0.76","20.14"%,
"ACS Bio & Med Chem Au","ACS BIO MED CHEM AU","AMER CHEMICAL SOC","N/A","2694-2437","BIOCHEMISTRY & MOLECULAR BIOLOGY","ESCI","687","3.5","Q2","0.75","100"%,
"BIOORGANIC & MEDICINAL CHEMISTRY","BIOORGAN MED CHEM","PERGAMON-ELSEVIER SCIENCE LTD","0968-0896","1464-3391","BIOCHEMISTRY & MOLECULAR BIOLOGY","SCIE","25,747","3.5","Q2","0.74","17.51"%,
"MOLECULAR CARCINOGENESIS","MOL CARCINOGEN","WILEY","0899-1987","1098-2744","BIOCHEMISTRY & MOLECULAR BIOLOGY","SCIE","6,265","3.5","Q2","0.72","24.19"%,
"APPLIED BIOCHEMISTRY AND BIOTECHNOLOGY","APPL BIOCHEM BIOTECH","SPRINGER","0273-2289","1559-0291","BIOCHEMISTRY & MOLECULAR BIOLOGY","SCIE","16,837","3.5","Q2","0.69","6.23"%,
"PHOTOCHEMICAL & PHOTOBIOLOGICAL SCIENCES","PHOTOCH PHOTOBIO SCI","SPRINGERNATURE","1474-905X","1474-9092","BIOCHEMISTRY & MOLECULAR BIOLOGY","SCIE","8,046","3.5","Q2","0.64","35.87"%,
"PROTEIN ENGINEERING DESIGN & SELECTION","PROTEIN ENG DES SEL","OXFORD UNIV PRESS","1741-0126","1741-0134","BIOCHEMISTRY & MOLECULAR BIOLOGY","SCIE","4,023","3.5","Q2","0.6","21.15"%,
"Innate Immunity","INNATE IMMUN-LONDON","SAGE PUBLICATIONS LTD","1753-4259","1753-4267","BIOCHEMISTRY & MOLECULAR BIOLOGY","SCIE","1,830","3.5","Q2","0.59","100"%,
"INTERNATIONAL JOURNAL OF BIOCHEMISTRY & CELL BIOLOGY","INT J BIOCHEM CELL B","PERGAMON-ELSEVIER SCIENCE LTD","1357-2725","1878-5875","BIOCHEMISTRY & MOLECULAR BIOLOGY","SCIE","14,584","3.5","Q2","0.57","22.09"%,
"CELL BIOCHEMISTRY AND FUNCTION","CELL BIOCHEM FUNCT","WILEY","0263-6484","1099-0844","BIOCHEMISTRY & MOLECULAR BIOLOGY","SCIE","4,136","3.5","Q2","0.44","12.16"%,
"PHYTOCHEMISTRY","PHYTOCHEMISTRY","PERGAMON-ELSEVIER SCIENCE LTD","0031-9422","1873-3700","BIOCHEMISTRY & MOLECULAR BIOLOGY","SCIE","32,382","3.4","Q3","0.78","8.77"%,
"BIOCHIMIE","BIOCHIMIE","ELSEVIER FRANCE-EDITIONS SCIENTIFIQUES MEDICALES ELSEVIER","0300-9084","1638-6183","BIOCHEMISTRY & MOLECULAR BIOLOGY","SCIE","12,193","3.4","Q3","0.67","23.19"%,
"JOURNAL OF FLUORESCENCE","J FLUORESC","SPRINGER/PLENUM PUBLISHERS","1053-0509","1573-4994","BIOCHEMICAL RESEARCH METHODS","SCIE","8,799","3.4","Q2","0.65","6.72"%,
"Carbohydrate Research","CARBOHYD RES","ELSEVIER SCI LTD","0008-6215","1873-426X","BIOCHEMISTRY & MOLECULAR BIOLOGY","SCIE","14,208","3.4","Q3","0.62","15.99"%,
"Aspects of Molecular Medicine","ASPECTS MOL MED","ELSEVIER","N/A","2949-6888","BIOCHEMISTRY & MOLECULAR BIOLOGY","ESCI","262","3.4","Q3","0.53","100"%,
"JOURNAL OF HUMAN EVOLUTION","J HUM EVOL","ACADEMIC PRESS LTD- ELSEVIER SCIENCE LTD","0047-2484","1095-8606","EVOLUTIONARY BIOLOGY","SCIE","9,207","3.3","Q2","1.54","33.5"%,
"Genome Biology and Evolution","GENOME BIOL EVOL","OXFORD UNIV PRESS","1759-6653","1759-6653","EVOLUTIONARY BIOLOGY","SCIE","10,127","3.3","Q2","0.91","100"%,
"INSECT MOLECULAR BIOLOGY","INSECT MOL BIOL","WILEY","0962-1075","1365-2583","BIOCHEMISTRY & MOLECULAR BIOLOGY","SCIE","3,890","3.3","Q3","0.89","29.65"%,
"JOURNAL OF BIOMEDICAL OPTICS","J BIOMED OPT","SPIE-SOC PHOTO-OPTICAL INSTRUMENTATION ENGINEERS","1083-3668","1560-2281","BIOCHEMICAL RESEARCH METHODS","SCIE","14,110","3.3","Q2","0.88","100"%,
"SLAS Discovery","SLAS DISCOV","ELSEVIER SCIENCE INC","2472-5552","2472-5560","BIOCHEMICAL RESEARCH METHODS","SCIE","2,046","3.3","Q2","0.68","100"%,
"PROTEINS-STRUCTURE FUNCTION AND BIOINFORMATICS","PROTEINS","WILEY","0887-3585","1097-0134","BIOCHEMISTRY & MOLECULAR BIOLOGY","SCIE","13,784","3.3","Q3","0.67","38.66"%,
"BIOESSAYS","BIOESSAYS","WILEY-V C H VERLAG GMBH","0265-9247","1521-1878","BIOCHEMISTRY & MOLECULAR BIOLOGY","SCIE","10,137","3.3","Q3","0.59","63.92"%,
"Chemical Biology & Drug Design","CHEM BIOL DRUG DES","WILEY","1747-0277","1747-0285","BIOCHEMISTRY & MOLECULAR BIOLOGY","SCIE","6,950","3.3","Q3","0.59","11.71"%,
"Biochemistry and Biophysics Reports","BIOCHEM BIOPHYS REP","ELSEVIER","2405-5808","2405-5808","BIOCHEMISTRY & MOLECULAR BIOLOGY","ESCI","4,994","3.3","Q3","0.55","100"%,
"GLYCOBIOLOGY","GLYCOBIOLOGY","OXFORD UNIV PRESS INC","0959-6658","1460-2423","BIOCHEMISTRY & MOLECULAR BIOLOGY","SCIE","7,683","3.3","Q3","0.55","38.36"%,
"Animal Models and Experimental Medicine","ANIM MODEL EXP MED","WILEY","2096-5451","2576-2095","BIOCHEMISTRY & MOLECULAR BIOLOGY","ESCI","1,776","3.3","Q3","0.53","100"%,
"Evolutionary Applications","EVOL APPL","WILEY","1752-4571","1752-4571","EVOLUTIONARY BIOLOGY","SCIE","8,110","3.2","Q2","0.96","100"%,
"Biomedical Optics Express","BIOMED OPT EXPRESS","Optica Publishing Group","2156-7085","2156-7085","BIOCHEMICAL RESEARCH METHODS","SCIE","16,194","3.2","Q2","0.94","99.52"%,
"MOLECULAR AND CELLULAR PROBES","MOL CELL PROBE","ACADEMIC PRESS LTD- ELSEVIER SCIENCE LTD","0890-8508","1096-1194","BIOCHEMICAL RESEARCH METHODS","SCIE","2,616","3.2","Q2","0.63","99.32"%,
"MOLECULAR AND CELLULAR PROBES","MOL CELL PROBE","ACADEMIC PRESS LTD- ELSEVIER SCIENCE LTD","0890-8508","1096-1194","BIOCHEMISTRY & MOLECULAR BIOLOGY","SCIE","2,616","3.2","Q3","0.63","99.32"%,
"AMINO ACIDS","AMINO ACIDS","SPRINGER WIEN","0939-4451","1438-2199","BIOCHEMISTRY & MOLECULAR BIOLOGY","SCIE","10,859","3.2","Q3","0.54","60.87"%,
"Biomolecular Concepts","BIOMOL CONCEPTS","WALTER DE GRUYTER GMBH","1868-5021","1868-503X","BIOCHEMISTRY & MOLECULAR BIOLOGY","ESCI","1,097","3.2","Q3","0.54","100"%,
"IUBMB LIFE","IUBMB LIFE","WILEY","1521-6543","1521-6551","BIOCHEMISTRY & MOLECULAR BIOLOGY","SCIE","7,739","3.2","Q3","0.52","29.41"%,
"CURRENT MEDICINAL CHEMISTRY","CURR MED CHEM","BENTHAM SCIENCE PUBL LTD","0929-8673","1875-533X","BIOCHEMISTRY & MOLECULAR BIOLOGY","SCIE","21,442","3.2","Q3","0.51","7.03"%,
"MOLECULAR BIOLOGY REPORTS","MOL BIOL REP","SPRINGER","0301-4851","1573-4978","BIOCHEMISTRY & MOLECULAR BIOLOGY","SCIE","23,363","3.2","Q3","0.5","11.74"%,
"MOLECULAR BIOTECHNOLOGY","MOL BIOTECHNOL","SPRINGERNATURE","1073-6085","1559-0305","BIOCHEMISTRY & MOLECULAR BIOLOGY","SCIE","6,289","3.2","Q3","0.5","9.24"%,
"JOURNAL OF MOLECULAR GRAPHICS & MODELLING","J MOL GRAPH MODEL","ELSEVIER SCIENCE INC","1093-3263","1873-4243","BIOCHEMICAL RESEARCH METHODS","SCIE","14,730","3.1","Q2","0.87","8.62"%,
"JOURNAL OF MOLECULAR GRAPHICS & MODELLING","J MOL GRAPH MODEL","ELSEVIER SCIENCE INC","1093-3263","1873-4243","BIOCHEMISTRY & MOLECULAR BIOLOGY","SCIE","14,730","3.1","Q3","0.87","8.62"%,
"JOURNAL OF INORGANIC BIOCHEMISTRY","J INORG BIOCHEM","ELSEVIER SCIENCE INC","0162-0134","1873-3344","BIOCHEMISTRY & MOLECULAR BIOLOGY","SCIE","12,071","3.1","Q3","0.8","25.07"%,
"HUMAN MOLECULAR GENETICS","HUM MOL GENET","OXFORD UNIV PRESS","0964-6906","1460-2083","BIOCHEMISTRY & MOLECULAR BIOLOGY","SCIE","34,363","3.1","Q3","0.76","42.52"%,
"Journal of Proteomics","J PROTEOMICS","ELSEVIER","1874-3919","1876-7737","BIOCHEMICAL RESEARCH METHODS","SCIE","10,135","3.1","Q2","0.76","22.96"%,
"ANALYTICAL BIOCHEMISTRY","ANAL BIOCHEM","ACADEMIC PRESS INC ELSEVIER SCIENCE","0003-2697","1096-0309","BIOCHEMICAL RESEARCH METHODS","SCIE","34,529","3.1","Q2","0.67","16.09"%,
"ANALYTICAL BIOCHEMISTRY","ANAL BIOCHEM","ACADEMIC PRESS INC ELSEVIER SCIENCE","0003-2697","1096-0309","BIOCHEMISTRY & MOLECULAR BIOLOGY","SCIE","34,529","3.1","Q3","0.67","16.09"%,
"JOURNAL OF STEROID BIOCHEMISTRY AND MOLECULAR BIOLOGY","J STEROID BIOCHEM","PERGAMON-ELSEVIER SCIENCE LTD","0960-0760","1879-1220","BIOCHEMISTRY & MOLECULAR BIOLOGY","SCIE","10,829","3.1","Q3","0.62","25.41"%,
"FREE RADICAL RESEARCH","FREE RADICAL RES","TAYLOR & FRANCIS LTD","1071-5762","1029-2470","BIOCHEMISTRY & MOLECULAR BIOLOGY","SCIE","6,947","3.1","Q3","0.56","5.81"%,
"Open Biology","OPEN BIOL","ROYAL SOC","N/A","2046-2441","BIOCHEMISTRY & MOLECULAR BIOLOGY","SCIE","6,568","3.1","Q3","0.54","100"%,
"MOLECULAR MICROBIOLOGY","MOL MICROBIOL","WILEY","0950-382X","1365-2958","BIOCHEMISTRY & MOLECULAR BIOLOGY","SCIE","27,968","3.1","Q3","0.53","59.64"%,
"FEBS LETTERS","FEBS LETT","WILEY","0014-5793","1873-3468","BIOCHEMISTRY & MOLECULAR BIOLOGY","SCIE","36,481","3.1","Q3","0.51","49.7"%,
"FISH PHYSIOLOGY AND BIOCHEMISTRY","FISH PHYSIOL BIOCHEM","SPRINGER","0920-1742","1573-5168","BIOCHEMISTRY & MOLECULAR BIOLOGY","SCIE","7,199","3","Q3","0.89","20.48"%,
"EVOLUTION","EVOLUTION","OXFORD UNIV PRESS","0014-3820","1558-5646","EVOLUTIONARY BIOLOGY","SCIE","27,014","3","Q2","0.84","49.67"%,
"JOURNAL OF ZOOLOGICAL SYSTEMATICS AND EVOLUTIONARY RESEARCH","J ZOOL SYST EVOL RES","WILEY","0947-5745","1439-0469","EVOLUTIONARY BIOLOGY","SCIE","1,539","3","Q2","0.83","100"%,
"JOURNAL OF COMPUTER-AIDED MOLECULAR DESIGN","J COMPUT AID MOL DES","SPRINGER","0920-654X","1573-4951","BIOCHEMISTRY & MOLECULAR BIOLOGY","SCIE","5,873","3","Q3","0.72","19.49"%,
"CHEMISTRY AND PHYSICS OF LIPIDS","CHEM PHYS LIPIDS","ELSEVIER IRELAND LTD","0009-3084","1873-2941","BIOCHEMISTRY & MOLECULAR BIOLOGY","SCIE","4,655","3","Q3","0.68","24.3"%,
"JOURNAL OF CELLULAR BIOCHEMISTRY","J CELL BIOCHEM","WILEY","0730-2312","1097-4644","BIOCHEMISTRY & MOLECULAR BIOLOGY","SCIE","18,559","3","Q3","0.51","19.06"%,
"CELL BIOCHEMISTRY AND BIOPHYSICS","CELL BIOCHEM BIOPHYS","HUMANA PRESS INC","1085-9195","1559-0283","BIOCHEMISTRY & MOLECULAR BIOLOGY","SCIE","5,028","3","Q3","0.5","8.94"%,
"GLYCOCONJUGATE JOURNAL","GLYCOCONJUGATE J","SPRINGER","0282-0080","1573-4986","BIOCHEMISTRY & MOLECULAR BIOLOGY","SCIE","2,787","3","Q3","0.48","24.24"%,
"JOURNAL OF SYSTEMATIC PALAEONTOLOGY","J SYST PALAEONTOL","TAYLOR & FRANCIS LTD","1477-2019","1478-0941","EVOLUTIONARY BIOLOGY","SCIE","1,929","2.9","Q2","1.16","19.66"%,
"PALEOBIOLOGY","PALEOBIOLOGY","CAMBRIDGE UNIV PRESS","0094-8373","1938-5331","EVOLUTIONARY BIOLOGY","SCIE","4,651","2.9","Q2","0.99","86.86"%,
"Journal of Structural Biology-X","J STRUCT BIOL-X","ELSEVIER","N/A","2590-1524","BIOCHEMISTRY & MOLECULAR BIOLOGY","ESCI","419","2.9","Q3","0.89","100"%,
"JOURNAL OF THE AMERICAN SOCIETY FOR MASS SPECTROMETRY","J AM SOC MASS SPECTR","AMER CHEMICAL SOC","1044-0305","1879-1123","BIOCHEMICAL RESEARCH METHODS","SCIE","11,295","2.9","Q2","0.71","28.57"%,
"PHYTOCHEMICAL ANALYSIS","PHYTOCHEM ANALYSIS","WILEY","0958-0344","1099-1565","BIOCHEMICAL RESEARCH METHODS","SCIE","4,250","2.9","Q2","0.7","14.21"%,
"Biochemistry Research International","BIOCHEM RES INT","WILEY","2090-2247","2090-2255","BIOCHEMICAL RESEARCH METHODS","ESCI","1,055","2.9","Q2","0.68","100"%,
"Comparative Biochemistry and Physiology D-Genomics & Proteomics","COMP BIOCHEM PHYS D","ELSEVIER SCIENCE INC","1744-117X","1878-0407","BIOCHEMISTRY & MOLECULAR BIOLOGY","SCIE","2,797","2.9","Q3","0.65","9.86"%,
"BIOCHIMICA ET BIOPHYSICA ACTA-GENERAL SUBJECTS","BBA-GEN SUBJECTS","ELSEVIER","0304-4165","1872-8006","BIOCHEMISTRY & MOLECULAR BIOLOGY","SCIE","13,898","2.9","Q3","0.64","17.27"%,
"JOURNAL OF MOLECULAR MODELING","J MOL MODEL","SPRINGER","1610-2940","0948-5023","BIOCHEMISTRY & MOLECULAR BIOLOGY","SCIE","10,657","2.9","Q3","0.6","6.81"%,
"BIOPOLYMERS","BIOPOLYMERS","WILEY","0006-3525","1097-0282","BIOCHEMISTRY & MOLECULAR BIOLOGY","SCIE","7,420","2.9","Q3","0.59","20.25"%,
"Metallomics","METALLOMICS","OXFORD UNIV PRESS","1756-5901","1756-591X","BIOCHEMISTRY & MOLECULAR BIOLOGY","SCIE","6,083","2.9","Q3","0.56","38.42"%,
"CYTOMETRY PART A","CYTOM PART A","WILEY","1552-4922","1552-4930","BIOCHEMICAL RESEARCH METHODS","SCIE","5,303","2.9","Q2","0.53","57.51"%,
"Proteomics Clinical Applications","PROTEOM CLIN APPL","WILEY-V C H VERLAG GMBH","1862-8346","1862-8354","BIOCHEMICAL RESEARCH METHODS","SCIE","1,992","2.9","Q2","0.53","33.93"%,
"CHEMISTRY & BIODIVERSITY","CHEM BIODIVERS","WILEY-V C H VERLAG GMBH","1612-1872","1612-1880","BIOCHEMISTRY & MOLECULAR BIOLOGY","SCIE","14,053","2.9","Q3","0.44","7.21"%,
"CURRENT PHARMACEUTICAL BIOTECHNOLOGY","CURR PHARM BIOTECHNO","BENTHAM SCIENCE PUBL LTD","1389-2010","1873-4316","BIOCHEMISTRY & MOLECULAR BIOLOGY","SCIE","5,388","2.9","Q3","0.44","1.38"%,
"Expert Review of Proteomics","EXPERT REV PROTEOMIC","TAYLOR & FRANCIS LTD","1478-9450","1744-8387","BIOCHEMICAL RESEARCH METHODS","SCIE","2,362","2.9","Q2","0.35","11.61"%,
"JOURNAL OF BIOLOGICAL INORGANIC CHEMISTRY","J BIOL INORG CHEM","SPRINGER","0949-8257","1432-1327","BIOCHEMISTRY & MOLECULAR BIOLOGY","SCIE","4,086","2.8","Q3","0.62","38.3"%,
"CHEMBIOCHEM","CHEMBIOCHEM","WILEY-V C H VERLAG GMBH","1439-4227","1439-7633","BIOCHEMISTRY & MOLECULAR BIOLOGY","SCIE","14,679","2.8","Q3","0.52","34.81"%,
"MOLECULAR AND CELLULAR BIOLOGY","MOL CELL BIOL","TAYLOR & FRANCIS INC","0270-7306","1098-5549","BIOCHEMISTRY & MOLECULAR BIOLOGY","SCIE","35,668","2.8","Q3","0.48","27.27"%,
"AMERICAN NATURALIST","AM NAT","UNIV CHICAGO PRESS","0003-0147","1537-5323","EVOLUTIONARY BIOLOGY","SCIE","25,898","2.7","Q2","0.85","8.62"%,
"Journal of Breath Research","J BREATH RES","IOP Publishing Ltd","1752-7155","1752-7163","BIOCHEMICAL RESEARCH METHODS","SCIE","2,704","2.7","Q3","0.8","74.03"%,
"Biology Letters","BIOL LETTERS","ROYAL SOC","1744-9561","1744-957X","EVOLUTIONARY BIOLOGY","SCIE","12,501","2.7","Q2","0.77","59.04"%,
"BMC Ecology and Evolution","BMC ECOL EVOL","BMC","N/A","2730-7182","EVOLUTIONARY BIOLOGY","SCIE","1,749","2.7","Q2","0.77","100"%,
"Evolution Medicine and Public Health","EVOL MED PUBLIC HLTH","OXFORD UNIV PRESS","N/A","2050-6201","EVOLUTIONARY BIOLOGY","SCIE","1,179","2.7","Q2","0.69","100"%,
"JOURNAL OF MOLECULAR RECOGNITION","J MOL RECOGNIT","WILEY","0952-3499","1099-1352","BIOCHEMISTRY & MOLECULAR BIOLOGY","SCIE","2,147","2.7","Q3","0.69","12.62"%,
"Advances in Biological Regulation","ADV BIOL REGUL","ELSEVIER","2212-4926","2212-4934","BIOCHEMISTRY & MOLECULAR BIOLOGY","ESCI","1,471","2.7","Q3","0.58","36.59"%,
"BIOCHEMISTRY","BIOCHEMISTRY-US","AMER CHEMICAL SOC","0006-2960","1520-4995","BIOCHEMISTRY & MOLECULAR BIOLOGY","SCIE","54,453","2.7","Q3","0.57","25.1"%,
"Biomicrofluidics","BIOMICROFLUIDICS","AIP Publishing","N/A","1932-1058","BIOCHEMICAL RESEARCH METHODS","SCIE","4,002","2.7","Q3","0.5","29.23"%,
"STEROIDS","STEROIDS","ELSEVIER SCIENCE INC","0039-128X","1878-5867","BIOCHEMISTRY & MOLECULAR BIOLOGY","SCIE","5,523","2.7","Q3","0.49","18.66"%,
"FEBS Open Bio","FEBS OPEN BIO","WILEY","2211-5463","2211-5463","BIOCHEMISTRY & MOLECULAR BIOLOGY","SCIE","4,508","2.7","Q3","0.47","100"%,
"Journal of Nucleic Acids","J NUCLEIC ACIDS","WILEY","2090-0201","2090-021X","BIOCHEMISTRY & MOLECULAR BIOLOGY","ESCI","478","2.7","Q3","0.46","100"%,
"HEREDITY","HEREDITY","SPRINGERNATURE","0018-067X","1365-2540","EVOLUTIONARY BIOLOGY","SCIE","9,578","2.6","Q2","0.91","54.79"%,
"EvoDevo","EVODEVO","BMC","N/A","2041-9139","EVOLUTIONARY BIOLOGY","SCIE","947","2.6","Q2","0.8","100"%,
"ADDICTION BIOLOGY","ADDICT BIOL","WILEY","1355-6215","1369-1600","BIOCHEMISTRY & MOLECULAR BIOLOGY","SCIE","4,771","2.6","Q3","0.76","86.52"%,
"Drug Testing and Analysis","DRUG TEST ANAL","WILEY","1942-7603","1942-7611","BIOCHEMICAL RESEARCH METHODS","SCIE","4,496","2.6","Q3","0.68","43.78"%,
"Ecology and Evolution","ECOL EVOL","WILEY","2045-7758","2045-7758","EVOLUTIONARY BIOLOGY","SCIE","35,949","2.6","Q2","0.68","100"%,
"BIOCHIMICA ET BIOPHYSICA ACTA-BIOENERGETICS","BBA-BIOENERGETICS","ELSEVIER","0005-2728","1879-2650","BIOCHEMISTRY & MOLECULAR BIOLOGY","SCIE","11,243","2.6","Q3","0.65","40.97"%,
"Evolutionary Biology","EVOL BIOL","SPRINGER","0071-3260","1934-2845","EVOLUTIONARY BIOLOGY","SCIE","1,670","2.6","Q2","0.63","41.43"%,
"CHROMOSOME RESEARCH","CHROMOSOME RES","SPRINGER","0967-3849","1573-6849","BIOCHEMISTRY & MOLECULAR BIOLOGY","SCIE","2,145","2.6","Q3","0.58","53.25"%,
"ELECTROPHORESIS","ELECTROPHORESIS","WILEY-V C H VERLAG GMBH","0173-0835","1522-2683","BIOCHEMICAL RESEARCH METHODS","SCIE","9,915","2.6","Q3","0.57","32.35"%,
"JOURNAL OF MEMBRANE BIOLOGY","J MEMBRANE BIOL","SPRINGER","0022-2631","1432-1424","BIOCHEMISTRY & MOLECULAR BIOLOGY","SCIE","3,143","2.6","Q3","0.57","22.78"%,
"JOURNAL OF CHEMICAL NEUROANATOMY","J CHEM NEUROANAT","ELSEVIER","0891-0618","1873-6300","BIOCHEMISTRY & MOLECULAR BIOLOGY","SCIE","3,208","2.6","Q3","0.56","10.22"%,
"MOLECULAR REPRODUCTION AND DEVELOPMENT","MOL REPROD DEV","WILEY","1040-452X","1098-2795","BIOCHEMISTRY & MOLECULAR BIOLOGY","SCIE","5,469","2.6","Q3","0.56","33.11"%,
"PHOTOCHEMISTRY AND PHOTOBIOLOGY","PHOTOCHEM PHOTOBIOL","WILEY","0031-8655","1751-1097","BIOCHEMISTRY & MOLECULAR BIOLOGY","SCIE","10,388","2.6","Q3","0.56","28.35"%,
"MAMMALIAN GENOME","MAMM GENOME","SPRINGER","0938-8990","1432-1777","BIOCHEMISTRY & MOLECULAR BIOLOGY","SCIE","2,514","2.6","Q3","0.55","35.38"%,
"DNA AND CELL BIOLOGY","DNA CELL BIOL","SAGE PUBLICATIONS INC","1044-5498","1557-7430","BIOCHEMISTRY & MOLECULAR BIOLOGY","SCIE","3,818","2.6","Q3","0.49","5.21"%,
"BIOTECHNIQUES","BIOTECHNIQUES","TAYLOR & FRANCIS LTD","0736-6205","1940-9818","BIOCHEMICAL RESEARCH METHODS","SCIE","5,993","2.6","Q3","0.45","100"%,
"BIOTECHNIQUES","BIOTECHNIQUES","TAYLOR & FRANCIS LTD","0736-6205","1940-9818","BIOCHEMISTRY & MOLECULAR BIOLOGY","SCIE","5,993","2.6","Q3","0.45","100"%,
"PROSTAGLANDINS & OTHER LIPID MEDIATORS","PROSTAG OTH LIPID M","ELSEVIER SCIENCE INC","1098-8823","2212-196X","BIOCHEMISTRY & MOLECULAR BIOLOGY","SCIE","2,689","2.6","Q3","0.44","16.76"%,
"JOURNAL OF PEPTIDE SCIENCE","J PEPT SCI","WILEY","1075-2617","1099-1387","BIOCHEMISTRY & MOLECULAR BIOLOGY","SCIE","2,555","2.6","Q3","0.39","45.45"%,
"COMPARATIVE BIOCHEMISTRY AND PHYSIOLOGY B-BIOCHEMISTRY & MOLECULAR BIOLOGY","COMP BIOCHEM PHYS B","ELSEVIER SCIENCE INC","1096-4959","1879-1107","BIOCHEMISTRY & MOLECULAR BIOLOGY","SCIE","6,291","2.5","Q3","0.84","9.52"%,
"JOURNAL OF NEUROSCIENCE METHODS","J NEUROSCI METH","ELSEVIER","0165-0270","1872-678X","BIOCHEMICAL RESEARCH METHODS","SCIE","18,974","2.5","Q3","0.69","34.75"%,
"JOURNAL OF CHROMATOGRAPHY B-ANALYTICAL TECHNOLOGIES IN THE BIOMEDICAL AND LIFE SCIENCES","J CHROMATOGR B","ELSEVIER","1570-0232","1873-376X","BIOCHEMICAL RESEARCH METHODS","SCIE","18,826","2.5","Q3","0.67","20.13"%,
"Current Protocols","CURR PROTOC","WILEY","2691-1299","2691-1299","BIOCHEMICAL RESEARCH METHODS","ESCI","4,771","2.5","Q3","0.63","47.31"%,
"JOURNAL OF BIOMOLECULAR STRUCTURE & DYNAMICS","J BIOMOL STRUCT DYN","TAYLOR & FRANCIS INC","0739-1102","1538-0254","BIOCHEMISTRY & MOLECULAR BIOLOGY","SCIE","15,378","2.5","Q3","0.63","1.43"%,
"BIOCHEMICAL AND BIOPHYSICAL RESEARCH COMMUNICATIONS","BIOCHEM BIOPH RES CO","ACADEMIC PRESS INC ELSEVIER SCIENCE","0006-291X","1090-2104","BIOCHEMISTRY & MOLECULAR BIOLOGY","SCIE","81,665","2.5","Q3","0.59","19.52"%,
"Methods and Protocols","METHOD PROTOCOL","MDPI","N/A","2409-9279","BIOCHEMICAL RESEARCH METHODS","ESCI","1,660","2.5","Q3","0.55","100"%,
"JOURNAL OF MICROBIOLOGICAL METHODS","J MICROBIOL METH","ELSEVIER","0167-7012","1872-8359","BIOCHEMICAL RESEARCH METHODS","SCIE","9,946","2.5","Q3","0.5","24.35"%,
"BIOTECHNOLOGY AND APPLIED BIOCHEMISTRY","BIOTECHNOL APPL BIOC","WILEY","0885-4513","1470-8744","BIOCHEMISTRY & MOLECULAR BIOLOGY","SCIE","4,833","2.5","Q3","0.48","8.79"%,
"CHROMOSOMA","CHROMOSOMA","SPRINGER","0009-5915","1432-0886","BIOCHEMISTRY & MOLECULAR BIOLOGY","SCIE","2,677","2.5","Q3","0.47","43.48"%,
"International Journal of Peptide Research and Therapeutics","INT J PEPT RES THER","SPRINGER","1573-3149","1573-3904","BIOCHEMISTRY & MOLECULAR BIOLOGY","SCIE","2,679","2.5","Q3","0.46","12.2"%,
"BIOLOGICAL CHEMISTRY","BIOL CHEM","WALTER DE GRUYTER GMBH","1431-6730","1437-4315","BIOCHEMISTRY & MOLECULAR BIOLOGY","SCIE","6,138","2.5","Q3","0.35","61.64"%,
"PROTEIN AND PEPTIDE LETTERS","PROTEIN PEPTIDE LETT","BENTHAM SCIENCE PUBL LTD","0929-8665","1875-5305","BIOCHEMISTRY & MOLECULAR BIOLOGY","SCIE","2,604","2.5","Q3","0.29","5.79"%,
"American Journal of Biological Anthropology","AM J BIOL ANTHROPOL","WILEY","2692-7691","2692-7691","EVOLUTIONARY BIOLOGY","SCIE","1,345","2.4","Q3","0.99","53.63"%,
"COMPARATIVE BIOCHEMISTRY AND PHYSIOLOGY A-MOLECULAR & INTEGRATIVE PHYSIOLOGY","COMP BIOCHEM PHYS A","ELSEVIER SCIENCE INC","1095-6433","1531-4332","BIOCHEMISTRY & MOLECULAR BIOLOGY","SCIE","10,507","2.4","Q3","0.86","29.69"%,
"JOURNAL OF MOLECULAR NEUROSCIENCE","J MOL NEUROSCI","SPRINGERNATURE","0895-8696","1559-1166","BIOCHEMISTRY & MOLECULAR BIOLOGY","SCIE","6,607","2.4","Q3","0.63","20.7"%,
"BIOCHIMICA ET BIOPHYSICA ACTA-BIOMEMBRANES","BBA-BIOMEMBRANES","ELSEVIER","0005-2736","1879-2642","BIOCHEMISTRY & MOLECULAR BIOLOGY","SCIE","15,941","2.4","Q3","0.6","26.38"%,
"EVOLUTION & DEVELOPMENT","EVOL DEV","WILEY","1520-541X","1525-142X","EVOLUTIONARY BIOLOGY","SCIE","1,657","2.4","Q3","0.6","64.1"%,
"Biology Methods & Protocols","BIOL METHODS PROTOC","OXFORD UNIV PRESS","N/A","2396-8923","BIOCHEMICAL RESEARCH METHODS","ESCI","783","2.4","Q3","0.55","100"%,
"PROSTAGLANDINS LEUKOTRIENES AND ESSENTIAL FATTY ACIDS","PROSTAG LEUKOTR ESS","ELSEVIER SCI LTD","0952-3278","1532-2823","BIOCHEMISTRY & MOLECULAR BIOLOGY","SCIE","3,944","2.4","Q3","0.54","31.25"%,
"Molecular Omics","MOL OMICS","OXFORD UNIV PRESS","N/A","2515-4184","BIOCHEMISTRY & MOLECULAR BIOLOGY","SCIE","1,131","2.4","Q3","0.43","27.4"%,
"Journal of Biochemistry","J BIOCHEM","OXFORD UNIV PRESS","0021-924X","1756-2651","BIOCHEMISTRY & MOLECULAR BIOLOGY","SCIE","7,124","2.4","Q3","0.38","16.26"%,
"FASEB BioAdvances","FASEB BIOADV","WILEY","N/A","2573-9832","BIOCHEMISTRY & MOLECULAR BIOLOGY","ESCI","1,006","2.4","Q3","0.37","100"%,
"Redox Experimental Medicine","REDOX EXP MED","BIOSCIENTIFICA LTD","N/A","2755-158X","BIOCHEMISTRY & MOLECULAR BIOLOGY","ESCI","120","2.4","Q3","0.25","100"%,
"CURRENT PROTEIN & PEPTIDE SCIENCE","CURR PROTEIN PEPT SC","BENTHAM SCIENCE PUBL LTD","1389-2037","1875-5550","BIOCHEMISTRY & MOLECULAR BIOLOGY","SCIE","3,702","2.4","Q3","0.21","1.34"%,
"JOURNAL OF FOOD BIOCHEMISTRY","J FOOD BIOCHEM","WILEY","0145-8884","1745-4514","BIOCHEMISTRY & MOLECULAR BIOLOGY","SCIE","11,486","2.3","Q4","0.61","99.79"%,
"JOURNAL OF EVOLUTIONARY BIOLOGY","J EVOLUTION BIOL","OXFORD UNIV PRESS","1010-061X","1420-9101","EVOLUTIONARY BIOLOGY","SCIE","9,943","2.3","Q3","0.58","54.24"%,
"JOURNAL OF STRUCTURAL BIOLOGY","J STRUCT BIOL","ACADEMIC PRESS INC ELSEVIER SCIENCE","1047-8477","1095-8657","BIOCHEMISTRY & MOLECULAR BIOLOGY","SCIE","9,700","2.3","Q4","0.53","36.67"%,
"BIOPHYSICAL CHEMISTRY","BIOPHYS CHEM","ELSEVIER","0301-4622","1873-4200","BIOCHEMISTRY & MOLECULAR BIOLOGY","SCIE","4,717","2.3","Q4","0.51","18.07"%,
"CURRENT DRUG METABOLISM","CURR DRUG METAB","BENTHAM SCIENCE PUBL LTD","1389-2002","1875-5453","BIOCHEMISTRY & MOLECULAR BIOLOGY","SCIE","4,527","2.3","Q4","0.33","6.04"%,
"Journal of Bio-X Research","J BIO-X RES","AMER ASSOC ADVANCEMENT SCIENCE","2096-5672","2577-3585","BIOCHEMISTRY & MOLECULAR BIOLOGY","ESCI","169","2.3","Q4","0.24","100"%,
"INVERTEBRATE SYSTEMATICS","INVERTEBR SYST","CSIRO PUBLISHING","1445-5226","1447-2600","EVOLUTIONARY BIOLOGY","SCIE","1,497","2.2","Q3","0.99","20"%,
"JOURNAL OF HEREDITY","J HERED","OXFORD UNIV PRESS INC","0022-1503","1465-7333","EVOLUTIONARY BIOLOGY","SCIE","5,667","2.2","Q3","0.72","44.09"%,
"Journal of Magnetic Resonance Open","J MAGN RESON OPEN","ELSEVIER","N/A","2666-4410","BIOCHEMICAL RESEARCH METHODS","ESCI","392","2.2","Q3","0.64","100"%,
"BIOCHIMICA ET BIOPHYSICA ACTA-PROTEINS AND PROTEOMICS","BBA-PROTEINS PROTEOM","ELSEVIER","1570-9639","1878-1454","BIOCHEMISTRY & MOLECULAR BIOLOGY","SCIE","7,272","2.2","Q4","0.55","23.13"%,
"EXTREMOPHILES","EXTREMOPHILES","SPRINGER JAPAN KK","1431-0651","1433-4909","BIOCHEMISTRY & MOLECULAR BIOLOGY","SCIE","3,067","2.2","Q4","0.54","18.7"%,
"BIOCHEMICAL SYSTEMATICS AND ECOLOGY","BIOCHEM SYST ECOL","PERGAMON-ELSEVIER SCIENCE LTD","0305-1978","1873-2925","BIOCHEMISTRY & MOLECULAR BIOLOGY","SCIE","4,878","2.2","Q4","0.52","11.81"%,
"BIOCHEMICAL SYSTEMATICS AND ECOLOGY","BIOCHEM SYST ECOL","PERGAMON-ELSEVIER SCIENCE LTD","0305-1978","1873-2925","EVOLUTIONARY BIOLOGY","SCIE","4,878","2.2","Q3","0.52","11.81"%,
"MOLECULAR GENETICS AND GENOMICS","MOL GENET GENOMICS","SPRINGER HEIDELBERG","1617-4615","1617-4623","BIOCHEMISTRY & MOLECULAR BIOLOGY","SCIE","5,077","2.2","Q4","0.52","15.03"%,
"Molecular Imaging","MOL IMAGING","SAGE PUBLICATIONS INC","N/A","1536-0121","BIOCHEMICAL RESEARCH METHODS","SCIE","807","2.2","Q3","0.5","100"%,
"PREPARATIVE BIOCHEMISTRY & BIOTECHNOLOGY","PREP BIOCHEM BIOTECH","TAYLOR & FRANCIS INC","1082-6068","1532-2297","BIOCHEMICAL RESEARCH METHODS","SCIE","2,811","2.2","Q3","0.48","1.37"%,
"PREPARATIVE BIOCHEMISTRY & BIOTECHNOLOGY","PREP BIOCHEM BIOTECH","TAYLOR & FRANCIS INC","1082-6068","1532-2297","BIOCHEMISTRY & MOLECULAR BIOLOGY","SCIE","2,811","2.2","Q4","0.48","1.37"%,
"YEAST","YEAST","WILEY","0749-503X","1097-0061","BIOCHEMISTRY & MOLECULAR BIOLOGY","SCIE","3,761","2.2","Q4","0.46","47.83"%,
"ACTA BIOCHIMICA POLONICA","ACTA BIOCHIM POL","FRONTIERS MEDIA SA","N/A","1734-154X","BIOCHEMISTRY & MOLECULAR BIOLOGY","SCIE","3,160","2.2","Q4","0.4","98.25"%,
"Biochemistry and Cell Biology","BIOCHEM CELL BIOL","CANADIAN SCIENCE PUBLISHING","0829-8211","1208-6002","BIOCHEMISTRY & MOLECULAR BIOLOGY","SCIE","2,826","2.2","Q4","0.37","34.38"%,
"Evolutionary Human Sciences","EVOL HUM SCI","CAMBRIDGE UNIV PRESS","N/A","2513-843X","EVOLUTIONARY BIOLOGY","ESCI","657","2.1","Q3","0.99","100"%,
"JOURNAL OF MAGNETIC RESONANCE","J MAGN RESON","ACADEMIC PRESS INC ELSEVIER SCIENCE","1090-7807","1096-0856","BIOCHEMICAL RESEARCH METHODS","SCIE","10,312","2.1","Q3","0.72","31.81"%,
"JOURNAL OF BIOMOLECULAR NMR","J BIOMOL NMR","SPRINGER","0925-2738","1573-5001","BIOCHEMISTRY & MOLECULAR BIOLOGY","SCIE","3,611","2.1","Q4","0.67","54.55"%,
"JOURNAL OF MASS SPECTROMETRY","J MASS SPECTROM","WILEY","1076-5174","1096-9888","BIOCHEMICAL RESEARCH METHODS","SCIE","4,518","2.1","Q3","0.59","36.21"%,
"BIOLOGICALS","BIOLOGICALS","ACADEMIC PRESS LTD- ELSEVIER SCIENCE LTD","1045-1056","1095-8320","BIOCHEMICAL RESEARCH METHODS","SCIE","1,786","2.1","Q3","0.51","44.63"%,
"JOURNAL OF CHEMICAL ECOLOGY","J CHEM ECOL","SPRINGER","0098-0331","1573-1561","BIOCHEMISTRY & MOLECULAR BIOLOGY","SCIE","10,075","2.1","Q4","0.5","44.44"%,
"ZEITSCHRIFT FUR NATURFORSCHUNG SECTION C-A JOURNAL OF BIOSCIENCES","Z NATURFORSCH C","WALTER DE GRUYTER GMBH","0939-5075","1865-7125","BIOCHEMISTRY & MOLECULAR BIOLOGY","SCIE","3,637","2.1","Q4","0.47","7.48"%,
"Bioanalysis","BIOANALYSIS","TAYLOR & FRANCIS LTD","1757-6180","1757-6199","BIOCHEMICAL RESEARCH METHODS","SCIE","3,834","2.1","Q3","0.41","6.02"%,
"BIOCHEMISTRY-MOSCOW","BIOCHEMISTRY-MOSCOW+","PLEIADES PUBLISHING LTD","0006-2979","1608-3040","BIOCHEMISTRY & MOLECULAR BIOLOGY","SCIE","5,471","2.1","Q4","0.3","14.64"%,
"ZOOLOGICA SCRIPTA","ZOOL SCR","WILEY","0300-3256","1463-6409","EVOLUTIONARY BIOLOGY","SCIE","2,643","2","Q3","0.92","35.36"%,
"Integrative Organismal Biology","INTEGR ORGANISM BIOL","OXFORD UNIV PRESS","N/A","2517-4843","EVOLUTIONARY BIOLOGY","SCIE","716","2","Q3","0.72","100"%,
"ARCHIVES OF INSECT BIOCHEMISTRY AND PHYSIOLOGY","ARCH INSECT BIOCHEM","WILEY","0739-4462","1520-6327","BIOCHEMISTRY & MOLECULAR BIOLOGY","SCIE","2,730","2","Q4","0.64","11.55"%,
"Bioinformatics and Biology Insights","BIOINFORM BIOL INSIG","SAGE PUBLICATIONS LTD","1177-9322","1177-9322","BIOCHEMICAL RESEARCH METHODS","ESCI","1,185","2","Q3","0.56","100"%,
"Journal of Biophotonics","J BIOPHOTONICS","WILEY-V C H VERLAG GMBH","1864-063X","1864-0648","BIOCHEMICAL RESEARCH METHODS","SCIE","5,745","2","Q3","0.55","21.71"%,
"EVOLUTIONARY ECOLOGY","EVOL ECOL","SPRINGER","0269-7653","1573-8477","EVOLUTIONARY BIOLOGY","SCIE","3,367","2","Q3","0.5","37.98"%,
"JOURNAL OF MOLECULAR EVOLUTION","J MOL EVOL","SPRINGER","0022-2844","1432-1432","BIOCHEMISTRY & MOLECULAR BIOLOGY","SCIE","7,365","2","Q4","0.47","41.58"%,
"JOURNAL OF MOLECULAR EVOLUTION","J MOL EVOL","SPRINGER","0022-2844","1432-1432","EVOLUTIONARY BIOLOGY","SCIE","7,365","2","Q3","0.47","41.58"%,
"International Journal of Genomics","INT J GENOMICS","WILEY","2314-436X","2314-4378","BIOCHEMISTRY & MOLECULAR BIOLOGY","SCIE","1,432","2","Q4","0.46","100"%,
"PLANT MOLECULAR BIOLOGY REPORTER","PLANT MOL BIOL REP","SPRINGER","0735-9640","1572-9818","BIOCHEMICAL RESEARCH METHODS","SCIE","3,479","2","Q3","0.41","7.39"%,
"Genes & Genomics","GENES GENOM","SPRINGER","1976-9571","2092-9293","BIOCHEMISTRY & MOLECULAR BIOLOGY","SCIE","2,179","2","Q4","0.4","11.14"%,
"JOURNAL OF PLANT BIOCHEMISTRY AND BIOTECHNOLOGY","J PLANT BIOCHEM BIOT","SPRINGER INDIA","0971-7811","0974-1275","BIOCHEMISTRY & MOLECULAR BIOLOGY","SCIE","1,634","2","Q4","0.32","6.32"%,
"INSECT SYSTEMATICS & EVOLUTION","INSECT SYST EVOL","BRILL","1399-560X","1876-312X","EVOLUTIONARY BIOLOGY","SCIE","468","1.9","Q3","0.66","6.12"%,
"TAXON","TAXON","WILEY","0040-0262","1996-8175","EVOLUTIONARY BIOLOGY","SCIE","6,039","1.9","Q3","0.52","27.25"%,
"BIOCHEMICAL GENETICS","BIOCHEM GENET","SPRINGER/PLENUM PUBLISHERS","0006-2928","1573-4927","BIOCHEMISTRY & MOLECULAR BIOLOGY","SCIE","3,001","1.9","Q4","0.43","10.81"%,
"TRANSGENIC RESEARCH","TRANSGENIC RES","SPRINGER","0962-8819","1573-9368","BIOCHEMICAL RESEARCH METHODS","SCIE","2,736","1.9","Q4","0.37","28.68"%,
"TRANSGENIC RESEARCH","TRANSGENIC RES","SPRINGER","0962-8819","1573-9368","BIOCHEMISTRY & MOLECULAR BIOLOGY","SCIE","2,736","1.9","Q4","0.37","28.68"%,
"Peptide Science","PEPTIDE SCI","WILEY","2475-8817","2475-8817","BIOCHEMISTRY & MOLECULAR BIOLOGY","SCIE","527","1.9","Q4","0.35","20.73"%,
"Journal of Medical Biochemistry","J MED BIOCHEM","SOC MEDICAL BIOCHEMISTS SERBIA","1452-8258","1452-8266","BIOCHEMISTRY & MOLECULAR BIOLOGY","SCIE","1,067","1.9","Q4","0.34","98.93"%,
"JOURNAL OF RECEPTORS AND SIGNAL TRANSDUCTION","J RECEPT SIG TRANSD","TAYLOR & FRANCIS LTD","1079-9893","1532-4281","BIOCHEMISTRY & MOLECULAR BIOLOGY","SCIE","1,647","1.9","Q4","0.34","1.52"%,
"FOLIA HISTOCHEMICA ET CYTOBIOLOGICA","FOLIA HISTOCHEM CYTO","VIA MEDICA","0239-8508","1897-5631","BIOCHEMISTRY & MOLECULAR BIOLOGY","SCIE","901","1.9","Q4","0.33","92.86"%,
"PROTEIN JOURNAL","PROTEIN J","SPRINGER","1572-3887","1875-8355","BIOCHEMISTRY & MOLECULAR BIOLOGY","SCIE","1,600","1.9","Q4","0.33","13.89"%,
"JOURNAL OF INTERFERON AND CYTOKINE RESEARCH","J INTERF CYTOK RES","SAGE PUBLICATIONS INC","1079-9907","1557-7465","BIOCHEMISTRY & MOLECULAR BIOLOGY","SCIE","3,286","1.9","Q4","0.31","5.67"%,
"Hormone Molecular Biology and Clinical Investigation","HORM MOL BIOL CLIN I","WALTER DE GRUYTER GMBH","1868-1883","1868-1891","BIOCHEMISTRY & MOLECULAR BIOLOGY","ESCI","1,137","1.9","Q4","0.26","32.35"%,
"ORGANISMS DIVERSITY & EVOLUTION","ORG DIVERS EVOL","SPRINGER HEIDELBERG","1439-6092","1618-1077","EVOLUTIONARY BIOLOGY","SCIE","1,648","1.8","Q4","0.82","40.7"%,
"Current Bioinformatics","CURR BIOINFORM","BENTHAM SCIENCE PUBL LTD","1574-8936","2212-392X","BIOCHEMICAL RESEARCH METHODS","SCIE","957","1.8","Q4","0.56","7.14"%,
"AUSTRALIAN SYSTEMATIC BOTANY","AUST SYST BOT","CSIRO PUBLISHING","1030-1887","1446-5701","EVOLUTIONARY BIOLOGY","SCIE","848","1.8","Q4","0.55","74"%,
"RAPID COMMUNICATIONS IN MASS SPECTROMETRY","RAPID COMMUN MASS SP","WILEY","0951-4198","1097-0231","BIOCHEMICAL RESEARCH METHODS","SCIE","10,404","1.8","Q4","0.51","33.33"%,
"MOLECULAR VISION","MOL VIS","MOLECULAR VISION","1090-0535","N/A","BIOCHEMISTRY & MOLECULAR BIOLOGY","SCIE","4,568","1.8","Q4","0.46","0"%,
"ASSAY AND DRUG DEVELOPMENT TECHNOLOGIES","ASSAY DRUG DEV TECHN","SAGE PUBLICATIONS INC","1540-658X","1557-8127","BIOCHEMICAL RESEARCH METHODS","SCIE","1,276","1.8","Q4","0.43","2"%,
"JOURNAL OF CHROMATOGRAPHIC SCIENCE","J CHROMATOGR SCI","OXFORD UNIV PRESS INC","0021-9665","1945-239X","BIOCHEMICAL RESEARCH METHODS","SCIE","3,712","1.8","Q4","0.38","2.69"%,
"PROTEIN EXPRESSION AND PURIFICATION","PROTEIN EXPRES PURIF","ACADEMIC PRESS INC ELSEVIER SCIENCE","1046-5928","1096-0279","BIOCHEMICAL RESEARCH METHODS","SCIE","5,028","1.8","Q4","0.36","13.24"%,
"PROTEIN EXPRESSION AND PURIFICATION","PROTEIN EXPRES PURIF","ACADEMIC PRESS INC ELSEVIER SCIENCE","1046-5928","1096-0279","BIOCHEMISTRY & MOLECULAR BIOLOGY","SCIE","5,028","1.8","Q4","0.36","13.24"%,
"JOURNAL OF EXPERIMENTAL ZOOLOGY PART B-MOLECULAR AND DEVELOPMENTAL EVOLUTION","J EXP ZOOL PART B","WILEY","1552-5007","1552-5015","EVOLUTIONARY BIOLOGY","SCIE","1,592","1.7","Q4","0.65","51.49"%,
"Journal of Spectroscopy","J SPECTROSC","WILEY","2314-4920","2314-4939","BIOCHEMICAL RESEARCH METHODS","SCIE","1,455","1.7","Q4","0.57","100"%,
"JOURNAL OF VIROLOGICAL METHODS","J VIROL METHODS","ELSEVIER","0166-0934","1879-0984","BIOCHEMICAL RESEARCH METHODS","SCIE","7,813","1.7","Q4","0.47","30.86"%,
"BIOMEDICAL CHROMATOGRAPHY","BIOMED CHROMATOGR","WILEY","0269-3879","1099-0801","BIOCHEMICAL RESEARCH METHODS","SCIE","5,800","1.7","Q4","0.44","6.92"%,
"BIOMEDICAL CHROMATOGRAPHY","BIOMED CHROMATOGR","WILEY","0269-3879","1099-0801","BIOCHEMISTRY & MOLECULAR BIOLOGY","SCIE","5,800","1.7","Q4","0.44","6.92"%,
"PLANT SYSTEMATICS AND EVOLUTION","PLANT SYST EVOL","SPRINGER WIEN","0378-2697","1615-6110","EVOLUTIONARY BIOLOGY","SCIE","4,351","1.7","Q4","0.44","30.83"%,
"JOURNAL OF IMMUNOLOGICAL METHODS","J IMMUNOL METHODS","ELSEVIER","0022-1759","1872-7905","BIOCHEMICAL RESEARCH METHODS","SCIE","9,738","1.7","Q4","0.4","33"%,
"COMBINATORIAL CHEMISTRY & HIGH THROUGHPUT SCREENING","COMB CHEM HIGH T SCR","BENTHAM SCIENCE PUBL LTD","1386-2073","1875-5402","BIOCHEMICAL RESEARCH METHODS","SCIE","2,957","1.7","Q4","0.38","10.37"%,
"RUSSIAN JOURNAL OF BIOORGANIC CHEMISTRY","RUSS J BIOORG CHEM+","PLEIADES PUBLISHING LTD","1068-1620","1608-330X","BIOCHEMISTRY & MOLECULAR BIOLOGY","SCIE","2,026","1.7","Q4","0.34","3.92"%,
"GENETICS AND MOLECULAR BIOLOGY","GENET MOL BIOL","SOC BRASIL GENETICA","1415-4757","1678-4685","BIOCHEMISTRY & MOLECULAR BIOLOGY","SCIE","3,223","1.7","Q4","0.31","98.38"%,
"Prion","PRION","TAYLOR & FRANCIS INC","1933-6896","1933-690X","BIOCHEMISTRY & MOLECULAR BIOLOGY","SCIE","807","1.7","Q4","0.3","100"%,
"Algorithms for Molecular Biology","ALGORITHM MOL BIOL","BMC","N/A","1748-7188","BIOCHEMICAL RESEARCH METHODS","SCIE","961","1.6","Q4","0.52","100"%,
"BIOLOGICAL JOURNAL OF THE LINNEAN SOCIETY","BIOL J LINN SOC","OXFORD UNIV PRESS","0024-4066","1095-8312","EVOLUTIONARY BIOLOGY","SCIE","9,678","1.6","Q4","0.47","16.89"%,
"CHROMATOGRAPHIA","CHROMATOGRAPHIA","SPRINGER HEIDELBERG","0009-5893","1612-1112","BIOCHEMICAL RESEARCH METHODS","SCIE","3,700","1.6","Q4","0.37","10.65"%,
"Evolutionary Bioinformatics","EVOL BIOINFORM","SAGE PUBLICATIONS LTD","1176-9343","1176-9343","EVOLUTIONARY BIOLOGY","SCIE","1,058","1.6","Q4","0.37","100"%,
"LIPIDS","LIPIDS","WILEY","0024-4201","1558-9307","BIOCHEMISTRY & MOLECULAR BIOLOGY","SCIE","4,996","1.6","Q4","0.33","26.21"%,
"Muscles","MUSCLES-BASEL","MDPI","N/A","2813-0413","BIOCHEMISTRY & MOLECULAR BIOLOGY","ESCI","142","1.6","Q4","0.24","100"%,
"MAGNESIUM RESEARCH","MAGNESIUM RES","JLE","0953-1424","1952-4021","BIOCHEMISTRY & MOLECULAR BIOLOGY","SCIE","655","1.6","Q4","0.21","5.56"%,
"MicroRNA","MICRORNA","BENTHAM SCIENCE PUBL LTD","2211-5366","2211-5374","BIOCHEMISTRY & MOLECULAR BIOLOGY","ESCI","433","1.6","Q4","0.2","10.14"%,
"PHYSICAL BIOLOGY","PHYS BIOL","IOP Publishing Ltd","1478-3967","1478-3975","BIOCHEMISTRY & MOLECULAR BIOLOGY","SCIE","1,727","1.5","Q4","0.43","75.7"%,
"GENERAL PHYSIOLOGY AND BIOPHYSICS","GEN PHYSIOL BIOPHYS","AEPRESS SRO","0231-5882","1338-4325","BIOCHEMISTRY & MOLECULAR BIOLOGY","SCIE","992","1.5","Q4","0.4","99.29"%,
"BIOCATALYSIS AND BIOTRANSFORMATION","BIOCATAL BIOTRANSFOR","TAYLOR & FRANCIS LTD","1024-2422","1029-2446","BIOCHEMISTRY & MOLECULAR BIOLOGY","SCIE","1,169","1.5","Q4","0.32","1.8"%,
"BIOSCIENCE BIOTECHNOLOGY AND BIOCHEMISTRY","BIOSCI BIOTECH BIOCH","OXFORD UNIV PRESS","0916-8451","1347-6947","BIOCHEMISTRY & MOLECULAR BIOLOGY","SCIE","12,623","1.5","Q4","0.26","15.97"%,
"DEVELOPMENT GENES AND EVOLUTION","DEV GENES EVOL","SPRINGER","0949-944X","1432-041X","EVOLUTIONARY BIOLOGY","SCIE","1,394","1.5","Q4","0.26","50"%,
"Journal of Applied Glycoscience","J APPL GLYOSCI","JAPANESE SOC APPLIED GLYCOSCIENCE","1344-7882","1880-7291","BIOCHEMISTRY & MOLECULAR BIOLOGY","ESCI","372","1.5","Q4","0.26","98.33"%,
"Reports of Biochemistry and Molecular Biology","REP BIOCHEM MOL BIOL","VARASTEGAN INST MEDICAL SCIENCES","2322-3480","2322-3480","BIOCHEMISTRY & MOLECULAR BIOLOGY","ESCI","833","1.5","Q4","0.24","55.35"%,
"EUROPEAN CYTOKINE NETWORK","EUR CYTOKINE NETW","TECH SCIENCE PRESS","N/A","1952-4005","BIOCHEMISTRY & MOLECULAR BIOLOGY","SCIE","773","1.5","Q4","0.22","13.64"%,
"Indian Journal of Clinical Biochemistry","INDIAN J CLIN BIOCHE","SPRINGER INDIA","0970-1915","0974-0422","BIOCHEMISTRY & MOLECULAR BIOLOGY","ESCI","2,444","1.5","Q4","0.21","0.8"%,
"Bioelectricity","BIOELECTRICITY","SAGE PUBLICATIONS INC","N/A","2576-3113","BIOCHEMISTRY & MOLECULAR BIOLOGY","ESCI","411","1.5","Q4","0.18","10.98"%,
"THEORETICAL POPULATION BIOLOGY","THEOR POPUL BIOL","ACADEMIC PRESS INC ELSEVIER SCIENCE","0040-5809","1096-0325","EVOLUTIONARY BIOLOGY","SCIE","3,743","1.4","Q4","0.38","56.03"%,
"FLY","FLY","TAYLOR & FRANCIS INC","1933-6934","1933-6942","BIOCHEMISTRY & MOLECULAR BIOLOGY","SCIE","1,753","1.4","Q4","0.36","100"%,
"MOLECULAR AND BIOCHEMICAL PARASITOLOGY","MOL BIOCHEM PARASIT","ELSEVIER","0166-6851","1872-9428","BIOCHEMISTRY & MOLECULAR BIOLOGY","SCIE","3,934","1.4","Q4","0.36","28.42"%,
"STAR Protocols","STAR PROTOC","CELL PRESS","2666-1667","2666-1667","BIOCHEMICAL RESEARCH METHODS","ESCI","6,412","1.4","Q4","0.35","99.91"%,
"CHEMOECOLOGY","CHEMOECOLOGY","SPRINGER BASEL AG","0937-7409","1423-0445","BIOCHEMISTRY & MOLECULAR BIOLOGY","SCIE","1,053","1.4","Q4","0.33","35.85"%,
"Molecular Biology Research Communications","MOL BIOL RES COMMUN","SHIRAZ UNIV","2322-181X","2345-2005","BIOCHEMISTRY & MOLECULAR BIOLOGY","ESCI","310","1.4","Q4","0.24","0"%,
"JOURNAL OF COMPUTATIONAL BIOLOGY","J COMPUT BIOL","SAGE PUBLICATIONS INC","1066-5277","1557-8666","BIOCHEMICAL RESEARCH METHODS","SCIE","5,101","1.3","Q4","0.45","7.79"%,
"JOURNAL OF LABELLED COMPOUNDS & RADIOPHARMACEUTICALS","J LABELLED COMPD RAD","WILEY","0362-4803","1099-1344","BIOCHEMICAL RESEARCH METHODS","SCIE","1,456","1.3","Q4","0.24","32.23"%,
"Current Proteomics","CURR PROTEOMICS","KEAI PUBLISHING LTD","1570-1646","1875-6247","BIOCHEMICAL RESEARCH METHODS","SCIE","228","1.3","Q4","0.2","24.55"%,
"Current Proteomics","CURR PROTEOMICS","KEAI PUBLISHING LTD","1570-1646","1875-6247","BIOCHEMISTRY & MOLECULAR BIOLOGY","SCIE","228","1.3","Q4","0.2","24.55"%,
"MOLECULAR BIOLOGY","MOL BIOL+","PLEIADES PUBLISHING INC","0026-8933","1608-3245","BIOCHEMISTRY & MOLECULAR BIOLOGY","SCIE","1,856","1.3","Q4","0.2","9.46"%,
"AIMS Molecular Science","AIMS MOL SCI","AMER INST MATHEMATICAL SCIENCES-AIMS","2372-0301","2372-0301","BIOCHEMISTRY & MOLECULAR BIOLOGY","ESCI","194","1.3","Q4","0.15","100"%,
"TRACE ELEMENTS AND ELECTROLYTES","TRACE ELEM ELECTROLY","DUSTRI-VERLAG DR KARL FEISTLE","0946-2104","0946-2104","BIOCHEMISTRY & MOLECULAR BIOLOGY","SCIE","142","1.3","Q4","0.09","0"%,
"INDIAN JOURNAL OF BIOCHEMISTRY & BIOPHYSICS","INDIAN J BIOCHEM BIO","NATL INST SCIENCE COMMUNICATION-NISCAIR","0301-1208","0975-0959","BIOCHEMISTRY & MOLECULAR BIOLOGY","SCIE","1,217","1.2","Q4","0.36","95.7"%,
"Acta Crystallographica Section F-Structural Biology Communications","ACTA CRYSTALLOGR F","INT UNION CRYSTALLOGRAPHY","N/A","2053-230X","BIOCHEMICAL RESEARCH METHODS","SCIE","1,791","1.1","Q4","0.35","55.94"%,
"Acta Crystallographica Section F-Structural Biology Communications","ACTA CRYSTALLOGR F","INT UNION CRYSTALLOGRAPHY","N/A","2053-230X","BIOCHEMISTRY & MOLECULAR BIOLOGY","SCIE","1,791","1.1","Q4","0.35","55.94"%,
"JOURNAL OF LIQUID CHROMATOGRAPHY & RELATED TECHNOLOGIES","J LIQ CHROMATOGR R T","TAYLOR & FRANCIS INC","1082-6076","1520-572X","BIOCHEMICAL RESEARCH METHODS","SCIE","2,437","1.1","Q4","0.29","1.89"%,
"JOURNAL OF CARBOHYDRATE CHEMISTRY","J CARBOHYD CHEM","TAYLOR & FRANCIS INC","0732-8303","1532-2327","BIOCHEMISTRY & MOLECULAR BIOLOGY","SCIE","753","1","Q4","0.34","0"%,
"BIOCHEMISTRY AND MOLECULAR BIOLOGY EDUCATION","BIOCHEM MOL BIOL EDU","WILEY","1470-8175","1539-3429","BIOCHEMISTRY & MOLECULAR BIOLOGY","SCIE","1,829","1","Q4","0.3","40"%,
"NUCLEOSIDES NUCLEOTIDES & NUCLEIC ACIDS","NUCLEOS NUCLEOT NUCL","TAYLOR & FRANCIS INC","1525-7770","1532-2335","BIOCHEMISTRY & MOLECULAR BIOLOGY","SCIE","1,781","1","Q4","0.24","1.75"%,
"HEMOGLOBIN","HEMOGLOBIN","TAYLOR & FRANCIS LTD","0363-0269","1532-432X","BIOCHEMISTRY & MOLECULAR BIOLOGY","SCIE","1,254","1","Q4","0.19","3.28"%,
"Chem-Bio Informatics Journal","CHEM-BIO INFORM J","CHEM-BIO INFORMATICS SOC","1347-6297","1347-0442","BIOCHEMISTRY & MOLECULAR BIOLOGY","ESCI","37","1","Q4","0.18","33.33"%,
"SYSTEMATIC BOTANY","SYST BOT","AMER SOC PLANT TAXONOMISTS","0363-6445","1548-2324","EVOLUTIONARY BIOLOGY","SCIE","2,686","0.9","Q4","0.27","7.69"%,
"GENES & GENETIC SYSTEMS","GENES GENET SYST","GENETICS SOC JAPAN","1341-7568","1880-5779","BIOCHEMISTRY & MOLECULAR BIOLOGY","SCIE","799","0.9","Q4","0.24","98.72"%,
"Turkish Journal of Biochemistry-Turk Biyokimya Dergisi","TURK J BIOCHEM","WALTER DE GRUYTER GMBH","0250-4685","1303-829X","BIOCHEMISTRY & MOLECULAR BIOLOGY","SCIE","815","0.9","Q4","0.14","100"%,
"Doklady Biochemistry and Biophysics","DOKL BIOCHEM BIOPHYS","PLEIADES PUBLISHING LTD","1607-6729","1608-3091","BIOCHEMISTRY & MOLECULAR BIOLOGY","SCIE","742","0.8","Q4","0.19","16.15"%,
"Statistical Applications in Genetics and Molecular Biology","STAT APPL GENET MOL","WALTER DE GRUYTER GMBH","2194-6302","1544-6115","BIOCHEMISTRY & MOLECULAR BIOLOGY","SCIE","1,349","0.8","Q4","0.19","36.36"%,
"International Journal of Medical Biochemistry","INT J MED BIOCHEM","KARE PUBL","2587-2362","2618-642X","BIOCHEMISTRY & MOLECULAR BIOLOGY","ESCI","115","0.8","Q4","0.08","99.06"%,
"PTERIDINES","PTERIDINES","DE GRUYTER POLAND SP Z O O","0933-4807","2195-4720","BIOCHEMISTRY & MOLECULAR BIOLOGY","SCIE","159","0.7","Q4","0.11","100"%,
"ANTHROPOLOGICAL SCIENCE","ANTHROPOL SCI","ANTHROPOLOGICAL SOC NIPPON","0918-7960","1348-8570","EVOLUTIONARY BIOLOGY","SCIE","362","0.6","Q4","0.34","100"%,
"Israel Journal of Ecology & Evolution","ISR J ECOL EVOL","BRILL","1565-9801","2224-4662","EVOLUTIONARY BIOLOGY","SCIE","332","0.5","Q4","0.14","16.67"%,
"JOURNAL OF EVOLUTIONARY BIOCHEMISTRY AND PHYSIOLOGY","J EVOL BIOCHEM PHYS+","PLEIADES PUBLISHING LTD","0022-0930","1608-3202","BIOCHEMISTRY & MOLECULAR BIOLOGY","SCIE","695","0.5","Q4","0.14","1.09"%,
"JOURNAL OF EVOLUTIONARY BIOCHEMISTRY AND PHYSIOLOGY","J EVOL BIOCHEM PHYS+","PLEIADES PUBLISHING LTD","0022-0930","1608-3202","EVOLUTIONARY BIOLOGY","SCIE","695","0.5","Q4","0.14","1.09"%,
"Molecular Genetics Microbiology and Virology","MOL GENET MICROBIOL+","PLEIADES PUBLISHING LTD","0891-4168","1934-841X","BIOCHEMISTRY & MOLECULAR BIOLOGY","SCIE","187","0.4","Q4","0.08","0.7"%,
"Biochemistry Moscow-Supplement Series B-Biomedical Chemistry","BIOCHEM MOSC SUPPL B","PLEIADES PUBLISHING LTD","1990-7508","1990-7516","BIOCHEMISTRY & MOLECULAR BIOLOGY","ESCI","181","0.4","Q4","0.07","0.93"%,
"Journal of the Korean Magnetic Resonance Society","J KOREAN MAGN RESON","KOREAN MAGNETIC RESONANCE SOC","1226-6531","1226-6531","BIOCHEMICAL RESEARCH METHODS","ESCI","67","0.4","Q4","0.06","0"%,
"PROGRESS IN BIOCHEMISTRY AND BIOPHYSICS","PROG BIOCHEM BIOPHYS","CHINESE ACAD SCIENCES, INST BIOPHYSICS","1000-3282","1000-3282","BIOCHEMISTRY & MOLECULAR BIOLOGY","SCIE","492","0.3","Q4","0.06","0"%,
"TRENDS IN GLYCOSCIENCE AND GLYCOTECHNOLOGY","TRENDS GLYCOSCI GLYC","Int Acad Publishing Co Ltd","0915-7352","0915-7352","BIOCHEMISTRY & MOLECULAR BIOLOGY","SCIE","179","0.3","Q4","0.02","0"%,
"Ideas in Ecology and Evolution","IDEAS ECOL EVOL","QUEENS UNIV","1918-3178","1918-3178","EVOLUTIONARY BIOLOGY","ESCI","51","<0.1","Q4","0.05","100"%,
"Brain Mechanisms","BRAIN MECH","ELSEVIER","3050-6433","3050-6425","BIOCHEMISTRY & MOLECULAR BIOLOGY","SCIE","3","N/A","N/A","N/A","43.75"%,
"Discover Developmental Biology","DISCOV DEV BIOL","SPRINGERNATURE","3059-3247","3059-3247","EVOLUTIONARY BIOLOGY","SCIE","0","N/A","N/A","N/A","100"%,
"IEEE Transactions on Computational Biology and Bioinformatics","IEEE T COMPUT BIOL B","IEEE COMPUTER SOC","N/A","2998-4165","BIOCHEMICAL RESEARCH METHODS","SCIE","146","N/A","N/A","N/A","6.11"%,

Copyright (c) 2026 Clarivate 
By exporting the selected data; you agree to the data usage policy set forth in the Terms of Use 
