"Journal Data Filtered By:  Selected Categories: PHARMACOLOGY & PHARMACY;INFECTIOUS DISEASES Selected Editions: SCIE;SSCI;AHCI;ESCI Selected JCR Year: 2025 Selected Category Schema: WOS Selected Open Access: N Indicator: Default"

Journal name,JCR Abbreviation,Publisher,ISSN,eISSN,Category,Edition,Total Citations,2025 JIF,JIF Quartile,2025 JCI,% of Citable OA
"NATURE REVIEWS DRUG DISCOVERY","NAT REV DRUG DISCOV","NATURE PORTFOLIO","1474-1776","1474-1784","PHARMACOLOGY & PHARMACY","SCIE","57,448","91.2","Q1","10.92","6.48"%,
"LANCET INFECTIOUS DISEASES","LANCET INFECT DIS","ELSEVIER SCI LTD","1473-3099","1474-4457","INFECTIOUS DISEASES","SCIE","42,054","29.4","Q1","6.9","28.09"%,
"TRENDS IN PHARMACOLOGICAL SCIENCES","TRENDS PHARMACOL SCI","CELL PRESS","0165-6147","1873-3735","PHARMACOLOGY & PHARMACY","SCIE","17,299","24","Q1","2.64","29.65"%,
"DRUG RESISTANCE UPDATES","DRUG RESIST UPDATE","CHURCHILL LIVINGSTONE","1368-7646","1532-2084","PHARMACOLOGY & PHARMACY","SCIE","9,360","22","Q1","4.47","35.71"%,
"Lancet Microbe","LANCET MICROBE","ELSEVIER","N/A","2666-5247","INFECTIOUS DISEASES","SCIE","8,267","21.9","Q1","3.69","99.68"%,
"ADVANCED DRUG DELIVERY REVIEWS","ADV DRUG DELIVER REV","ELSEVIER","0169-409X","1872-8294","PHARMACOLOGY & PHARMACY","SCIE","54,536","21","Q1","2.36","30.83"%,
"PHARMACOLOGICAL REVIEWS","PHARMACOL REV","ELSEVIER","0031-6997","1521-0081","PHARMACOLOGY & PHARMACY","SCIE","14,680","20.3","Q1","2.35","34.42"%,
"Annual Review of Pharmacology and Toxicology","ANNU REV PHARMACOL","ANNUAL REVIEWS","0362-1642","1545-4304","PHARMACOLOGY & PHARMACY","SCIE","9,259","19","Q1","2.35","100"%,
"DRUGS","DRUGS","ADIS INT LTD","0012-6667","1179-1950","PHARMACOLOGY & PHARMACY","SCIE","24,630","14.7","Q1","2.82","30.18"%,
"Acta Pharmaceutica Sinica B","ACTA PHARM SIN B","INST MATERIA MEDICA, CHINESE ACAD MEDICAL SCIENCES","2211-3835","2211-3843","PHARMACOLOGY & PHARMACY","SCIE","28,576","14.6","Q1","3.4","99.37"%,
"Lancet HIV","LANCET HIV","ELSEVIER INC","2352-3018","2352-3018","INFECTIOUS DISEASES","SCIE","7,238","14.6","Q1","2.95","20.79"%,
"npj Antimicrobials and Resistance","NPJ ANTIMICROB RESIS","SPRINGERNATURE","N/A","2731-8745","INFECTIOUS DISEASES","ESCI","1,147","13.6","Q1","1.94","100"%,
"MEDICINAL RESEARCH REVIEWS","MED RES REV","WILEY","0198-6325","1098-1128","PHARMACOLOGY & PHARMACY","SCIE","10,944","13.6","Q1","1.6","29.15"%,
"PHARMACOLOGY & THERAPEUTICS","PHARMACOL THERAPEUT","PERGAMON-ELSEVIER SCIENCE LTD","0163-7258","1879-016X","PHARMACOLOGY & PHARMACY","SCIE","28,422","13.5","Q1","1.66","30.64"%,
"Asian Journal of Pharmaceutical Sciences","ASIAN J PHARM SCI","KEAI PUBLISHING LTD","1818-0876","1818-0876","PHARMACOLOGY & PHARMACY","SCIE","6,200","12.6","Q1","2.5","100"%,
"JOURNAL OF CONTROLLED RELEASE","J CONTROL RELEASE","ELSEVIER","0168-3659","1873-4995","PHARMACOLOGY & PHARMACY","SCIE","85,834","12.4","Q1","2.25","23.26"%,
"PHARMACOLOGICAL RESEARCH","PHARMACOL RES","ACADEMIC PRESS LTD- ELSEVIER SCIENCE LTD","1043-6618","1096-1186","PHARMACOLOGY & PHARMACY","SCIE","43,043","12.2","Q1","2.82","100"%,
"PHYTOMEDICINE","PHYTOMEDICINE","ELSEVIER GMBH","0944-7113","1618-095X","PHARMACOLOGY & PHARMACY","SCIE","45,792","11.3","Q1","2.39","18.47"%,
"Journal of Pharmaceutical Analysis","J PHARM ANAL","ELSEVIER","2095-1779","2214-0883","PHARMACOLOGY & PHARMACY","SCIE","7,439","11.2","Q1","2.07","100"%,
"ACTA PHARMACOLOGICA SINICA","ACTA PHARMACOL SIN","NATURE PUBL GROUP","1671-4083","1745-7254","PHARMACOLOGY & PHARMACY","SCIE","21,832","10.4","Q1","1.69","11.02"%,
"JOURNAL OF INFECTION","J INFECTION","W B SAUNDERS CO LTD","0163-4453","1532-2742","INFECTIOUS DISEASES","SCIE","13,105","10","Q1","1.85","91.06"%,
"Science in One Health","SCI ONE HEALTH","ELSEVIER","N/A","2949-7043","INFECTIOUS DISEASES","ESCI","578","9.3","Q1","1.54","100"%,
"CLINICAL MICROBIOLOGY AND INFECTION","CLIN MICROBIOL INFEC","ELSEVIER SCI LTD","1198-743X","1469-0691","INFECTIOUS DISEASES","SCIE","27,908","8.7","Q1","1.93","34.3"%,
"International Journal of Nanomedicine","INT J NANOMED","DOVE MEDICAL PRESS LTD","1176-9114","1178-2013","PHARMACOLOGY & PHARMACY","SCIE","49,046","8.7","Q1","1.28","98.69"%,
"DRUG DISCOVERY TODAY","DRUG DISCOV TODAY","ELSEVIER SCI LTD","1359-6446","1878-5832","PHARMACOLOGY & PHARMACY","SCIE","25,524","8.7","Q1","1.05","34.32"%,
"BIODRUGS","BIODRUGS","ADIS INT LTD","1173-8804","1179-190X","PHARMACOLOGY & PHARMACY","SCIE","4,076","8.5","Q1","1.3","57.31"%,
"Eurosurveillance","EUROSURVEILLANCE","EUR CENTRE DIS PREVENTION & CONTROL","1025-496X","1560-7917","INFECTIOUS DISEASES","SCIE","12,192","8.3","Q1","2.4","97.43"%,
"CLINICAL INFECTIOUS DISEASES","CLIN INFECT DIS","OXFORD UNIV PRESS INC","1058-4838","1537-6591","INFECTIOUS DISEASES","SCIE","77,853","8.3","Q1","1.88","45.32"%,
"European Heart Journal-Cardiovascular Pharmacotherapy","EUR HEART J-CARD PHA","OXFORD UNIV PRESS","2055-6837","2055-6845","PHARMACOLOGY & PHARMACY","SCIE","2,494","8.2","Q1","1.43","49.7"%,
"ARCHIVES OF PHARMACAL RESEARCH","ARCH PHARM RES","PHARMACEUTICAL SOC KOREA","0253-6269","1976-3786","PHARMACOLOGY & PHARMACY","SCIE","8,786","8.2","Q1","1.37","10.43"%,
"PHYTOTHERAPY RESEARCH","PHYTOTHER RES","WILEY","0951-418X","1099-1573","PHARMACOLOGY & PHARMACY","SCIE","27,544","8.1","Q1","1.41","11.87"%,
"EUROPEAN NEUROPSYCHOPHARMACOLOGY","EUR NEUROPSYCHOPHARM","ELSEVIER","0924-977X","1873-7862","PHARMACOLOGY & PHARMACY","SCIE","9,428","8.1","Q1","1.37","59.11"%,
"DRUG DELIVERY","DRUG DELIV","TAYLOR & FRANCIS LTD","1071-7544","1521-0464","PHARMACOLOGY & PHARMACY","SCIE","13,146","8","Q1","2.33","100"%,
"International Journal of Pharmaceutics-X","INT J PHARM-X","ELSEVIER","N/A","2590-1567","PHARMACOLOGY & PHARMACY","SCIE","2,180","7.9","Q1","2.06","100"%,
"EMERGING INFECTIOUS DISEASES","EMERG INFECT DIS","CENTERS DISEASE CONTROL & PREVENTION","1080-6040","1080-6059","INFECTIOUS DISEASES","SCIE","34,822","7.9","Q1","1.61","98.66"%,
"NEUROPSYCHOPHARMACOLOGY","NEUROPSYCHOPHARMACOL","SPRINGERNATURE","0893-133X","1740-634X","PHARMACOLOGY & PHARMACY","SCIE","32,107","7.6","Q1","1.63","50.27"%,
"BRITISH JOURNAL OF PHARMACOLOGY","BRIT J PHARMACOL","WILEY","0007-1188","1476-5381","PHARMACOLOGY & PHARMACY","SCIE","39,682","7.5","Q1","1.65","50.48"%,
"Chinese Journal of Natural Medicines","CHIN J NAT MEDICINES","CHINESE JOURNAL NATURAL MEDICINES","2095-6975","1875-5364","PHARMACOLOGY & PHARMACY","SCIE","5,085","7.5","Q1","1.39","7.54"%,
"Neurotherapeutics","NEUROTHERAPEUTICS","ELSEVIER SCIENCE INC","1933-7213","1878-7479","PHARMACOLOGY & PHARMACY","SCIE","11,851","7.4","Q1","1.94","84.52"%,
"Infectious Diseases of Poverty","INFECT DIS POVERTY","BMC","2095-5162","2049-9957","INFECTIOUS DISEASES","SCIE","5,415","7.4","Q1","1.71","100"%,
"Chinese Medicine","CHIN MED-UK","BMC","1749-8546","1749-8546","PHARMACOLOGY & PHARMACY","SCIE","7,865","7.4","Q1","1.49","100"%,
"Expert Opinion on Drug Discovery","EXPERT OPIN DRUG DIS","TAYLOR & FRANCIS LTD","1746-0441","1746-045X","PHARMACOLOGY & PHARMACY","SCIE","7,648","7.3","Q1","0.87","7.09"%,
"Current Molecular Pharmacology","CURR MOL PHARMACOL","KEAI PUBLISHING LTD","1874-4672","1874-4702","PHARMACOLOGY & PHARMACY","SCIE","2,562","7.2","Q1","0.97","58.16"%,
"Emerging Microbes & Infections","EMERG MICROBES INFEC","TAYLOR & FRANCIS LTD","N/A","2222-1751","INFECTIOUS DISEASES","SCIE","11,908","7","Q1","1.93","100"%,
"CNS DRUGS","CNS DRUGS","ADIS INT LTD","1172-7047","1179-1934","PHARMACOLOGY & PHARMACY","SCIE","7,910","7","Q1","1.64","55.83"%,
"Journal of Clinical Lipidology","J CLIN LIPIDOL","ELSEVIER SCIENCE INC","1933-2874","1876-4789","PHARMACOLOGY & PHARMACY","SCIE","5,163","6.9","Q1","1.43","23.72"%,
"Drug Delivery and Translational Research","DRUG DELIV TRANSL RE","SPRINGER HEIDELBERG","2190-393X","2190-3948","PHARMACOLOGY & PHARMACY","SCIE","10,319","6.9","Q1","1.38","39.34"%,
"Pharmaceutics","PHARMACEUTICS","MDPI","N/A","1999-4923","PHARMACOLOGY & PHARMACY","SCIE","82,501","6.9","Q1","1.26","99.93"%,
"ALIMENTARY PHARMACOLOGY & THERAPEUTICS","ALIMENT PHARM THER","WILEY","0269-2813","1365-2036","PHARMACOLOGY & PHARMACY","SCIE","24,989","6.8","Q1","1.69","47.44"%,
"JOURNAL OF ETHNOPHARMACOLOGY","J ETHNOPHARMACOL","ELSEVIER IRELAND LTD","0378-8741","1872-7573","PHARMACOLOGY & PHARMACY","SCIE","72,710","6.8","Q1","1.52","12.52"%,
"CLINICAL AND EXPERIMENTAL HYPERTENSION","CLIN EXP HYPERTENS","TAYLOR & FRANCIS INC","1064-1963","1525-6006","PHARMACOLOGY & PHARMACY","SCIE","2,448","6.8","Q1","1.16","99.32"%,
"Virulence","VIRULENCE","TAYLOR & FRANCIS INC","2150-5594","2150-5608","INFECTIOUS DISEASES","SCIE","10,048","6.8","Q1","1.12","100"%,
"CNS Neuroscience & Therapeutics","CNS NEUROSCI THER","WILEY","1755-5930","1755-5949","PHARMACOLOGY & PHARMACY","SCIE","14,945","6.6","Q1","1.38","99.93"%,
"BIOCHEMICAL PHARMACOLOGY","BIOCHEM PHARMACOL","PERGAMON-ELSEVIER SCIENCE LTD","0006-2952","1873-2968","PHARMACOLOGY & PHARMACY","SCIE","36,714","6.5","Q1","1.27","22.66"%,
"LIFE SCIENCES","LIFE SCI","PERGAMON-ELSEVIER SCIENCE LTD","0024-3205","1879-0631","PHARMACOLOGY & PHARMACY","SCIE","51,400","6.4","Q1","1.39","17.97"%,
"Journal of Neuroimmune Pharmacology","J NEUROIMMUNE PHARM","SPRINGER","1557-1890","1557-1904","PHARMACOLOGY & PHARMACY","SCIE","3,663","6.1","Q1","1.3","37.37"%,
"Drug Design Development and Therapy","DRUG DES DEV THER","DOVE MEDICAL PRESS LTD","1177-8881","N/A","PHARMACOLOGY & PHARMACY","SCIE","19,401","6.1","Q1","1.2","99.71"%,
"Current Neuropharmacology","CURR NEUROPHARMACOL","BENTHAM SCIENCE PUBL LTD","1570-159X","1875-6190","PHARMACOLOGY & PHARMACY","SCIE","10,789","6.1","Q1","0.89","6.99"%,
"PHARMACEUTICAL BIOLOGY","PHARM BIOL","TAYLOR & FRANCIS LTD","1388-0209","1744-5116","PHARMACOLOGY & PHARMACY","SCIE","10,407","6","Q1","1.7","100"%,
"International Journal of Pharmaceutics","INT J PHARMACEUT","ELSEVIER","0378-5173","1873-3476","PHARMACOLOGY & PHARMACY","SCIE","74,091","6","Q1","1.58","28.04"%,
"Expert Opinion on Drug Delivery","EXPERT OPIN DRUG DEL","TAYLOR & FRANCIS LTD","1742-5247","1744-7593","PHARMACOLOGY & PHARMACY","SCIE","10,389","6","Q1","0.86","5.71"%,
"New Microbes and New Infections","NEW MICROB NEW INFEC","ELSEVIER SCI LTD","N/A","2052-2975","INFECTIOUS DISEASES","ESCI","2,291","6","Q1","0.6","100"%,
"DRUG SAFETY","DRUG SAFETY","ADIS INT LTD","0114-5916","1179-1942","PHARMACOLOGY & PHARMACY","SCIE","7,886","5.9","Q1","1.32","60.93"%,
"One Health Outlook","ONE HEALTH OUTLOOK","BMC","2524-4655","2524-4655","INFECTIOUS DISEASES","ESCI","738","5.9","Q1","0.81","100"%,
"Molecular Diagnosis & Therapy","MOL DIAGN THER","ADIS INT LTD","1177-1062","1179-2000","PHARMACOLOGY & PHARMACY","SCIE","2,564","5.8","Q1","1.06","40.23"%,
"Frontiers in Drug Discovery","FRONT DRUG DISCOV","FRONTIERS MEDIA SA","N/A","2674-0338","PHARMACOLOGY & PHARMACY","ESCI","529","5.8","Q1","0.54","100"%,
"European Journal of Pharmacology","EUR J PHARMACOL","ELSEVIER","0014-2999","1879-0712","PHARMACOLOGY & PHARMACY","SCIE","43,626","5.7","Q1","1.45","18.9"%,
"Marine Drugs","MAR DRUGS","MDPI","N/A","1660-3397","PHARMACOLOGY & PHARMACY","SCIE","37,572","5.7","Q1","1.22","100"%,
"Pharmaceuticals","PHARMACEUTICALS-BASE","MDPI","N/A","1424-8247","PHARMACOLOGY & PHARMACY","SCIE","44,567","5.7","Q1","1.05","99.96"%,
"Infectious Diseases and Therapy","INFECT DIS THER","SPRINGER LONDON LTD","2193-8229","2193-6382","INFECTIOUS DISEASES","SCIE","4,670","5.6","Q1","1.32","100"%,
"International Immunopharmacology","INT IMMUNOPHARMACOL","ELSEVIER","1567-5769","1878-1705","PHARMACOLOGY & PHARMACY","SCIE","56,435","5.6","Q1","1.28","22.16"%,
"Travel Medicine and Infectious Disease","TRAVEL MED INFECT DI","ELSEVIER SCI LTD","1477-8939","1873-0442","INFECTIOUS DISEASES","SCIE","3,506","5.6","Q1","1.23","99.22"%,
"CURRENT OPINION IN PHARMACOLOGY","CURR OPIN PHARMACOL","ELSEVIER SCI LTD","1471-4892","1471-4973","PHARMACOLOGY & PHARMACY","SCIE","6,901","5.5","Q1","1.4","33.66"%,
"JOURNAL OF TRAVEL MEDICINE","J TRAVEL MED","OXFORD UNIV PRESS INC","1195-1982","1708-8305","INFECTIOUS DISEASES","SCIE","4,177","5.5","Q1","1.18","36.82"%,
"Antibiotics-Basel","ANTIBIOTICS-BASEL","MDPI","2079-6382","2079-6382","INFECTIOUS DISEASES","SCIE","45,630","5.5","Q1","1.16","99.95"%,
"Antibiotics-Basel","ANTIBIOTICS-BASEL","MDPI","2079-6382","2079-6382","PHARMACOLOGY & PHARMACY","SCIE","45,630","5.5","Q1","1.16","99.95"%,
"RSC Pharmaceutics","RSC PHARM","ROYAL SOC CHEMISTRY","N/A","2976-8713","PHARMACOLOGY & PHARMACY","ESCI","667","5.5","Q1","1.15","100"%,
"JOURNAL OF PHARMACY AND PHARMACEUTICAL SCIENCES","J PHARM PHARM SCI","FRONTIERS MEDIA SA","N/A","1482-1826","PHARMACOLOGY & PHARMACY","SCIE","2,384","5.5","Q1","1.06","100"%,
"Frontiers in Pharmacology","FRONT PHARMACOL","FRONTIERS MEDIA SA","N/A","1663-9812","PHARMACOLOGY & PHARMACY","SCIE","133,302","5.4","Q1","1.07","99.91"%,
"JOURNAL OF PSYCHOPHARMACOLOGY","J PSYCHOPHARMACOL","SAGE PUBLICATIONS LTD","0269-8811","1461-7285","PHARMACOLOGY & PHARMACY","SCIE","10,348","5.3","Q1","1.41","46.88"%,
"One Health","ONE HEALTH-AMSTERDAM","ELSEVIER","N/A","2352-7714","INFECTIOUS DISEASES","SCIE","4,571","5.3","Q1","1.4","100"%,
"TOXICOLOGY","TOXICOLOGY","ELSEVIER IRELAND LTD","0300-483X","1879-3185","PHARMACOLOGY & PHARMACY","SCIE","16,009","5.2","Q1","1.38","25.15"%,
"JOURNAL OF DRUG DELIVERY SCIENCE AND TECHNOLOGY","J DRUG DELIV SCI TEC","ELSEVIER","1773-2247","2588-8943","PHARMACOLOGY & PHARMACY","SCIE","30,864","5.2","Q1","1.22","14.92"%,
"CHEMICO-BIOLOGICAL INTERACTIONS","CHEM-BIOL INTERACT","ELSEVIER IRELAND LTD","0009-2797","1872-7786","PHARMACOLOGY & PHARMACY","SCIE","20,894","5.2","Q1","1.18","14.65"%,
"Antimicrobial Resistance and Infection Control","ANTIMICROB RESIST IN","BMC","2047-2994","2047-2994","INFECTIOUS DISEASES","SCIE","8,017","5.2","Q1","1.15","100"%,
"Journal of the International AIDS Society","J INT AIDS SOC","WILEY","N/A","1758-2652","INFECTIOUS DISEASES","SCIE","7,940","5.2","Q1","1","100"%,
"EUROPEAN JOURNAL OF PHARMACEUTICAL SCIENCES","EUR J PHARM SCI","ELSEVIER","0928-0987","1879-0720","PHARMACOLOGY & PHARMACY","SCIE","18,948","5.1","Q1","1.34","100"%,
"Journal of Ethnobiology and Ethnomedicine","J ETHNOBIOL ETHNOMED","BMC","N/A","1746-4269","PHARMACOLOGY & PHARMACY","SCIE","5,368","5.1","Q1","1.23","100"%,
"AAPS PHARMSCITECH","AAPS PHARMSCITECH","SPRINGER","1530-9932","1530-9932","PHARMACOLOGY & PHARMACY","SCIE","14,229","5.1","Q1","1.03","20.6"%,
"ADMET and DMPK","ADMET DMPK","IAPC PUBLISHING","1848-7718","1848-7718","PHARMACOLOGY & PHARMACY","ESCI","1,067","5.1","Q1","0.98","99.35"%,
"EXPERT OPINION ON THERAPEUTIC TARGETS","EXPERT OPIN THER TAR","TAYLOR & FRANCIS LTD","1472-8222","1744-7631","PHARMACOLOGY & PHARMACY","SCIE","6,301","5.1","Q1","0.77","11.48"%,
"EUROPEAN JOURNAL OF PHARMACEUTICS AND BIOPHARMACEUTICS","EUR J PHARM BIOPHARM","ELSEVIER","0939-6411","1873-3441","PHARMACOLOGY & PHARMACY","SCIE","20,068","5","Q1","1.27","34.91"%,
"International Journal of Antimicrobial Agents","INT J ANTIMICROB AG","ELSEVIER","0924-8579","1872-7913","INFECTIOUS DISEASES","SCIE","14,903","5","Q1","1.24","34.98"%,
"International Journal of Antimicrobial Agents","INT J ANTIMICROB AG","ELSEVIER","0924-8579","1872-7913","PHARMACOLOGY & PHARMACY","SCIE","14,903","5","Q1","1.24","34.98"%,
"One Health Advances","ONE HEALTH ADV","SPRINGERNATURE","N/A","2731-9970","INFECTIOUS DISEASES","ESCI","332","5","Q1","1.17","100"%,
"Psychedelic Medicine","PSYCHEDELIC MED","SAGE PUBLICATIONS INC","2831-4425","2831-4433","PHARMACOLOGY & PHARMACY","ESCI","277","5","Q1","1.01","7.5"%,
"Therapeutic Advances in Psychopharmacology","THER ADV PSYCHOPHARM","SAGE PUBLICATIONS LTD","2045-1253","2045-1261","PHARMACOLOGY & PHARMACY","SCIE","1,679","5","Q1","0.77","100"%,
"CLINICAL PHARMACOLOGY & THERAPEUTICS","CLIN PHARMACOL THER","WILEY","0009-9236","1532-6535","PHARMACOLOGY & PHARMACY","SCIE","20,886","4.9","Q1","1.24","53.38"%,
"MOLECULAR PHARMACEUTICS","MOL PHARMACEUT","AMER CHEMICAL SOC","1543-8384","1543-8392","PHARMACOLOGY & PHARMACY","SCIE","26,320","4.9","Q1","1.16","20.04"%,
"Biomolecules & Therapeutics","BIOMOL THER","KOREAN SOC APPLIED PHARMACOLOGY","1976-9148","2005-4483","PHARMACOLOGY & PHARMACY","SCIE","3,570","4.9","Q1","0.81","98.69"%,
"Journal of Infection and Public Health","J INFECT PUBLIC HEAL","ELSEVIER SCIENCE LONDON","1876-0341","1876-035X","INFECTIOUS DISEASES","SCIE","8,036","4.8","Q1","1.13","100"%,
"INTERNATIONAL JOURNAL OF NEUROPSYCHOPHARMACOLOGY","INT J NEUROPSYCHOPH","OXFORD UNIV PRESS","1461-1457","1469-5111","PHARMACOLOGY & PHARMACY","SCIE","7,498","4.8","Q1","1.07","100"%,
"PHARMACOECONOMICS","PHARMACOECONOMICS","ADIS INT LTD","1170-7690","1179-2027","PHARMACOLOGY & PHARMACY","SCIE","8,214","4.7","Q1","1.3","70.85"%,
"NEUROPHARMACOLOGY","NEUROPHARMACOLOGY","PERGAMON-ELSEVIER SCIENCE LTD","0028-3908","1873-7064","PHARMACOLOGY & PHARMACY","SCIE","24,274","4.7","Q1","1.29","30.46"%,
"Journal of Pharmaceutical Investigation","J PHARM INVEST","SPRINGERNATURE","2093-5552","2093-6214","PHARMACOLOGY & PHARMACY","SCIE","2,501","4.7","Q1","1.01","12.9"%,
"ADVANCES IN THERAPY","ADV THER","SPRINGER","0741-238X","1865-8652","PHARMACOLOGY & PHARMACY","SCIE","12,070","4.7","Q1","0.89","78.29"%,
"JOURNAL OF DRUG TARGETING","J DRUG TARGET","TAYLOR & FRANCIS LTD","1061-186X","1029-2330","PHARMACOLOGY & PHARMACY","SCIE","5,622","4.7","Q1","0.86","2.31"%,
"JOURNAL OF LIPOSOME RESEARCH","J LIPOSOME RES","TAYLOR & FRANCIS LTD","0898-2104","1532-2394","PHARMACOLOGY & PHARMACY","SCIE","2,274","4.7","Q1","0.82","4.07"%,
"Advanced Pharmaceutical Bulletin","ADV PHARM BULL","TABRIZ UNIV MEDICAL SCIENCES & HEALTH SERVICES","2228-5881","2251-7308","PHARMACOLOGY & PHARMACY","ESCI","4,203","4.7","Q1","0.81","100"%,
"Pharmaceutical Medicine","PHARM MED","SPRINGER INT PUBL AG","1178-2595","1179-1993","PHARMACOLOGY & PHARMACY","ESCI","914","4.7","Q1","0.75","49.14"%,
"EXPERT OPINION ON THERAPEUTIC PATENTS","EXPERT OPIN THER PAT","TAYLOR & FRANCIS LTD","1354-3776","1744-7674","PHARMACOLOGY & PHARMACY","SCIE","4,041","4.7","Q1","0.66","3.03"%,
"DRUG METABOLISM REVIEWS","DRUG METAB REV","TAYLOR & FRANCIS LTD","0360-2532","1097-9883","PHARMACOLOGY & PHARMACY","SCIE","3,167","4.7","Q1","0.56","10.94"%,
"INTERNATIONAL JOURNAL OF INFECTIOUS DISEASES","INT J INFECT DIS","ELSEVIER SCI LTD","1201-9712","1878-3511","INFECTIOUS DISEASES","SCIE","18,804","4.6","Q1","1.17","100"%,
"Environmental Toxicology and Pharmacology","ENVIRON TOXICOL PHAR","ELSEVIER","1382-6689","1872-7077","PHARMACOLOGY & PHARMACY","SCIE","11,288","4.6","Q1","1.06","26.95"%,
"Expert Review of Anti-Infective Therapy","EXPERT REV ANTI-INFE","TAYLOR & FRANCIS LTD","1478-7210","1744-8336","INFECTIOUS DISEASES","SCIE","6,560","4.6","Q1","0.7","5.69"%,
"Expert Review of Anti-Infective Therapy","EXPERT REV ANTI-INFE","TAYLOR & FRANCIS LTD","1478-7210","1744-8336","PHARMACOLOGY & PHARMACY","SCIE","6,560","4.6","Q1","0.7","5.69"%,
"ACS Infectious Diseases","ACS INFECT DIS","AMER CHEMICAL SOC","2373-8227","N/A","INFECTIOUS DISEASES","SCIE","8,213","4.5","Q1","1.05","31.41"%,
"Future Journal of Pharmaceutical Sciences","FUTUR J PHARM SCI","SPRINGER","2314-7245","2314-7253","PHARMACOLOGY & PHARMACY","ESCI","3,762","4.5","Q2","0.83","100"%,
"Biomedicines","BIOMEDICINES","MDPI","N/A","2227-9059","PHARMACOLOGY & PHARMACY","SCIE","62,243","4.5","Q2","0.77","99.97"%,
"Pharmacological Reports","PHARMACOL REP","SPRINGER HEIDELBERG","1734-1140","2299-5684","PHARMACOLOGY & PHARMACY","SCIE","6,498","4.5","Q2","0.74","51.14"%,
"CURRENT OPINION IN INFECTIOUS DISEASES","CURR OPIN INFECT DIS","LIPPINCOTT WILLIAMS & WILKINS","0951-7375","1473-6527","INFECTIOUS DISEASES","SCIE","4,307","4.5","Q1","0.56","14.59"%,
"Expert Opinion on Drug Metabolism & Toxicology","EXPERT OPIN DRUG MET","TAYLOR & FRANCIS LTD","1742-5255","1744-7607","PHARMACOLOGY & PHARMACY","SCIE","5,723","4.5","Q2","0.53","4.69"%,
"AIDS PATIENT CARE AND STDS","AIDS PATIENT CARE ST","SAGE PUBLICATIONS INC","1087-2914","1557-7449","INFECTIOUS DISEASES","SCIE","3,337","4.4","Q1","1.12","11.76"%,
"Current HIV/AIDS Reports","CURR HIV-AIDS REP","SPRINGER","1548-3568","1548-3576","INFECTIOUS DISEASES","SCIE","2,911","4.4","Q1","0.95","40.68"%,
"Frontiers in Drug Delivery","FRONT DRUG DELIV","FRONTIERS MEDIA SA","N/A","2674-0850","PHARMACOLOGY & PHARMACY","ESCI","379","4.4","Q2","0.58","100"%,
"INTERNATIONAL JOURNAL OF HYGIENE AND ENVIRONMENTAL HEALTH","INT J HYG ENVIR HEAL","ELSEVIER GMBH","1438-4639","1618-131X","INFECTIOUS DISEASES","SCIE","8,768","4.3","Q1","1.38","52.61"%,
"REGULATORY TOXICOLOGY AND PHARMACOLOGY","REGUL TOXICOL PHARM","ACADEMIC PRESS INC ELSEVIER SCIENCE","0273-2300","1096-0295","PHARMACOLOGY & PHARMACY","SCIE","10,942","4.3","Q2","1.35","39.05"%,
"ANTIVIRAL RESEARCH","ANTIVIR RES","ELSEVIER","0166-3542","1872-9096","PHARMACOLOGY & PHARMACY","SCIE","11,391","4.3","Q2","1.24","38.98"%,
"JOURNAL OF PHARMACOLOGY AND EXPERIMENTAL THERAPEUTICS","J PHARMACOL EXP THER","ELSEVIER","0022-3565","1521-0103","PHARMACOLOGY & PHARMACY","SCIE","20,272","4.3","Q2","1.09","17.38"%,
"SAUDI PHARMACEUTICAL JOURNAL","SAUDI PHARM J","SPRINGERNATURE","1319-0164","2213-7475","PHARMACOLOGY & PHARMACY","SCIE","7,889","4.3","Q2","1","99.48"%,
"Australian Prescriber","AUST PRESCR","Therapeutic Guidelines Ltd","0312-8008","1839-3942","PHARMACOLOGY & PHARMACY","ESCI","1,193","4.3","Q2","0.9","100"%,
"EXPERT OPINION ON INVESTIGATIONAL DRUGS","EXPERT OPIN INV DRUG","TAYLOR & FRANCIS LTD","1354-3784","1744-7658","PHARMACOLOGY & PHARMACY","SCIE","5,677","4.3","Q2","0.68","5.47"%,
"Expert Review of Neurotherapeutics","EXPERT REV NEUROTHER","TAYLOR & FRANCIS LTD","1473-7175","1744-8360","PHARMACOLOGY & PHARMACY","SCIE","6,194","4.3","Q2","0.68","7.36"%,
"ANTIMICROBIAL AGENTS AND CHEMOTHERAPY","ANTIMICROB AGENTS CH","AMER SOC MICROBIOLOGY","0066-4804","1098-6596","PHARMACOLOGY & PHARMACY","SCIE","62,662","4.2","Q2","1.13","65.14"%,
"PROGRESS IN NEURO-PSYCHOPHARMACOLOGY & BIOLOGICAL PSYCHIATRY","PROG NEURO-PSYCHOPH","PERGAMON-ELSEVIER SCIENCE LTD","0278-5846","1878-4216","PHARMACOLOGY & PHARMACY","SCIE","15,762","4.2","Q2","1.11","26.79"%,
"INFECTIOUS DISEASE CLINICS OF NORTH AMERICA","INFECT DIS CLIN N AM","W B SAUNDERS CO-ELSEVIER INC","0891-5520","1557-9824","INFECTIOUS DISEASES","SCIE","4,731","4.2","Q1","1.06","7.25"%,
"DRUG DEVELOPMENT RESEARCH","DRUG DEVELOP RES","WILEY","0272-4391","1098-2299","PHARMACOLOGY & PHARMACY","SCIE","4,486","4.2","Q2","0.95","13.18"%,
"DRUGS & AGING","DRUG AGING","ADIS INT LTD","1170-229X","1179-1969","PHARMACOLOGY & PHARMACY","SCIE","4,941","4.2","Q2","0.81","41.31"%,
"JOURNAL OF INFECTIOUS DISEASES","J INFECT DIS","OXFORD UNIV PRESS INC","0022-1899","1537-6613","INFECTIOUS DISEASES","SCIE","44,581","4.1","Q1","1.1","44.89"%,
"JOURNAL OF ANTIMICROBIAL CHEMOTHERAPY","J ANTIMICROB CHEMOTH","OXFORD UNIV PRESS","0305-7453","1460-2091","INFECTIOUS DISEASES","SCIE","33,001","4.1","Q1","0.99","39.24"%,
"JOURNAL OF ANTIMICROBIAL CHEMOTHERAPY","J ANTIMICROB CHEMOTH","OXFORD UNIV PRESS","0305-7453","1460-2091","PHARMACOLOGY & PHARMACY","SCIE","33,001","4.1","Q2","0.99","39.24"%,
"SKIN PHARMACOLOGY AND PHYSIOLOGY","SKIN PHARMACOL PHYS","KARGER","1660-5527","1660-5535","PHARMACOLOGY & PHARMACY","SCIE","2,267","4.1","Q2","0.86","25"%,
"PHARMACEUTICAL RESEARCH","PHARM RES-DORDR","SPRINGER/PLENUM PUBLISHERS","0724-8741","1573-904X","PHARMACOLOGY & PHARMACY","SCIE","19,805","4.1","Q2","0.8","29.88"%,
"Infectious Medicine","INFECT MED-UK","ELSEVIER","2097-0684","2772-431X","INFECTIOUS DISEASES","ESCI","538","4.1","Q1","0.72","100"%,
"CLINICAL PHARMACOKINETICS","CLIN PHARMACOKINET","ADIS INT LTD","0312-5963","1179-1926","PHARMACOLOGY & PHARMACY","SCIE","12,151","4","Q2","0.9","58.87"%,
"ACS Pharmacology & Translational Science","ACS PHARMACOL TRANSL","AMER CHEMICAL SOC","N/A","2575-9108","PHARMACOLOGY & PHARMACY","ESCI","4,370","4","Q2","0.88","32.57"%,
"NAUNYN-SCHMIEDEBERGS ARCHIVES OF PHARMACOLOGY","N-S ARCH PHARMACOL","SPRINGER","0028-1298","1432-1912","PHARMACOLOGY & PHARMACY","SCIE","12,190","4","Q2","0.79","22.91"%,
"PHARMACOTHERAPY","PHARMACOTHERAPY","WILEY","0277-0008","1875-9114","PHARMACOLOGY & PHARMACY","SCIE","7,303","4","Q2","0.77","27.68"%,
"Influenza and Other Respiratory Viruses","INFLUENZA OTHER RESP","WILEY","1750-2640","1750-2659","INFECTIOUS DISEASES","SCIE","4,428","3.9","Q2","1.1","100"%,
"INFECTION","INFECTION","SPRINGER HEIDELBERG","0300-8126","1439-0973","INFECTIOUS DISEASES","SCIE","6,528","3.9","Q2","1.04","73.19"%,
"JAC-Antimicrobial Resistance","JAC-ANTIMICROB RESIS","OXFORD UNIV PRESS","N/A","2632-1823","INFECTIOUS DISEASES","ESCI","3,290","3.9","Q2","0.86","99.82"%,
"JAC-Antimicrobial Resistance","JAC-ANTIMICROB RESIS","OXFORD UNIV PRESS","N/A","2632-1823","PHARMACOLOGY & PHARMACY","ESCI","3,290","3.9","Q2","0.86","99.82"%,
"JOURNAL OF PHARMACEUTICAL SCIENCES","J PHARM SCI-US","ELSEVIER SCIENCE INC","0022-3549","1520-6017","PHARMACOLOGY & PHARMACY","SCIE","27,657","3.9","Q2","0.83","13.6"%,
"Current Fungal Infection Reports","CURR FUNGAL INFECT R","SPRINGER","1936-3761","1936-377X","INFECTIOUS DISEASES","ESCI","714","3.9","Q2","0.79","20"%,
"Frontiers in Antibiotics","FRONT ANTIBIOT","FRONTIERS MEDIA SA","N/A","2813-2467","PHARMACOLOGY & PHARMACY","ESCI","272","3.9","Q2","0.53","98.65"%,
"Journal of Cannabis Research","J CANNABIS RES","BMC","N/A","2522-5782","PHARMACOLOGY & PHARMACY","ESCI","1,145","3.8","Q2","1.03","100"%,
"NEUROTOXICOLOGY","NEUROTOXICOLOGY","ELSEVIER","0161-813X","1872-9711","PHARMACOLOGY & PHARMACY","SCIE","8,095","3.8","Q2","0.98","17.18"%,
"PULMONARY PHARMACOLOGY & THERAPEUTICS","PULM PHARMACOL THER","ACADEMIC PRESS LTD- ELSEVIER SCIENCE LTD","1094-5539","N/A","PHARMACOLOGY & PHARMACY","SCIE","2,769","3.8","Q2","0.87","20.79"%,
"JOURNAL OF MICROBIOLOGY IMMUNOLOGY AND INFECTION","J MICROBIOL IMMUNOL","ELSEVIER TAIWAN","1684-1182","1995-9133","INFECTIOUS DISEASES","SCIE","4,598","3.8","Q2","0.86","100"%,
"Open Forum Infectious Diseases","OPEN FORUM INFECT DI","OXFORD UNIV PRESS INC","2328-8957","2328-8957","INFECTIOUS DISEASES","SCIE","16,649","3.8","Q2","0.83","99.9"%,
"Therapeutic Advances in Infectious Disease","THER ADV INFECT DIS","SAGE PUBLICATIONS LTD","2049-9361","2049-937X","INFECTIOUS DISEASES","ESCI","1,616","3.8","Q2","0.68","100"%,
"EXPERT OPINION ON EMERGING DRUGS","EXPERT OPIN EMERG DR","TAYLOR & FRANCIS LTD","1472-8214","1744-7623","PHARMACOLOGY & PHARMACY","SCIE","924","3.8","Q2","0.51","4.69"%,
"MALARIA JOURNAL","MALARIA J","BMC","N/A","1475-2875","INFECTIOUS DISEASES","SCIE","19,702","3.7","Q2","1.07","100"%,
"PEDIATRIC DRUGS","PEDIATR DRUGS","ADIS INT LTD","1174-5878","1179-2019","PHARMACOLOGY & PHARMACY","SCIE","2,300","3.7","Q2","1.03","34.59"%,
"VASCULAR PHARMACOLOGY","VASC PHARMACOL","ELSEVIER SCIENCE INC","1537-1891","1879-3649","PHARMACOLOGY & PHARMACY","SCIE","3,765","3.7","Q2","0.98","33.33"%,
"JOURNAL OF NATURAL PRODUCTS","J NAT PROD","AMER CHEMICAL SOC","0163-3864","1520-6025","PHARMACOLOGY & PHARMACY","SCIE","27,593","3.7","Q2","0.95","19.38"%,
"Journal of Global Antimicrobial Resistance","J GLOB ANTIMICROB RE","ELSEVIER SCI LTD","2213-7165","2213-7173","INFECTIOUS DISEASES","SCIE","6,694","3.7","Q2","0.93","99.68"%,
"Journal of Global Antimicrobial Resistance","J GLOB ANTIMICROB RE","ELSEVIER SCI LTD","2213-7165","2213-7173","PHARMACOLOGY & PHARMACY","SCIE","6,694","3.7","Q2","0.93","99.68"%,
"Journal of Psychedelic Studies","J PSYCHEDELIC STUD","AKADEMIAI KIADO ZRT","N/A","2559-9283","PHARMACOLOGY & PHARMACY","ESCI","712","3.7","Q2","0.9","99.02"%,
"JOURNAL OF PHARMACY AND PHARMACOLOGY","J PHARM PHARMACOL","OXFORD UNIV PRESS","0022-3573","2042-7158","PHARMACOLOGY & PHARMACY","SCIE","10,931","3.7","Q2","0.77","13.9"%,
"CLINICAL THERAPEUTICS","CLIN THER","ELSEVIER","0149-2918","1879-114X","PHARMACOLOGY & PHARMACY","SCIE","9,303","3.7","Q2","0.71","24.56"%,
"Drug Target Insights","DRUG TARGET INSIGHT","ABOUTSCIENCE SRL","1177-3928","1177-3928","PHARMACOLOGY & PHARMACY","ESCI","345","3.7","Q2","0.66","94.44"%,
"Infectious Diseases & Immunity","INFECT DIS IMMUN","LIPPINCOTT WILLIAMS & WILKINS","2096-9511","2693-8839","INFECTIOUS DISEASES","ESCI","238","3.7","Q2","0.26","96.05"%,
"TOXICOLOGY AND APPLIED PHARMACOLOGY","TOXICOL APPL PHARM","ACADEMIC PRESS INC ELSEVIER SCIENCE","0041-008X","1096-0333","PHARMACOLOGY & PHARMACY","SCIE","19,467","3.6","Q2","1","14.37"%,
"DRUG METABOLISM AND DISPOSITION","DRUG METAB DISPOS","ELSEVIER SCIENCE INC","0090-9556","1521-009X","PHARMACOLOGY & PHARMACY","SCIE","13,242","3.6","Q2","0.95","16.83"%,
"BASIC & CLINICAL PHARMACOLOGY & TOXICOLOGY","BASIC CLIN PHARMACOL","WILEY","1742-7835","1742-7843","PHARMACOLOGY & PHARMACY","SCIE","5,997","3.6","Q2","0.83","45.12"%,
"SCIENTIA PHARMACEUTICA","SCI PHARM","MDPI","N/A","2218-0532","PHARMACOLOGY & PHARMACY","ESCI","2,492","3.6","Q2","0.65","99.47"%,
"INTERNATIONAL JOURNAL OF TUBERCULOSIS AND LUNG DISEASE","INT J TUBERC LUNG D","INT UNION AGAINST TUBERCULOSIS and LUNG DISEASE (I U A T L D)","1027-3719","1815-7920","INFECTIOUS DISEASES","SCIE","5,985","3.6","Q2","0.64","12.5"%,
"Expert Review of Clinical Pharmacology","EXPERT REV CLIN PHAR","TAYLOR & FRANCIS LTD","1751-2433","1751-2441","PHARMACOLOGY & PHARMACY","SCIE","3,810","3.6","Q2","0.6","4.09"%,
"Current Pharmaceutical Analysis","CURR PHARM ANAL","KEAI PUBLISHING LTD","1573-4129","1875-676X","PHARMACOLOGY & PHARMACY","SCIE","1,158","3.6","Q2","0.51","23.96"%,
"International Journal for Parasitology-Drugs and Drug Resistance","INT J PARASITOL-DRUG","ELSEVIER SCI LTD","2211-3207","2211-3207","PHARMACOLOGY & PHARMACY","SCIE","1,942","3.5","Q2","1.15","100"%,
"MEDICAL MYCOLOGY","MED MYCOL","OXFORD UNIV PRESS","1369-3786","1460-2709","INFECTIOUS DISEASES","SCIE","6,468","3.5","Q2","0.98","18.48"%,
"BMC Pharmacology & Toxicology","BMC PHARMACOL TOXICO","BMC","N/A","2050-6511","PHARMACOLOGY & PHARMACY","SCIE","2,827","3.5","Q2","0.83","98.79"%,
"CARDIOVASCULAR DRUGS AND THERAPY","CARDIOVASC DRUG THER","SPRINGER","0920-3206","1573-7241","PHARMACOLOGY & PHARMACY","SCIE","3,976","3.5","Q2","0.78","27.34"%,
"PEPTIDES","PEPTIDES","ELSEVIER SCIENCE INC","0196-9781","1873-5169","PHARMACOLOGY & PHARMACY","SCIE","9,353","3.5","Q2","0.78","30.74"%,
"ChemMedChem","CHEMMEDCHEM","WILEY-V C H VERLAG GMBH","1860-7179","1860-7187","PHARMACOLOGY & PHARMACY","SCIE","10,677","3.5","Q2","0.73","31.05"%,
"ARCHIV DER PHARMAZIE","ARCH PHARM","WILEY-V C H VERLAG GMBH","0365-6233","1521-4184","PHARMACOLOGY & PHARMACY","SCIE","5,945","3.5","Q2","0.71","26.49"%,
"EUROPEAN JOURNAL OF CLINICAL PHARMACOLOGY","EUR J CLIN PHARMACOL","SPRINGER HEIDELBERG","0031-6970","1432-1041","PHARMACOLOGY & PHARMACY","SCIE","8,649","3.5","Q2","0.67","29.41"%,
"AMERICAN JOURNAL OF THERAPEUTICS","AM J THER","LIPPINCOTT WILLIAMS & WILKINS","1075-2765","1536-3686","PHARMACOLOGY & PHARMACY","SCIE","2,054","3.5","Q2","0.51","14.66"%,
"CURRENT DRUG TARGETS","CURR DRUG TARGETS","BENTHAM SCIENCE PUBL LTD","1389-4501","1873-5592","PHARMACOLOGY & PHARMACY","SCIE","6,601","3.5","Q2","0.4","3.77"%,
"Journal of Hospital Infection","J HOSP INFECT","W B SAUNDERS CO LTD","0195-6701","1532-2939","INFECTIOUS DISEASES","SCIE","10,307","3.4","Q2","0.9","43.19"%,
"Ticks and Tick-Borne Diseases","TICKS TICK-BORNE DIS","ELSEVIER GMBH","1877-959X","1877-9603","INFECTIOUS DISEASES","SCIE","6,299","3.4","Q2","0.9","100"%,
"AAPS Journal","AAPS J","SPRINGER","1550-7416","1550-7416","PHARMACOLOGY & PHARMACY","SCIE","8,411","3.4","Q2","0.88","37.2"%,
"Journal of Pharmaceutical and Biomedical Analysis","J PHARMACEUT BIOMED","ELSEVIER","0731-7085","1873-264X","PHARMACOLOGY & PHARMACY","SCIE","26,168","3.4","Q2","0.82","17.93"%,
"INVESTIGATIONAL NEW DRUGS","INVEST NEW DRUG","SPRINGER","0167-6997","1573-0646","PHARMACOLOGY & PHARMACY","SCIE","5,761","3.4","Q2","0.79","33.73"%,
"INFECTION AND IMMUNITY","INFECT IMMUN","AMER SOC MICROBIOLOGY","0019-9567","1098-5522","INFECTIOUS DISEASES","SCIE","36,589","3.4","Q2","0.74","54.4"%,
"Current Opinion in HIV and AIDS","CURR OPIN HIV AIDS","LIPPINCOTT WILLIAMS & WILKINS","1746-630X","1746-6318","INFECTIOUS DISEASES","SCIE","2,728","3.4","Q2","0.71","24.28"%,
"Clinical Psychopharmacology and Neuroscience","CLIN PSYCHOPHARM NEU","KOREAN COLL NEUROPSYCHOPHARMACOLOGY","1738-1088","2093-4327","PHARMACOLOGY & PHARMACY","SCIE","2,007","3.4","Q2","0.67","99.56"%,
"Therapeutic Delivery","THER DELIV","TAYLOR & FRANCIS LTD","2041-5990","2041-6008","PHARMACOLOGY & PHARMACY","ESCI","2,860","3.4","Q2","0.63","4.37"%,
"EXPERT OPINION ON PHARMACOTHERAPY","EXPERT OPIN PHARMACO","TAYLOR & FRANCIS LTD","1465-6566","1744-7666","PHARMACOLOGY & PHARMACY","SCIE","7,175","3.4","Q2","0.52","4.26"%,
"Journal of the Pediatric Infectious Diseases Society","J PEDIAT INF DIS SOC","OXFORD UNIV PRESS","2048-7193","2048-7207","INFECTIOUS DISEASES","SCIE","2,830","3.3","Q2","1.07","24.28"%,
"PSYCHOPHARMACOLOGY","PSYCHOPHARMACOLOGY","SPRINGER","0033-3158","1432-2072","PHARMACOLOGY & PHARMACY","SCIE","20,433","3.3","Q2","0.89","44.36"%,
"Journal of Managed Care & Specialty Pharmacy","J MANAG CARE SPEC PH","ACAD MANAGED CARE PHARMACY","2376-0540","2376-1032","PHARMACOLOGY & PHARMACY","SCIE","3,917","3.3","Q2","0.86","0.25"%,
"JOURNAL OF PHARMACOKINETICS AND PHARMACODYNAMICS","J PHARMACOKINET PHAR","SPRINGER/PLENUM PUBLISHERS","1567-567X","1573-8744","PHARMACOLOGY & PHARMACY","SCIE","2,179","3.3","Q2","0.77","49.31"%,
"Therapeutic Advances in Drug Safety","THER ADV DRUG SAF","SAGE PUBLICATIONS LTD","2042-0986","2042-0994","PHARMACOLOGY & PHARMACY","SCIE","1,777","3.3","Q2","0.75","100"%,
"JOURNAL OF FOOD AND DRUG ANALYSIS","J FOOD DRUG ANAL","DIGITAL COMMONS BEPRESS","1021-9498","1021-9498","PHARMACOLOGY & PHARMACY","SCIE","5,365","3.3","Q2","0.64","100"%,
"CNS & Neurological Disorders-Drug Targets","CNS NEUROL DISORD-DR","BENTHAM SCIENCE PUBL","1871-5273","1996-3181","PHARMACOLOGY & PHARMACY","SCIE","4,030","3.3","Q2","0.58","1.48"%,
"ANTIVIRAL THERAPY","ANTIVIR THER","SAGE PUBLICATIONS LTD","1359-6535","2040-2058","INFECTIOUS DISEASES","SCIE","1,513","3.3","Q2","0.51","100"%,
"ANTIVIRAL THERAPY","ANTIVIR THER","SAGE PUBLICATIONS LTD","1359-6535","2040-2058","PHARMACOLOGY & PHARMACY","SCIE","1,513","3.3","Q2","0.51","100"%,
"BMC INFECTIOUS DISEASES","BMC INFECT DIS","BMC","N/A","1471-2334","INFECTIOUS DISEASES","SCIE","35,197","3.2","Q2","0.89","99.98"%,
"EUROPEAN JOURNAL OF CLINICAL MICROBIOLOGY & INFECTIOUS DISEASES","EUR J CLIN MICROBIOL","SPRINGER","0934-9723","1435-4373","INFECTIOUS DISEASES","SCIE","11,726","3.2","Q2","0.79","38.95"%,
"HIV MEDICINE","HIV MED","WILEY","1464-2662","1468-1293","INFECTIOUS DISEASES","SCIE","3,330","3.2","Q2","0.79","57.07"%,
"Infection and Drug Resistance","INFECT DRUG RESIST","DOVE MEDICAL PRESS LTD","1178-6973","1178-6973","INFECTIOUS DISEASES","SCIE","13,756","3.2","Q2","0.75","99.5"%,
"Infection and Drug Resistance","INFECT DRUG RESIST","DOVE MEDICAL PRESS LTD","1178-6973","1178-6973","PHARMACOLOGY & PHARMACY","SCIE","13,756","3.2","Q2","0.75","99.5"%,
"International Journal of Clinical Pharmacy","INT J CLIN PHARM-NET","SPRINGER","2210-7703","2210-7711","PHARMACOLOGY & PHARMACY","SCIE","4,981","3.2","Q2","0.75","46.11"%,
"Iranian Journal of Basic Medical Sciences","IRAN J BASIC MED SCI","MASHHAD UNIV MED SCIENCES","2008-3866","2008-3874","PHARMACOLOGY & PHARMACY","SCIE","5,368","3.2","Q2","0.74","0"%,
"Advanced Therapeutics","ADV THER-GERMANY","WILEY-V C H VERLAG GMBH","N/A","2366-3987","PHARMACOLOGY & PHARMACY","SCIE","3,609","3.2","Q2","0.64","34.22"%,
"American Journal of Cardiovascular Drugs","AM J CARDIOVASC DRUG","ADIS INT LTD","1175-3277","1179-187X","PHARMACOLOGY & PHARMACY","SCIE","1,721","3.2","Q2","0.64","28.49"%,
"CURRENT MEDICINAL CHEMISTRY","CURR MED CHEM","BENTHAM SCIENCE PUBL LTD","0929-8673","1875-533X","PHARMACOLOGY & PHARMACY","SCIE","21,442","3.2","Q2","0.51","7.03"%,
"CURRENT PHARMACEUTICAL DESIGN","CURR PHARM DESIGN","BENTHAM SCIENCE PUBL LTD","1381-6128","1873-4286","PHARMACOLOGY & PHARMACY","SCIE","20,926","3.2","Q2","0.5","4.5"%,
"Infectious Disease Modelling","INFECT DIS MODEL","KEAI PUBLISHING LTD","2468-2152","2468-0427","INFECTIOUS DISEASES","ESCI","1,860","3.1","Q2","0.92","100"%,
"Tropical Medicine and Infectious Disease","TROP MED INFECT DIS","MDPI","N/A","2414-6366","INFECTIOUS DISEASES","SCIE","6,722","3.1","Q2","0.84","99.91"%,
"IMMUNOPHARMACOLOGY AND IMMUNOTOXICOLOGY","IMMUNOPHARM IMMUNOT","TAYLOR & FRANCIS LTD","0892-3973","1532-2513","PHARMACOLOGY & PHARMACY","SCIE","3,070","3.1","Q2","0.81","1.83"%,
"Tropical Diseases Travel Medicine and Vaccines","TROP DIS TRAVEL MED","SPRINGERNATURE","2055-0936","2055-0936","INFECTIOUS DISEASES","ESCI","644","3.1","Q2","0.81","100"%,
"AMERICAN JOURNAL OF PHARMACEUTICAL EDUCATION","AM J PHARM EDUC","ELSEVIER","0002-9459","1553-6467","PHARMACOLOGY & PHARMACY","SCIE","6,723","3.1","Q2","0.75","94.04"%,
"CLINICAL DRUG INVESTIGATION","CLIN DRUG INVEST","ADIS INT LTD","1173-2563","1179-1918","PHARMACOLOGY & PHARMACY","SCIE","3,039","3.1","Q2","0.68","44.64"%,
"Current Drug Delivery","CURR DRUG DELIV","BENTHAM SCIENCE PUBL LTD","1567-2018","1875-5704","PHARMACOLOGY & PHARMACY","SCIE","3,509","3.1","Q2","0.66","3.66"%,
"Journal of Dietary Supplements","J DIET SUPPL","TAYLOR & FRANCIS LTD","1939-0211","1939-022X","PHARMACOLOGY & PHARMACY","ESCI","1,463","3.1","Q2","0.6","18.87"%,
"JOURNAL OF MICROENCAPSULATION","J MICROENCAPSUL","TAYLOR & FRANCIS LTD","0265-2048","1464-5246","PHARMACOLOGY & PHARMACY","SCIE","3,051","3.1","Q2","0.6","1.49"%,
"MOLECULAR PHARMACOLOGY","MOL PHARMACOL","ELSEVIER","0026-895X","1521-0111","PHARMACOLOGY & PHARMACY","SCIE","11,944","3","Q2","0.79","26.15"%,
"Expert Opinion On Drug Safety","EXPERT OPIN DRUG SAF","TAYLOR & FRANCIS LTD","1474-0338","1744-764X","PHARMACOLOGY & PHARMACY","SCIE","6,175","3","Q2","0.75","2.02"%,
"BRITISH JOURNAL OF CLINICAL PHARMACOLOGY","BRIT J CLIN PHARMACO","WILEY","0306-5251","1365-2125","PHARMACOLOGY & PHARMACY","SCIE","19,109","3","Q2","0.73","48.21"%,
"INTERNATIONAL CLINICAL PSYCHOPHARMACOLOGY","INT CLIN PSYCHOPHARM","LIPPINCOTT WILLIAMS & WILKINS","0268-1315","1473-5857","PHARMACOLOGY & PHARMACY","SCIE","2,187","3","Q2","0.72","28.68"%,
"SEXUALLY TRANSMITTED INFECTIONS","SEX TRANSM INFECT","BMJ PUBLISHING GROUP","1368-4973","1472-3263","INFECTIOUS DISEASES","SCIE","4,312","3","Q2","0.68","33.74"%,
"Infectious Diseases Now","INFECT DIS NOW","ELSEVIER FRANCE-EDITIONS SCIENTIFIQUES MEDICALES ELSEVIER","2666-9927","2666-9919","INFECTIOUS DISEASES","SCIE","1,119","3","Q2","0.6","47.44"%,
"AIDS","AIDS","LIPPINCOTT WILLIAMS & WILKINS","0269-9370","1473-5571","INFECTIOUS DISEASES","SCIE","13,944","2.9","Q2","0.81","24.79"%,
"MICROBES AND INFECTION","MICROBES INFECT","ELSEVIER","1286-4579","1769-714X","INFECTIOUS DISEASES","SCIE","6,701","2.9","Q2","0.79","34.32"%,
"ALCOHOL","ALCOHOL","ELSEVIER SCIENCE INC","0741-8329","1873-6823","PHARMACOLOGY & PHARMACY","SCIE","3,173","2.9","Q2","0.75","21.4"%,
"PHARMACEUTICAL DEVELOPMENT AND TECHNOLOGY","PHARM DEV TECHNOL","TAYLOR & FRANCIS LTD","1083-7450","1097-9867","PHARMACOLOGY & PHARMACY","SCIE","4,117","2.9","Q2","0.75","3.42"%,
"CABI One Health","CABI ONE HEALTH","CABI PUBLISHING","N/A","2791-223X","INFECTIOUS DISEASES","ESCI","154","2.9","Q2","0.68","100"%,
"Advances in Pharmacological and Pharmaceutical Sciences","ADV PHARM PHARM SCI","WILEY","2633-4682","2633-4690","PHARMACOLOGY & PHARMACY","ESCI","847","2.9","Q2","0.67","100"%,
"PharmaNutrition","PHARMANUTRITION","ELSEVIER","2213-4344","2213-4344","PHARMACOLOGY & PHARMACY","ESCI","897","2.9","Q2","0.67","23.08"%,
"Fitoterapia","FITOTERAPIA","ELSEVIER","0367-326X","1873-6971","PHARMACOLOGY & PHARMACY","SCIE","12,475","2.9","Q2","0.65","8.69"%,
"JOURNAL OF CARDIOVASCULAR PHARMACOLOGY AND THERAPEUTICS","J CARDIOVASC PHARM T","SAGE PUBLICATIONS INC","1074-2484","1940-4034","PHARMACOLOGY & PHARMACY","SCIE","1,424","2.9","Q2","0.62","100"%,
"JOURNAL OF CLINICAL PSYCHOPHARMACOLOGY","J CLIN PSYCHOPHARM","LIPPINCOTT WILLIAMS & WILKINS","0271-0749","1533-712X","PHARMACOLOGY & PHARMACY","SCIE","4,724","2.9","Q2","0.61","19.25"%,
"CURRENT PHARMACEUTICAL BIOTECHNOLOGY","CURR PHARM BIOTECHNO","BENTHAM SCIENCE PUBL LTD","1389-2010","1873-4316","PHARMACOLOGY & PHARMACY","SCIE","5,388","2.9","Q2","0.44","1.38"%,
"CPT-Pharmacometrics & Systems Pharmacology","CPT-PHARMACOMET SYST","WILEY","2163-8306","2163-8306","PHARMACOLOGY & PHARMACY","SCIE","4,495","2.8","Q3","0.8","100"%,
"INTERNATIONAL JOURNAL OF IMMUNOPATHOLOGY AND PHARMACOLOGY","INT J IMMUNOPATH PH","SAGE PUBLICATIONS INC","0394-6320","2058-7384","PHARMACOLOGY & PHARMACY","SCIE","3,205","2.8","Q3","0.8","99.02"%,
"Cardiovascular Therapeutics","CARDIOVASC THER","WILEY","1755-5914","1755-5922","PHARMACOLOGY & PHARMACY","SCIE","1,832","2.8","Q3","0.79","100"%,
"Journal of Pharmacological Sciences","J PHARMACOL SCI","JAPANESE PHARMACOLOGICAL SOC","1347-8613","1347-8648","PHARMACOLOGY & PHARMACY","SCIE","4,858","2.8","Q3","0.77","99.26"%,
"PHARMACOGENOMICS JOURNAL","PHARMACOGENOMICS J","SPRINGERNATURE","1470-269X","1473-1150","PHARMACOLOGY & PHARMACY","SCIE","2,219","2.8","Q3","0.77","28.09"%,
"INFECTION GENETICS AND EVOLUTION","INFECT GENET EVOL","ELSEVIER","1567-1348","1567-7257","INFECTIOUS DISEASES","SCIE","10,573","2.8","Q2","0.76","100"%,
"TOXICON","TOXICON","PERGAMON-ELSEVIER SCIENCE LTD","0041-0101","1879-3150","PHARMACOLOGY & PHARMACY","SCIE","13,546","2.8","Q3","0.72","15.39"%,
"Dose-Response","DOSE-RESPONSE","SAGE PUBLICATIONS INC","1559-3258","1559-3258","PHARMACOLOGY & PHARMACY","SCIE","2,795","2.8","Q3","0.69","100"%,
"AIDS Research and Therapy","AIDS RES THER","BMC","1742-6405","1742-6405","INFECTIOUS DISEASES","SCIE","2,098","2.8","Q2","0.67","100"%,
"PHARMACOLOGY","PHARMACOLOGY","KARGER","0031-7012","1423-0313","PHARMACOLOGY & PHARMACY","SCIE","2,821","2.8","Q3","0.67","15.79"%,
"DARU-Journal of Pharmaceutical Sciences","DARU","SPRINGER INT PUBL AG","N/A","2008-2231","PHARMACOLOGY & PHARMACY","SCIE","2,214","2.8","Q3","0.6","13.01"%,
"Journal of Virus Eradication","J VIRUS ERAD","MEDISCRIPT LTD","2055-6640","2055-6659","INFECTIOUS DISEASES","SCIE","752","2.8","Q2","0.54","100"%,
"Revista Espanola de Quimioterapia","REV ESP QUIM","SOCIEDAD ESPANOLA QUIMIOTERAPIA","0214-3429","1988-9518","PHARMACOLOGY & PHARMACY","SCIE","1,220","2.8","Q3","0.46","99.41"%,
"Journal Of Bone And Joint Infection","J BONE JOINT INFECT","COPERNICUS GESELLSCHAFT MBH","N/A","2206-3552","INFECTIOUS DISEASES","ESCI","907","2.7","Q2","0.95","100"%,
"Therapeutic Advances in Chronic Disease","THER ADV CHRONIC DIS","SAGE PUBLICATIONS LTD","2040-6223","2040-6231","PHARMACOLOGY & PHARMACY","SCIE","2,395","2.7","Q3","0.65","100"%,
"FUNDAMENTAL & CLINICAL PHARMACOLOGY","FUND CLIN PHARMACOL","WILEY","0767-3981","1472-8206","PHARMACOLOGY & PHARMACY","SCIE","3,129","2.7","Q3","0.6","23.79"%,
"JOURNAL OF ANTIBIOTICS","J ANTIBIOT","SPRINGERNATURE","0021-8820","1881-1469","PHARMACOLOGY & PHARMACY","SCIE","8,922","2.7","Q3","0.57","11.79"%,
"Future Pharmacology","FUTURE PHARMACOL","MDPI","N/A","2673-9879","PHARMACOLOGY & PHARMACY","ESCI","526","2.7","Q3","0.48","100"%,
"Transboundary and Emerging Diseases","TRANSBOUND EMERG DIS","WILEY","1865-1674","1865-1682","INFECTIOUS DISEASES","SCIE","10,807","2.6","Q3","1.1","100"%,
"Zoonoses and Public Health","ZOONOSES PUBLIC HLTH","WILEY","1863-1959","1863-2378","INFECTIOUS DISEASES","SCIE","3,290","2.6","Q3","0.89","49.1"%,
"Infection Control & Hospital Epidemiology","INFECT CONT HOSP EP","CAMBRIDGE UNIV PRESS","0899-823X","1559-6834","INFECTIOUS DISEASES","SCIE","9,746","2.6","Q3","0.86","58.49"%,
"AMERICAN JOURNAL OF INFECTION CONTROL","AM J INFECT CONTROL","MOSBY-ELSEVIER","0196-6553","1527-3296","INFECTIOUS DISEASES","SCIE","9,564","2.6","Q3","0.78","17.52"%,
"Journal of Pharmaceutical Policy and Practice","J PHARM POLICY PRACT","TAYLOR & FRANCIS LTD","N/A","2052-3211","PHARMACOLOGY & PHARMACY","ESCI","2,129","2.6","Q3","0.74","100"%,
"Drug Testing and Analysis","DRUG TEST ANAL","WILEY","1942-7603","1942-7611","PHARMACOLOGY & PHARMACY","SCIE","4,496","2.6","Q3","0.68","43.78"%,
"DRUG DEVELOPMENT AND INDUSTRIAL PHARMACY","DRUG DEV IND PHARM","TAYLOR & FRANCIS LTD","0363-9045","1520-5762","PHARMACOLOGY & PHARMACY","SCIE","7,693","2.6","Q3","0.65","2.37"%,
"Journal of Natural Medicines","J NAT MED-TOKYO","SPRINGER JAPAN KK","1340-3443","1861-0293","PHARMACOLOGY & PHARMACY","SCIE","3,419","2.6","Q3","0.64","17.96"%,
"PHARMACOEPIDEMIOLOGY AND DRUG SAFETY","PHARMACOEPIDEM DR S","WILEY","1053-8569","1099-1557","PHARMACOLOGY & PHARMACY","SCIE","8,064","2.6","Q3","0.64","56.11"%,
"Infectious Disease Reports","INFECT DIS REP","MDPI","N/A","2036-7449","INFECTIOUS DISEASES","ESCI","1,235","2.6","Q3","0.61","99.68"%,
"Pharmacology Research & Perspectives","PHARMACOL RES PERSPE","WILEY","2052-1707","2052-1707","PHARMACOLOGY & PHARMACY","SCIE","3,403","2.6","Q3","0.61","100"%,
"Journal of Pharmaceutical Innovation","J PHARM INNOV","SPRINGER","1872-5120","1939-8042","PHARMACOLOGY & PHARMACY","SCIE","2,262","2.6","Q3","0.6","12.35"%,
"Current Radiopharmaceuticals","CURR RADIOPHARM","KEAI PUBLISHING LTD","1874-4710","1874-4729","PHARMACOLOGY & PHARMACY","SCIE","781","2.6","Q3","0.59","9.71"%,
"World Journal of Traditional Chinese Medicine","WORLD J TRAD CHINESE","WOLTERS KLUWER MEDKNOW PUBLICATIONS","2311-8571","2589-2894","PHARMACOLOGY & PHARMACY","ESCI","705","2.6","Q3","0.59","100"%,
"Exploratory Research in Clinical and Social Pharmacy","EXPLOR RES CLIN SOC","ELSEVIER","N/A","2667-2766","PHARMACOLOGY & PHARMACY","ESCI","1,305","2.6","Q3","0.58","100"%,
"Infection Prevention in Practice","INFECT PREV PRACT","ELSEVIER","2590-0889","2590-0889","INFECTIOUS DISEASES","ESCI","781","2.6","Q3","0.58","100"%,
"CLINICAL AND EXPERIMENTAL PHARMACOLOGY AND PHYSIOLOGY","CLIN EXP PHARMACOL P","WILEY","0305-1870","1440-1681","PHARMACOLOGY & PHARMACY","SCIE","5,778","2.5","Q3","0.79","11.4"%,
"Epidemiology & Infection","EPIDEMIOL INFECT","CAMBRIDGE UNIV PRESS","0950-2688","1469-4409","INFECTIOUS DISEASES","SCIE","10,149","2.5","Q3","0.7","100"%,
"KOREAN JOURNAL OF PHYSIOLOGY & PHARMACOLOGY","KOREAN J PHYSIOL PHA","KOREAN JOURNAL OF PHYSIOLOGY & PHARMACOLOGY","1226-4512","2093-3827","PHARMACOLOGY & PHARMACY","SCIE","1,772","2.5","Q3","0.67","100"%,
"Cannabis and Cannabinoid Research","CANNABIS CANNABINOID","SAGE PUBLICATIONS INC","2578-5125","2378-8763","PHARMACOLOGY & PHARMACY","SCIE","2,420","2.5","Q3","0.66","9.17"%,
"BioImpacts","BIOIMPACTS","TABRIZ UNIV MEDICAL SCIENCES & HEALTH SERVICES","2228-5652","2228-5660","PHARMACOLOGY & PHARMACY","SCIE","1,555","2.5","Q3","0.65","100"%,
"Infectious Diseases","INFECT DIS-NOR","TAYLOR & FRANCIS LTD","2374-4235","2374-4243","INFECTIOUS DISEASES","SCIE","2,404","2.5","Q3","0.64","29.49"%,
"Transplant Infectious Disease","TRANSPL INFECT DIS","WILEY","1398-2273","1399-3062","INFECTIOUS DISEASES","SCIE","4,040","2.5","Q3","0.63","40.2"%,
"CANCER CHEMOTHERAPY AND PHARMACOLOGY","CANCER CHEMOTH PHARM","SPRINGER","0344-5704","1432-0843","PHARMACOLOGY & PHARMACY","SCIE","8,961","2.5","Q3","0.58","34.66"%,
"DRUGS IN R&D","DRUGS R&D","SPRINGER INT PUBL AG","1174-5886","1179-6901","PHARMACOLOGY & PHARMACY","SCIE","1,363","2.5","Q3","0.55","100"%,
"JOURNAL OF CARDIOVASCULAR PHARMACOLOGY","J CARDIOVASC PHARM","LIPPINCOTT WILLIAMS & WILKINS","0160-2446","1533-4023","PHARMACOLOGY & PHARMACY","SCIE","5,670","2.5","Q3","0.55","15.89"%,
"ANNALS OF PHARMACOTHERAPY","ANN PHARMACOTHER","SAGE PUBLICATIONS INC","1060-0280","1542-6270","PHARMACOLOGY & PHARMACY","SCIE","7,022","2.5","Q3","0.43","5.83"%,
"CRITICAL REVIEWS IN THERAPEUTIC DRUG CARRIER SYSTEMS","CRIT REV THER DRUG","BEGELL HOUSE INC","0743-4863","2162-660X","PHARMACOLOGY & PHARMACY","SCIE","1,190","2.5","Q3","0.39","0"%,
"INTERNATIONAL JOURNAL OF PHARMACY PRACTICE","INT J PHARM PRACT","OXFORD UNIV PRESS","0961-7671","2042-7174","PHARMACOLOGY & PHARMACY","ESCI","1,924","2.5","Q3","0.39","45.02"%,
"Epidemics","EPIDEMICS-NETH","ELSEVIER","1755-4365","1878-0067","INFECTIOUS DISEASES","SCIE","1,741","2.4","Q3","0.76","100"%,
"PHARMACOLOGY BIOCHEMISTRY AND BEHAVIOR","PHARMACOL BIOCHEM BE","PERGAMON-ELSEVIER SCIENCE LTD","0091-3057","1873-5177","PHARMACOLOGY & PHARMACY","SCIE","10,045","2.4","Q3","0.73","17.58"%,
"Pharmacoeconomics-Open","PHARMACOECON-OPEN","SPRINGER INT PUBL AG","2509-4262","2509-4254","PHARMACOLOGY & PHARMACY","ESCI","1,214","2.4","Q3","0.72","100"%,
"Parasite Epidemiology and Control","PARASITE EPIDEM CONT","ELSEVIER","2405-6731","2405-6731","INFECTIOUS DISEASES","ESCI","987","2.4","Q3","0.7","100"%,
"Infection and Chemotherapy","INFECT CHEMOTHER","KOREAN SOC ANTIMICROBIAL THERAPY","2093-2340","2092-6448","INFECTIOUS DISEASES","ESCI","1,426","2.4","Q3","0.66","97.53"%,
"JOURNAL OF THE AMERICAN PHARMACISTS ASSOCIATION","J AM PHARM ASSOC","ELSEVIER","1544-3191","1544-3450","PHARMACOLOGY & PHARMACY","SCIE","4,478","2.4","Q3","0.63","8.27"%,
"Recent Patents on Anti-Cancer Drug Discovery","RECENT PAT ANTI-CANC","BENTHAM SCIENCE PUBL LTD","1574-8928","2212-3970","PHARMACOLOGY & PHARMACY","SCIE","1,217","2.4","Q3","0.59","7.02"%,
"Canadian Journal of Infectious Diseases & Medical Microbiology","CAN J INFECT DIS MED","WILEY","1712-9532","1918-1493","INFECTIOUS DISEASES","SCIE","2,314","2.4","Q3","0.56","100"%,
"CHIRALITY","CHIRALITY","WILEY","0899-0042","1520-636X","PHARMACOLOGY & PHARMACY","SCIE","3,342","2.4","Q3","0.56","28.26"%,
"Current Tropical Medicine Reports","CURR TROP MED REP","SPRINGER","N/A","2196-3045","INFECTIOUS DISEASES","ESCI","815","2.4","Q3","0.56","30"%,
"HIV AIDS-Research and Palliative Care","HIV AIDS-RES PALLIAT","DOVE MEDICAL PRESS LTD","1179-1373","1179-1373","INFECTIOUS DISEASES","ESCI","1,280","2.4","Q3","0.56","98.53"%,
"Integrated Pharmacy Research and Practice","INTEGR PHARM RES PRA","DOVE MEDICAL PRESS LTD","2230-5254","2230-5254","PHARMACOLOGY & PHARMACY","ESCI","580","2.4","Q3","0.55","100"%,
"Pharmacogenomics & Personalized Medicine","PHARMACOGEN PERS MED","DOVE MEDICAL PRESS LTD","N/A","1178-7066","PHARMACOLOGY & PHARMACY","SCIE","1,415","2.4","Q3","0.54","98.73"%,
"Translational and Clinical Pharmacology","TRANSL CLIN PHARMACO","KSCPT","2289-0882","2383-5427","PHARMACOLOGY & PHARMACY","ESCI","405","2.4","Q3","0.41","100"%,
"Current Vascular Pharmacology","CURR VASC PHARMACOL","BENTHAM SCIENCE PUBL LTD","1570-1611","1875-6212","PHARMACOLOGY & PHARMACY","SCIE","2,274","2.4","Q3","0.4","6.56"%,
"Current Infectious Disease Reports","CURR INFECT DIS REP","SPRINGER","1523-3847","1534-3146","INFECTIOUS DISEASES","SCIE","1,826","2.4","Q3","0.39","40.79"%,
"Canadian Pharmacists Journal","CAN PHARM J","UNIV TORONTO PRESS INC","1715-1635","1913-701X","PHARMACOLOGY & PHARMACY","ESCI","980","2.4","Q3","0.38","59.79"%,
"Drug Research","DRUG RES","GEORG THIEME VERLAG KG","2194-9379","2194-9387","PHARMACOLOGY & PHARMACY","ESCI","1,606","2.4","Q3","0.38","1.52"%,
"PEDIATRIC INFECTIOUS DISEASE JOURNAL","PEDIATR INFECT DIS J","LIPPINCOTT WILLIAMS & WILKINS","0891-3668","1532-0987","INFECTIOUS DISEASES","SCIE","11,289","2.3","Q3","0.77","17.98"%,
"JAIDS-JOURNAL OF ACQUIRED IMMUNE DEFICIENCY SYNDROMES","JAIDS-J ACQ IMM DEF","LIPPINCOTT WILLIAMS & WILKINS","1525-4135","1077-9450","INFECTIOUS DISEASES","SCIE","11,285","2.3","Q3","0.62","24.18"%,
"THERAPEUTIC DRUG MONITORING","THER DRUG MONIT","LIPPINCOTT WILLIAMS & WILKINS","0163-4356","1536-3694","PHARMACOLOGY & PHARMACY","SCIE","4,334","2.3","Q3","0.62","23.29"%,
"IJID Regions","IJID REG","ELSEVIER","N/A","2772-7076","INFECTIOUS DISEASES","ESCI","1,198","2.3","Q3","0.61","99.82"%,
"PHARMACOPSYCHIATRY","PHARMACOPSYCHIATRY","GEORG THIEME VERLAG KG","0176-3679","1439-0795","PHARMACOLOGY & PHARMACY","SCIE","1,909","2.3","Q3","0.61","17.24"%,
"JOURNAL OF VIRAL HEPATITIS","J VIRAL HEPATITIS","WILEY","1352-0504","1365-2893","INFECTIOUS DISEASES","SCIE","3,894","2.3","Q3","0.55","48.34"%,
"Journal of Clinical Tuberculosis and Other Mycobacterial Diseases","J CLIN TUBER OTH MYC","ELSEVIER","2405-5794","2405-5794","INFECTIOUS DISEASES","ESCI","1,165","2.3","Q3","0.54","100"%,
"EUROPEAN JOURNAL OF DRUG METABOLISM AND PHARMACOKINETICS","EUR J DRUG METAB PH","SPRINGER FRANCE","0378-7966","2107-0180","PHARMACOLOGY & PHARMACY","SCIE","1,853","2.3","Q3","0.53","29.41"%,
"Hygiene","HYGIENE-BASEL","MDPI","N/A","2673-947X","INFECTIOUS DISEASES","ESCI","256","2.3","Q3","0.44","100"%,
"Mediterranean Journal of Hematology and Infectious Diseases","MEDITERR J HEMATOL I","MATTIOLI 1885","N/A","2035-3006","INFECTIOUS DISEASES","SCIE","1,526","2.3","Q3","0.41","100"%,
"Prospects in Pharmaceutical Sciences","PROSPECT PHARM SCI","MEDICAL UNIV WARSAW","N/A","2957-0468","PHARMACOLOGY & PHARMACY","ESCI","237","2.3","Q3","0.39","89.4"%,
"CURRENT DRUG METABOLISM","CURR DRUG METAB","BENTHAM SCIENCE PUBL LTD","1389-2002","1875-5453","PHARMACOLOGY & PHARMACY","SCIE","4,527","2.3","Q3","0.33","6.04"%,
"JOURNAL OF OCULAR PHARMACOLOGY AND THERAPEUTICS","J OCUL PHARMACOL TH","SAGE PUBLICATIONS INC","1080-7683","1557-7732","PHARMACOLOGY & PHARMACY","SCIE","2,948","2.2","Q3","0.67","11.32"%,
"Drug Metabolism and Pharmacokinetics","DRUG METAB PHARMACOK","JAPANESE SOC STUDY XENOBIOTICS","1347-4367","1880-0920","PHARMACOLOGY & PHARMACY","SCIE","2,153","2.2","Q3","0.63","18.75"%,
"JOURNAL OF CLINICAL PHARMACOLOGY","J CLIN PHARMACOL","WILEY","0091-2700","1552-4604","PHARMACOLOGY & PHARMACY","SCIE","7,663","2.2","Q3","0.59","32.1"%,
"ENFERMEDADES INFECCIOSAS Y MICROBIOLOGIA CLINICA","ENFERM INFEC MICR CL","EDICIONES DOYMA S A","0213-005X","1578-1852","INFECTIOUS DISEASES","SCIE","2,099","2.2","Q3","0.55","15.79"%,
"BIOPHARMACEUTICS & DRUG DISPOSITION","BIOPHARM DRUG DISPOS","WILEY","0142-2782","1099-081X","PHARMACOLOGY & PHARMACY","SCIE","1,570","2.2","Q3","0.53","22.73"%,
"Expert Review of Pharmacoeconomics & Outcomes Research","EXPERT REV PHARM OUT","TAYLOR & FRANCIS LTD","1473-7167","1744-8379","PHARMACOLOGY & PHARMACY","SCIE","3,071","2.2","Q3","0.51","11.59"%,
"DRUG AND CHEMICAL TOXICOLOGY","DRUG CHEM TOXICOL","TAYLOR & FRANCIS LTD","0148-0545","1525-6014","PHARMACOLOGY & PHARMACY","SCIE","3,220","2.2","Q3","0.47","2.01"%,
"Pharmacy","PHARMACY-BASEL","MDPI","N/A","2226-4787","PHARMACOLOGY & PHARMACY","ESCI","3,081","2.2","Q3","0.44","100"%,
"Drugs in Context","DRUGS CONTEXT","BIOEXCEL PUBL LTD","N/A","1740-4398","PHARMACOLOGY & PHARMACY","ESCI","1,439","2.2","Q3","0.38","97.48"%,
"Current Reviews in Clinical and Experimental Pharmacology","CURR REV CLIN EXP PH","BENTHAM SCIENCE PUBL LTD","2772-4328","2772-4336","PHARMACOLOGY & PHARMACY","ESCI","243","2.2","Q3","0.36","5.88"%,
"Journal of the International Association of Providers of AIDS Care","J INT ASSOC PRO AIDS","SAGE PUBLICATIONS INC","2325-9574","2325-9582","INFECTIOUS DISEASES","ESCI","1,068","2.1","Q3","0.57","100"%,
"JOURNAL OF PHARMACOLOGICAL AND TOXICOLOGICAL METHODS","J PHARMACOL TOX MET","ELSEVIER SCIENCE INC","1056-8719","1873-488X","PHARMACOLOGY & PHARMACY","SCIE","2,615","2.1","Q3","0.54","23.78"%,
"HIV Research & Clinical Practice","HIV RES CLIN PRACT","TAYLOR & FRANCIS LTD","2578-7489","2578-7470","INFECTIOUS DISEASES","SCIE","232","2.1","Q3","0.53","100"%,
"HIV Research & Clinical Practice","HIV RES CLIN PRACT","TAYLOR & FRANCIS LTD","2578-7489","2578-7470","PHARMACOLOGY & PHARMACY","SCIE","232","2.1","Q3","0.53","100"%,
"JOURNAL OF CHEMOTHERAPY","J CHEMOTHERAPY","TAYLOR & FRANCIS LTD","1120-009X","1973-9478","INFECTIOUS DISEASES","SCIE","1,871","2.1","Q3","0.53","4.68"%,
"JOURNAL OF CHEMOTHERAPY","J CHEMOTHERAPY","TAYLOR & FRANCIS LTD","1120-009X","1973-9478","PHARMACOLOGY & PHARMACY","SCIE","1,871","2.1","Q3","0.53","4.68"%,
"BIOLOGICALS","BIOLOGICALS","ACADEMIC PRESS LTD- ELSEVIER SCIENCE LTD","1045-1056","1095-8320","PHARMACOLOGY & PHARMACY","SCIE","1,786","2.1","Q3","0.51","44.63"%,
"THERAPIE","THERAPIE","ELSEVIER","0040-5957","1958-5578","PHARMACOLOGY & PHARMACY","SCIE","1,408","2.1","Q3","0.5","23.98"%,
"PLANTA MEDICA","PLANTA MED","GEORG THIEME VERLAG KG","0032-0943","1439-0221","PHARMACOLOGY & PHARMACY","SCIE","12,125","2.1","Q3","0.47","9.92"%,
"ZEITSCHRIFT FUR NATURFORSCHUNG SECTION C-A JOURNAL OF BIOSCIENCES","Z NATURFORSCH C","WALTER DE GRUYTER GMBH","0939-5075","1865-7125","PHARMACOLOGY & PHARMACY","SCIE","3,637","2.1","Q3","0.47","7.48"%,
"Clinical Pharmacology-Advances and Applications","CLIN PHARMACOL-ADV A","DOVE MEDICAL PRESS LTD","1179-1438","1179-1438","PHARMACOLOGY & PHARMACY","ESCI","532","2.1","Q3","0.44","100"%,
"Therapeutic Innovation & Regulatory Science","THER INNOV REGUL SCI","SPRINGER HEIDELBERG","2168-4790","2168-4804","PHARMACOLOGY & PHARMACY","SCIE","2,132","2.1","Q3","0.44","46.65"%,
"AIDS Research and Treatment","AIDS RES TREAT","WILEY","2090-1240","2090-1259","INFECTIOUS DISEASES","ESCI","464","2.1","Q3","0.42","100"%,
"Infectious Microbes & Diseases","INFECT MICROBE DIS","LIPPINCOTT WILLIAMS & WILKINS","N/A","2641-5917","INFECTIOUS DISEASES","ESCI","232","2.1","Q3","0.26","100"%,
"ANTI-CANCER DRUGS","ANTI-CANCER DRUG","LIPPINCOTT WILLIAMS & WILKINS","0959-4973","1473-5741","PHARMACOLOGY & PHARMACY","SCIE","4,071","2","Q3","0.56","27.32"%,
"Drugs-Real World Outcomes","DRUGS-REAL WOR OUTC","SPRINGERNATURE","2199-1154","2198-9788","PHARMACOLOGY & PHARMACY","ESCI","798","2","Q3","0.56","100"%,
"Sexual Health","SEX HEALTH","CSIRO PUBLISHING","1448-5028","1449-8987","INFECTIOUS DISEASES","SCIE","1,897","2","Q3","0.51","53.31"%,
"Brazilian Journal of Infectious Diseases","BRAZ J INFECT DIS","ELSEVIER BRAZIL","1413-8670","1678-4391","INFECTIOUS DISEASES","SCIE","2,291","2","Q3","0.49","100"%,
"HUMAN PSYCHOPHARMACOLOGY-CLINICAL AND EXPERIMENTAL","HUM PSYCHOPHARM CLIN","WILEY","0885-6222","1099-1077","PHARMACOLOGY & PHARMACY","SCIE","1,724","2","Q3","0.49","53.13"%,
"Endocrine Metabolic & Immune Disorders-Drug Targets","ENDOCR METAB IMMUNE","BENTHAM SCIENCE PUBL LTD","1871-5303","2212-3873","PHARMACOLOGY & PHARMACY","SCIE","2,919","2","Q3","0.4","17.09"%,
"AIDS REVIEWS","AIDS REV","PERMANYER PUBL","1139-6121","1698-6997","INFECTIOUS DISEASES","SCIE","526","2","Q3","0.39","0"%,
"Contemporary Clinical Trials","CONTEMP CLIN TRIALS","ELSEVIER SCIENCE INC","1551-7144","1559-2030","PHARMACOLOGY & PHARMACY","SCIE","6,350","1.9","Q3","0.51","25.66"%,
"SEXUALLY TRANSMITTED DISEASES","SEX TRANSM DIS","LIPPINCOTT WILLIAMS & WILKINS","0148-5717","1537-4521","INFECTIOUS DISEASES","SCIE","5,228","1.9","Q3","0.49","15.75"%,
"Journal of Applied Biomedicine","J APPL BIOMED","UNIV SOUTH BOHEMIA","1214-021X","1214-0287","PHARMACOLOGY & PHARMACY","SCIE","763","1.9","Q3","0.48","100"%,
"AMERICAN JOURNAL OF HEALTH-SYSTEM PHARMACY","AM J HEALTH-SYST PH","OXFORD UNIV PRESS INC","1079-2082","1535-2900","PHARMACOLOGY & PHARMACY","SCIE","6,487","1.9","Q3","0.44","7.71"%,
"Neuropsychopharmacology Reports","NEUROPSYCHOPHARM REP","WILEY","N/A","2574-173X","PHARMACOLOGY & PHARMACY","ESCI","1,033","1.9","Q3","0.44","100"%,
"Antimicrobial Stewardship & Healthcare Epidemiology","ANTIMICROB STEWARD H","CAMBRIDGE UNIV PRESS","N/A","2732-494X","INFECTIOUS DISEASES","ESCI","1,328","1.9","Q3","0.4","99.86"%,
"Rare Disease and Orphan Drugs Journal","RARE DIS ORPH DRUG J","OAE PUBLISHING INC","N/A","2771-2893","PHARMACOLOGY & PHARMACY","ESCI","122","1.9","Q3","0.3","74.12"%,
"JOURNAL OF CHILD AND ADOLESCENT PSYCHOPHARMACOLOGY","J CHILD ADOL PSYCHOP","SAGE PUBLICATIONS INC","1044-5463","1557-8992","PHARMACOLOGY & PHARMACY","SCIE","3,057","1.8","Q3","0.72","8.82"%,
"VECTOR-BORNE AND ZOONOTIC DISEASES","VECTOR-BORNE ZOONOT","SAGE PUBLICATIONS INC","1530-3667","1557-7759","INFECTIOUS DISEASES","SCIE","4,435","1.8","Q3","0.53","15.07"%,
"CANADIAN JOURNAL OF PHYSIOLOGY AND PHARMACOLOGY","CAN J PHYSIOL PHARM","CANADIAN SCIENCE PUBLISHING","0008-4212","1205-7541","PHARMACOLOGY & PHARMACY","SCIE","4,274","1.8","Q3","0.51","40.57"%,
"Microbial Drug Resistance","MICROB DRUG RESIST","SAGE PUBLICATIONS INC","1076-6294","1931-8448","INFECTIOUS DISEASES","SCIE","3,732","1.8","Q3","0.51","5.23"%,
"Microbial Drug Resistance","MICROB DRUG RESIST","SAGE PUBLICATIONS INC","1076-6294","1931-8448","PHARMACOLOGY & PHARMACY","SCIE","3,732","1.8","Q3","0.51","5.23"%,
"BIOLOGICAL & PHARMACEUTICAL BULLETIN","BIOL PHARM BULL","PHARMACEUTICAL SOC JAPAN","0918-6158","1347-5215","PHARMACOLOGY & PHARMACY","SCIE","10,957","1.8","Q3","0.48","98.4"%,
"DIAGNOSTIC MICROBIOLOGY AND INFECTIOUS DISEASE","DIAGN MICR INFEC DIS","ELSEVIER SCIENCE INC","0732-8893","1879-0070","INFECTIOUS DISEASES","SCIE","6,820","1.8","Q3","0.48","25.05"%,
"ACTA PHARMACEUTICA","ACTA PHARMACEUT","Paradigm Publishing Services-De Gruyter Brill Sp Zoo","1330-0075","1846-9558","PHARMACOLOGY & PHARMACY","SCIE","1,492","1.8","Q3","0.45","100"%,
"ASSAY AND DRUG DEVELOPMENT TECHNOLOGIES","ASSAY DRUG DEV TECHN","SAGE PUBLICATIONS INC","1540-658X","1557-8127","PHARMACOLOGY & PHARMACY","SCIE","1,276","1.8","Q3","0.43","2"%,
"Pharmaceutical Sciences","PHARM SCI-IRAN","TABRIZ UNIV MEDICAL SCIENCES, FAC PHARMACY","1735-403X","2383-2886","PHARMACOLOGY & PHARMACY","ESCI","646","1.8","Q3","0.42","99.25"%,
"SOUTHERN AFRICAN JOURNAL OF HIV MEDICINE","S AFR J HIV MED","AOSIS","1608-9693","2078-6751","INFECTIOUS DISEASES","SCIE","598","1.8","Q3","0.4","100"%,
"JOURNAL OF INTERNATIONAL MEDICAL RESEARCH","J INT MED RES","SAGE PUBLICATIONS LTD","0300-0605","1473-2300","PHARMACOLOGY & PHARMACY","SCIE","11,822","1.8","Q3","0.34","99.93"%,
"GERMS","GERMS","MDPI","2248-2997","2248-2997","INFECTIOUS DISEASES","ESCI","656","1.8","Q3","0.32","36"%,
"Current Pharmacology Reports","CURR PHARMACOL REP","SPRINGERNATURE","N/A","2198-641X","PHARMACOLOGY & PHARMACY","ESCI","933","1.8","Q3","0.29","10.08"%,
"Surgical Infections","SURG INFECT","SAGE PUBLICATIONS INC","1096-2964","1557-8674","INFECTIOUS DISEASES","SCIE","3,475","1.7","Q4","0.54","5.41"%,
"JOURNAL OF INFECTION AND CHEMOTHERAPY","J INFECT CHEMOTHER","ELSEVIER","1341-321X","1437-7780","INFECTIOUS DISEASES","SCIE","4,876","1.7","Q4","0.52","11.06"%,
"JOURNAL OF INFECTION AND CHEMOTHERAPY","J INFECT CHEMOTHER","ELSEVIER","1341-321X","1437-7780","PHARMACOLOGY & PHARMACY","SCIE","4,876","1.7","Q3","0.52","11.06"%,
"Clinical Pharmacology in Drug Development","CLIN PHARM DRUG DEV","WILEY","2160-7648","2160-7648","PHARMACOLOGY & PHARMACY","SCIE","1,912","1.7","Q3","0.49","47.75"%,
"CANCER BIOTHERAPY AND RADIOPHARMACEUTICALS","CANCER BIOTHER RADIO","SAGE PUBLICATIONS INC","1084-9785","1557-8852","PHARMACOLOGY & PHARMACY","SCIE","2,507","1.7","Q3","0.46","7.65"%,
"BIOMEDICAL CHROMATOGRAPHY","BIOMED CHROMATOGR","WILEY","0269-3879","1099-0801","PHARMACOLOGY & PHARMACY","SCIE","5,800","1.7","Q3","0.44","6.92"%,
"Iranian Journal of Pharmaceutical Research","IRAN J PHARM RES","BRIEFLANDS","1735-0328","1726-6890","PHARMACOLOGY & PHARMACY","SCIE","3,959","1.7","Q3","0.41","99.57"%,
"COMBINATORIAL CHEMISTRY & HIGH THROUGHPUT SCREENING","COMB CHEM HIGH T SCR","BENTHAM SCIENCE PUBL LTD","1386-2073","1875-5402","PHARMACOLOGY & PHARMACY","SCIE","2,957","1.7","Q3","0.38","10.37"%,
"Journal of the American College of Clinical Pharmacy","J AM COLL CLIN PHARM","WILEY","N/A","2574-9870","PHARMACOLOGY & PHARMACY","ESCI","1,379","1.7","Q3","0.37","27.73"%,
"Revista Brasileira de Farmacognosia-Brazilian Journal of Pharmacognosy","REV BRAS FARMACOGN","SPRINGERNATURE","0102-695X","1981-528X","PHARMACOLOGY & PHARMACY","SCIE","3,391","1.7","Q3","0.32","10.56"%,
"FARMACIA HOSPITALARIA","FARM HOSP","ELSEVIER SCIENCE INC","1130-6343","2171-8695","PHARMACOLOGY & PHARMACY","ESCI","755","1.7","Q3","0.25","65.79"%,
"EXPERIMENTAL AND CLINICAL PSYCHOPHARMACOLOGY","EXP CLIN PSYCHOPHARM","AMER PSYCHOLOGICAL ASSOC","1064-1297","1936-2293","PHARMACOLOGY & PHARMACY","SCIE","2,965","1.6","Q4","0.65","67.03"%,
"Turkish Journal of Pharmaceutical Sciences","TURK J PHARM SCI","GALENOS PUBL HOUSE","1304-530X","2148-6247","PHARMACOLOGY & PHARMACY","ESCI","1,402","1.6","Q4","0.46","100"%,
"Pharmacogenetics and Genomics","PHARMACOGENET GENOM","LIPPINCOTT WILLIAMS & WILKINS","1744-6872","1744-6880","PHARMACOLOGY & PHARMACY","SCIE","2,289","1.6","Q4","0.43","11.76"%,
"PHARMACOGENOMICS","PHARMACOGENOMICS","TAYLOR & FRANCIS LTD","1462-2416","1744-8042","PHARMACOLOGY & PHARMACY","SCIE","3,073","1.6","Q4","0.4","7.33"%,
"FARMACIA","FARMACIA","SOC STIINTE FARMACEUTICE ROMANIA","0014-8237","2065-0019","PHARMACOLOGY & PHARMACY","SCIE","1,467","1.6","Q4","0.37","88.5"%,
"INTERNATIONAL JOURNAL OF MEDICINAL MUSHROOMS","INT J MED MUSHROOMS","BEGELL HOUSE INC","1521-9437","1940-4344","PHARMACOLOGY & PHARMACY","SCIE","2,135","1.6","Q4","0.35","0.43"%,
"INTERNATIONAL JOURNAL OF STD & AIDS","INT J STD AIDS","SAGE PUBLICATIONS LTD","0956-4624","1758-1052","INFECTIOUS DISEASES","SCIE","3,282","1.6","Q4","0.35","12.61"%,
"JOURNAL OF ASIAN NATURAL PRODUCTS RESEARCH","J ASIAN NAT PROD RES","TAYLOR & FRANCIS LTD","1028-6020","1477-2213","PHARMACOLOGY & PHARMACY","SCIE","3,293","1.6","Q4","0.35","0"%,
"Traditional & Kampo Medicine","TRADIT KAMPO MED","WILEY","N/A","2053-4515","PHARMACOLOGY & PHARMACY","ESCI","212","1.6","Q4","0.31","29.07"%,
"Pharmacoepidemiology","PHARMACOEPIDEM-BASEL","MDPI","N/A","2813-0618","PHARMACOLOGY & PHARMACY","ESCI","105","1.6","Q4","0.29","100"%,
"Psychiatry and Clinical Psychopharmacology","PSYCHIAT CLIN PSYCH","AVES","2475-0573","2475-0581","PHARMACOLOGY & PHARMACY","SCIE","794","1.6","Q4","0.26","97.4"%,
"PHARMACEUTICAL STATISTICS","PHARM STAT","WILEY","1539-1604","1539-1612","PHARMACOLOGY & PHARMACY","SCIE","2,695","1.5","Q4","0.52","26.85"%,
"European Journal of Hospital Pharmacy","EUR J HOSP PHARM","BMJ PUBLISHING GROUP","2047-9956","2047-9964","PHARMACOLOGY & PHARMACY","SCIE","1,539","1.5","Q4","0.39","14.96"%,
"XENOBIOTICA","XENOBIOTICA","TAYLOR & FRANCIS LTD","0049-8254","1366-5928","PHARMACOLOGY & PHARMACY","SCIE","3,208","1.5","Q4","0.39","4.44"%,
"PHARMACIA","PHARMACIA","PENSOFT PUBLISHERS","0428-0296","2603-557X","PHARMACOLOGY & PHARMACY","ESCI","1,213","1.5","Q4","0.35","98.42"%,
"CHEMICAL & PHARMACEUTICAL BULLETIN","CHEM PHARM BULL","PHARMACEUTICAL SOC JAPAN","0009-2363","N/A","PHARMACOLOGY & PHARMACY","SCIE","10,698","1.5","Q4","0.3","97.66"%,
"Journal of Anaesthesiology Clinical Pharmacology","J ANAESTH CLIN PHARM","WOLTERS KLUWER MEDKNOW PUBLICATIONS","0970-9185","2231-2730","PHARMACOLOGY & PHARMACY","ESCI","2,191","1.5","Q4","0.3","100"%,
"JOURNAL OF PHARMACY TECHNOLOGY","J PHARM TECHNOL","SAGE PUBLICATIONS INC","8755-1225","1549-4810","PHARMACOLOGY & PHARMACY","ESCI","659","1.5","Q4","0.27","8.66"%,
"Recent Advances in Inflammation & Allergy Drug Discovery","RECENT ADV INFLAMM A","BENTHAM SCIENCE PUBL LTD","2772-2708","2772-2716","PHARMACOLOGY & PHARMACY","ESCI","136","1.5","Q4","0.24","4.94"%,
"Expert Review of Precision Medicine and Drug Development","EXPERT REV PRECIS ME","TAYLOR & FRANCIS LTD","2380-8993","2380-8993","PHARMACOLOGY & PHARMACY","ESCI","278","1.5","Q4","0.15","20"%,
"JOURNAL OF VETERINARY PHARMACOLOGY AND THERAPEUTICS","J VET PHARMACOL THER","WILEY","0140-7783","1365-2885","PHARMACOLOGY & PHARMACY","SCIE","2,689","1.4","Q4","0.55","38.42"%,
"BEHAVIOURAL PHARMACOLOGY","BEHAV PHARMACOL","LIPPINCOTT WILLIAMS & WILKINS","0955-8810","1473-5849","PHARMACOLOGY & PHARMACY","SCIE","2,344","1.4","Q4","0.47","3.36"%,
"Communicable Diseases Intelligence","COMMUN DIS INTELL","AUSTRALIAN GOVERNMENT, DEPT HEALTH & AGEING","N/A","2209-6051","INFECTIOUS DISEASES","ESCI","784","1.4","Q4","0.4","99.34"%,
"JOURNAL OF VECTOR BORNE DISEASES","J VECTOR DIS","WOLTERS KLUWER MEDKNOW PUBLICATIONS","0972-9062","0972-9062","INFECTIOUS DISEASES","SCIE","1,178","1.4","Q4","0.37","99.53"%,
"CHEMOTHERAPY","CHEMOTHERAPY","KARGER","0009-3157","1421-9794","PHARMACOLOGY & PHARMACY","SCIE","1,311","1.4","Q4","0.34","11.11"%,
"International Journal of One Health","INT J ONE HEALTH","VETERINARY WORLD","2455-5673","2455-8931","INFECTIOUS DISEASES","ESCI","205","1.4","Q4","0.32","93.15"%,
"Advances in Traditional Medicine","ADV TRADIT MED","SPRINGER","2662-4052","2662-4060","PHARMACOLOGY & PHARMACY","ESCI","799","1.4","Q4","0.31","12.7"%,
"Journal of the Association of Medical Microbiology and Infectious Disease Canada (JAMMI)","JAMMI-J ASSOC MED M","UNIV TORONTO PRESS INC","N/A","2371-0888","INFECTIOUS DISEASES","ESCI","292","1.4","Q4","0.29","1.98"%,
"Zoonotic Diseases","ZOONOTIC DIS-BASEL","MDPI","N/A","2813-0227","INFECTIOUS DISEASES","ESCI","142","1.4","Q4","0.29","100"%,
"Journal of Biopharmaceutical Statistics","J BIOPHARM STAT","TAYLOR & FRANCIS INC","1054-3406","1520-5711","PHARMACOLOGY & PHARMACY","SCIE","1,845","1.3","Q4","0.59","4.09"%,
"REVISTA DO INSTITUTO DE MEDICINA TROPICAL DE SAO PAULO","REV INST MED TROP SP","INST MEDICINA TROPICAL SAO PAULO","0036-4665","1678-9946","INFECTIOUS DISEASES","SCIE","2,214","1.3","Q4","0.42","99.06"%,
"International Journal of Mycobacteriology","INT J MYCOBACT","WOLTERS KLUWER MEDKNOW PUBLICATIONS","2212-5531","2212-554X","INFECTIOUS DISEASES","ESCI","1,057","1.3","Q4","0.37","99.53"%,
"Journal of Pharmaceutical Health Care and Sciences","J PHARM HEALTH CARE","BMC","2055-0294","2055-0294","PHARMACOLOGY & PHARMACY","ESCI","622","1.3","Q4","0.37","100"%,
"Journal of Infection in Developing Countries","J INFECT DEV COUNTR","J INFECTION DEVELOPING COUNTRIES","1972-2680","1972-2680","INFECTIOUS DISEASES","SCIE","3,954","1.3","Q4","0.36","99.49"%,
"Drug Discoveries and Therapeutics","DRUG DISCOV THER","INT RESEARCH & COOPERATION ASSOC BIO & SOCIO-SCIENCES ADVANCEMENT","1881-7831","1881-784X","PHARMACOLOGY & PHARMACY","ESCI","1,084","1.3","Q4","0.34","99.38"%,
"Annales Pharmaceutiques Francaises","ANN PHARM FR","MASSON EDITEUR","0003-4509","0003-4509","PHARMACOLOGY & PHARMACY","ESCI","888","1.3","Q4","0.32","1.62"%,
"LEPROSY REVIEW","LEPROSY REV","LEPRA","0305-7518","2162-8807","INFECTIOUS DISEASES","SCIE","841","1.3","Q4","0.32","99.04"%,
"Jundishapur Journal of Natural Pharmaceutical Products","JUNDISHAPUR J NAT PH","BRIEFLANDS","1735-7780","2228-7876","PHARMACOLOGY & PHARMACY","ESCI","749","1.3","Q4","0.31","97.27"%,
"INTERNATIONAL JOURNAL OF TOXICOLOGY","INT J TOXICOL","SAGE PUBLICATIONS INC","1091-5818","1092-874X","PHARMACOLOGY & PHARMACY","SCIE","2,594","1.3","Q4","0.3","9.31"%,
"Journal of Global Infectious Diseases","J GLOB INFECT DIS","WOLTERS KLUWER MEDKNOW PUBLICATIONS","0974-777X","0974-8245","INFECTIOUS DISEASES","ESCI","1,071","1.3","Q4","0.29","100"%,
"JOURNAL OF ONCOLOGY PHARMACY PRACTICE","J ONCOL PHARM PRACT","SAGE PUBLICATIONS LTD","1078-1552","1477-092X","PHARMACOLOGY & PHARMACY","SCIE","3,086","1.3","Q4","0.23","11.49"%,
"CANADIAN JOURNAL OF HOSPITAL PHARMACY","CAN J HOSP PHARM","CANADIAN SOC HEALTHCARE SYSTEM PHARMACY-CSHP","0008-4123","0008-4123","PHARMACOLOGY & PHARMACY","ESCI","911","1.3","Q4","0.19","0"%,
"Personalized Medicine","PERS MED","TAYLOR & FRANCIS LTD","1741-0541","1744-828X","PHARMACOLOGY & PHARMACY","SCIE","927","1.2","Q4","0.35","8.94"%,
"Southern African Journal of Infectious Diseases","SOUTH AFR J INFECT D","AOSIS","2312-0053","2313-1810","INFECTIOUS DISEASES","ESCI","380","1.2","Q4","0.33","98.9"%,
"Current Drug Safety","CURR DRUG SAF","BENTHAM SCIENCE PUBL","1574-8863","2212-3911","PHARMACOLOGY & PHARMACY","ESCI","954","1.2","Q4","0.3","2.9"%,
"Reviews on Recent Clinical Trials","REV RECENT CLIN TRIA","BENTHAM SCIENCE PUBL LTD","1574-8871","1876-1038","PHARMACOLOGY & PHARMACY","ESCI","665","1.2","Q4","0.26","4"%,
"INDIAN JOURNAL OF PHARMACOLOGY","INDIAN J PHARMACOL","WOLTERS KLUWER MEDKNOW PUBLICATIONS","0253-7613","1998-3751","PHARMACOLOGY & PHARMACY","SCIE","2,418","1.2","Q4","0.25","89.6"%,
"CLINICAL NEUROPHARMACOLOGY","CLIN NEUROPHARMACOL","LIPPINCOTT WILLIAMS & WILKINS","0362-5664","1537-162X","PHARMACOLOGY & PHARMACY","SCIE","1,874","1.2","Q4","0.23","6.78"%,
"JOURNAL OF CLINICAL PHARMACY AND THERAPEUTICS","J CLIN PHARM THER","WILEY","0269-4727","1365-2710","PHARMACOLOGY & PHARMACY","SCIE","4,256","1.1","Q4","0.41","100"%,
"JAPANESE JOURNAL OF INFECTIOUS DISEASES","JPN J INFECT DIS","NATL INST INFECTIOUS DISEASES","1344-6304","1884-2836","INFECTIOUS DISEASES","SCIE","1,767","1.1","Q4","0.37","89.94"%,
"Journal of Clinical Virology Plus","J CLIN VIROL PLUS","ELSEVIER","2667-0380","2667-0380","INFECTIOUS DISEASES","ESCI","182","1.1","Q4","0.35","100"%,
"International Journal of Pharmaceutical Investigation","INT J PHARM INVESTIG","INPHARM ASSOC, PHCOG NET","2230-973X","2230-9713","PHARMACOLOGY & PHARMACY","ESCI","1,375","1.1","Q4","0.2","65.66"%,
"Infectious Diseases and Clinical Microbiology","INFECT DIS CLIN MICR","DOC DESIGN INFORMATICS CO LTD","2667-646X","2667-646X","INFECTIOUS DISEASES","ESCI","165","1.1","Q4","0.19","96.24"%,
"MEDICAL LETTER ON DRUGS AND THERAPEUTICS","MED LETT DRUGS THER","MED LETTER INC","0025-732X","1523-2859","PHARMACOLOGY & PHARMACY","SCIE","398","1.1","Q4","0.14","0"%,
"AIDS RESEARCH AND HUMAN RETROVIRUSES","AIDS RES HUM RETROV","SAGE PUBLICATIONS INC","0889-2229","1931-8405","INFECTIOUS DISEASES","SCIE","3,024","1","Q4","0.31","8.98"%,
"Journal of Pharmacy & Pharmacognosy Research","J PHARM PHARMACOGN R","JOURNAL PHARMACY & PHARMACOGNOSY RESEARCH-JPPRES","0719-4250","0719-4250","PHARMACOLOGY & PHARMACY","ESCI","691","1","Q4","0.3","97.14"%,
"JOURNAL OF HERBS SPICES AND MEDICINAL PLANTS","J HERBS SPICES MED P","TAYLOR & FRANCIS LTD","1049-6475","1540-3580","PHARMACOLOGY & PHARMACY","ESCI","568","1","Q4","0.28","0.95"%,
"JOURNAL OF PHARMACY PRACTICE","J PHARM PRACT","SAGE PUBLICATIONS INC","0897-1900","1531-1937","PHARMACOLOGY & PHARMACY","ESCI","1,861","1","Q4","0.24","6.17"%,
"Journal of Infection Prevention","J INFECT PREVENT","SAGE PUBLICATIONS LTD","1757-1774","1757-1782","INFECTIOUS DISEASES","ESCI","471","1","Q4","0.23","25.56"%,
"JOURNAL OF PHARMACY PRACTICE AND RESEARCH","J PHARM PRACT RES","WILEY","1445-937X","2055-2335","PHARMACOLOGY & PHARMACY","ESCI","550","1","Q4","0.23","58.62"%,
"Research Journal of Pharmacognosy","RES J PHARMACOGN","IRANIAN SOC PHARMACOGNOSY","2345-4458","2345-5977","PHARMACOLOGY & PHARMACY","ESCI","540","1","Q4","0.2","0"%,
"Journal of Pharmacology & Pharmacotherapeutics","J PHARMACOL PHARMACO","SAGE PUBLICATIONS INC","0976-500X","0976-5018","PHARMACOLOGY & PHARMACY","ESCI","1,621","1","Q4","0.19","97.56"%,
"Indian Journal of Pharmaceutical Education and Research","INDIAN J PHARM EDUC","ASSOC PHARMACEUTICAL TEACHERS INDIA","0019-5464","0019-5464","PHARMACOLOGY & PHARMACY","SCIE","1,874","0.9","Q4","0.28","83.94"%,
"IDCases","IDCASES","ELSEVIER SCI LTD","2214-2509","2214-2509","INFECTIOUS DISEASES","ESCI","1,742","0.9","Q4","0.25","100"%,
"INTERNATIONAL JOURNAL OF CLINICAL PHARMACOLOGY AND THERAPEUTICS","INT J CLIN PHARM TH","DUSTRI-VERLAG DR KARL FEISTLE","0946-1965","0946-1965","PHARMACOLOGY & PHARMACY","SCIE","1,579","0.9","Q4","0.25","0"%,
"Brazilian Journal of Pharmaceutical Sciences","BRAZ J PHARM SCI","UNIV SAO PAULO, CONJUNTO QUIMICAS","1984-8250","2175-9790","PHARMACOLOGY & PHARMACY","SCIE","2,434","0.9","Q4","0.24","97.04"%,
"Pharmacognosy Research","PHARMACOGN RES","PHCOG NET","0974-8490","0976-4836","PHARMACOLOGY & PHARMACY","ESCI","1,624","0.9","Q4","0.23","98.26"%,
"Advances in Pharmacology and Pharmacy","ADV PHARMACOL PHARM","HORIZON RESEARCH PUBLISHING","2332-0036","2332-0044","PHARMACOLOGY & PHARMACY","ESCI","138","0.9","Q4","0.21","100"%,
"DISSOLUTION TECHNOLOGIES","DISSOLUT TECHNOL","DISSOLUTION TECHNOLOGIES, INC","1521-298X","2376-869X","PHARMACOLOGY & PHARMACY","SCIE","495","0.9","Q4","0.21","0"%,
"HOSPITAL PHARMACY","HOSP PHARM","SAGE PUBLICATIONS INC","0018-5787","1945-1253","PHARMACOLOGY & PHARMACY","ESCI","1,240","0.9","Q4","0.18","7.08"%,
"Egyptian Pharmaceutical Journal","EGYPT PHARM J","National Information & Documentation Centre-NIDOC","1687-4315","2090-9853","PHARMACOLOGY & PHARMACY","ESCI","371","0.9","Q4","0.17","22.34"%,
"PHARMACEUTICAL CHEMISTRY JOURNAL","PHARM CHEM J+","SPRINGER","0091-150X","1573-9031","PHARMACOLOGY & PHARMACY","SCIE","2,481","0.8","Q4","0.21","0.15"%,
"Boletin Latinoamericano y del Caribe de Plantas Medicinales y Aromaticas","B LATINOAM CARIBE PL","MS-EDITIONS","0717-7917","0717-7917","PHARMACOLOGY & PHARMACY","SCIE","568","0.8","Q4","0.2","96.37"%,
"Case Reports in Infectious Diseases","CASE REP INFECT DIS","WILEY","2090-6625","2090-6633","INFECTIOUS DISEASES","ESCI","676","0.8","Q4","0.2","100"%,
"CURRENT HIV RESEARCH","CURR HIV RES","BENTHAM SCIENCE PUBL LTD","1570-162X","1873-4251","INFECTIOUS DISEASES","SCIE","840","0.8","Q4","0.2","12.5"%,
"Journal of Research in Pharmacy","J RES PHARM","MARMARA UNIV, FAC PHARMACY","2630-6344","2630-6344","PHARMACOLOGY & PHARMACY","ESCI","875","0.8","Q4","0.18","94.39"%,
"Journal of Medicinal Plants for Economic Development","J MED PLANTS EC DEV","AOSIS","2519-559X","2616-4809","PHARMACOLOGY & PHARMACY","ESCI","93","0.8","Q4","0.1","100"%,
"Pharmacy Practice-Granada","PHARM PRACT-GRANADA","CENTRO INVESTIGACIONES & PUBLICACIONES FARMACEUTICAS","1885-642X","1886-3655","PHARMACOLOGY & PHARMACY","ESCI","1,481","0.7","Q4","0.25","92.11"%,
"Bangladesh Journal of Pharmacology","BANGL J PHARMACOL","BANGLADESH PHARMACOLOGICAL SOC","1991-007X","1991-0088","PHARMACOLOGY & PHARMACY","SCIE","625","0.7","Q4","0.2","98"%,
"PHARMAZIE","PHARMAZIE","AVOXA-MEDIENGRUPPE DEUTSCHER APOTHEKER GMBH","0031-7144","0031-7144","PHARMACOLOGY & PHARMACY","SCIE","2,878","0.7","Q4","0.2","0"%,
"Journal of Research in Pharmacy Practice","J RES PHARM PRACT","WOLTERS KLUWER MEDKNOW PUBLICATIONS","2319-9644","2279-042X","PHARMACOLOGY & PHARMACY","ESCI","499","0.7","Q4","0.18","100"%,
"Indonesian Journal of Pharmacy","INDONES J PHARM","UNIV GADJAH MADA, FAC FARMASI","2338-9486","2338-9427","PHARMACOLOGY & PHARMACY","ESCI","327","0.7","Q4","0.13","31.58"%,
"Journal of Young Pharmacists","J YOUNG PHARM","INPHARM ASSOC, PHCOG NET","0975-1483","0975-1505","PHARMACOLOGY & PHARMACY","ESCI","1,004","0.7","Q4","0.13","100"%,
"Current Drug Therapy","CURR DRUG THER","BENTHAM SCIENCE PUBL LTD","1574-8855","2212-3903","PHARMACOLOGY & PHARMACY","ESCI","362","0.7","Q4","0.12","3.31"%,
"International Journal of Pharmacology","INT J PHARMACOL","IMR PRESS","1811-7775","1812-5700","PHARMACOLOGY & PHARMACY","SCIE","959","0.7","Q4","0.12","40.67"%,
"Ars Pharmaceutica","ARS PHARM","UNIV GRANADA, EDITORIAL","0004-2927","2340-9894","PHARMACOLOGY & PHARMACY","ESCI","213","0.7","Q4","0.1","95.88"%,
"Indian Journal of Sexually Transmitted Diseases and AIDS","INDIAN J SEX TRANSM","WOLTERS KLUWER MEDKNOW PUBLICATIONS","2589-0557","2589-0565","INFECTIOUS DISEASES","ESCI","489","0.6","Q4","0.17","77.46"%,
"Pakistan Journal of Pharmaceutical Sciences","PAK J PHARM SCI","UNIV KARACHI","1011-601X","1011-601X","PHARMACOLOGY & PHARMACY","SCIE","2,955","0.6","Q4","0.17","55"%,
"DRUGS & THERAPY PERSPECTIVES","DRUGS THER PERSPECT","SPRINGERNATURE","1172-0360","1179-1977","PHARMACOLOGY & PHARMACY","ESCI","326","0.6","Q4","0.16","12.77"%,
"Archives of Clinical Infectious Diseases","ARCH CLIN INFECT DIS","BRIEFLANDS","2345-2641","2008-1081","INFECTIOUS DISEASES","ESCI","337","0.6","Q4","0.13","97.87"%,
"HIV & AIDS Review","HIV AIDS REV","TERMEDIA PUBLISHING HOUSE LTD","1730-1270","1732-2707","INFECTIOUS DISEASES","ESCI","202","0.6","Q4","0.12","100"%,
"ACTA POLONIAE PHARMACEUTICA","ACTA POL PHARM","POLSKIE TOWARZYSTWO FARMACEUTYCZNE","0001-6837","2353-5288","PHARMACOLOGY & PHARMACY","SCIE","1,750","0.6","Q4","0.1","97.79"%,
"BIOPHARM INTERNATIONAL","BIOPHARM INT","ADVANSTAR COMMUNICATIONS INC","1542-166X","1939-1862","PHARMACOLOGY & PHARMACY","SCIE","202","0.6","Q4","0.02","0"%,
"Istanbul Journal of Pharmacy","ISTANB J PHARM","ISTANBUL UNIV, FAC PHARMACY","N/A","2587-2087","PHARMACOLOGY & PHARMACY","ESCI","309","0.5","Q4","0.13","97.04"%,
"Mediterranean Journal of Infection Microbes and Antimicrobials","MEDITERR J INFECT M","GALENOS PUBL HOUSE","2147-673X","2147-673X","INFECTIOUS DISEASES","ESCI","113","0.5","Q4","0.09","100"%,
"SA Pharmaceutical Journal","SA PHARM J","MEDPHARM PUBLICATIONS PTY LTD","2221-5875","2220-1017","PHARMACOLOGY & PHARMACY","ESCI","94","0.5","Q4","0.03","64.6"%,
"Pharmaceutical Care Espana","PHARM CARE ESP","FUNDACION PHARMACEUTICAL CARE ESPANA","1139-6202","1139-6202","PHARMACOLOGY & PHARMACY","ESCI","49","0.4","Q4","0.06","82.76"%,
"Revista Chilena de Infectologia","REV CHIL INFECTOL","SOC CHILENA INFECTOLOGIA","0716-1018","0717-6341","INFECTIOUS DISEASES","SCIE","674","0.4","Q4","0.06","77.53"%,
"YAKUGAKU ZASSHI-JOURNAL OF THE PHARMACEUTICAL SOCIETY OF JAPAN","YAKUGAKU ZASSHI","PHARMACEUTICAL SOC JAPAN","0031-6903","1347-5231","PHARMACOLOGY & PHARMACY","SCIE","1,345","0.4","Q4","0.06","96.02"%,
"US PHARMACIST","US PHARM","JOBSON PUBLISHING LLC","0148-4818","2331-3501","PHARMACOLOGY & PHARMACY","ESCI","314","0.4","Q4","0.04","0"%,
"Asian Journal of Pharmaceutics","ASIAN J PHARM","ASIAN JOURNAL PHARMACEUTICS","0973-8398","1998-409X","PHARMACOLOGY & PHARMACY","ESCI","649","0.3","Q4","0.07","22.53"%,
"Pharmacy & Pharmacology-Farmatsiya i Farmakologiya","PHARM PHARMACOL-RUSS","PYATIGORSKII MEDIKO-FARMATSEVTICHESKII INST","2307-9266","2413-2241","PHARMACOLOGY & PHARMACY","ESCI","79","0.3","Q4","0.07","98.9"%,
"Asian Journal of Pharmaceutical Research and Health Care","ASIAN J PHARM RES HE","WOLTERS KLUWER MEDKNOW PUBLICATIONS","2250-1444","2250-1460","PHARMACOLOGY & PHARMACY","ESCI","128","0.3","Q4","0.06","100"%,
"GaBI Journal-Generics and Biosimilars Initiative Journal","GABI J","PRO PHARMA COMMUNICATIONS INT","2033-6403","2033-6772","PHARMACOLOGY & PHARMACY","ESCI","95","0.3","Q4","0.05","0"%,
"Infectio","INFECTIO-COLOMBIA","Colombian Assoc Infectology","0123-9392","2422-3794","INFECTIOUS DISEASES","ESCI","179","0.3","Q4","0.05","56.6"%,
"Journal of Pediatric Infectious Diseases","J PEDIAT INF DIS-GER","Necmettin Erbakan Univ, Fac Medicine-Neu Press","1305-7707","1305-7693","INFECTIOUS DISEASES","SCIE","159","0.2","Q4","0.08","6.47"%,
"Journal of Reports in Pharmaceutical Sciences","J REP PHARM SCI","BRIEFLANDS","2322-1232","2322-5106","PHARMACOLOGY & PHARMACY","ESCI","189","0.2","Q4","0.08","100"%,
"Infektsiya i Immunitet","INFEKTSIYA IMMUN","SANKT-PETERSBURG-NIIEM IMENI PASTERA","2220-7619","2313-7398","INFECTIOUS DISEASES","ESCI","197","0.2","Q4","0.07","96.68"%,
"INFECTIOUS DISEASES IN CLINICAL PRACTICE","INFECT DIS CLIN PRAC","LIPPINCOTT WILLIAMS & WILKINS","1056-9103","1536-9943","INFECTIOUS DISEASES","ESCI","380","0.2","Q4","0.05","3.72"%,
"Revista de Epidemiologia e Controle de Infeccao","REV EPIDEMIOL CONTRO","UNIV SANTA CRUZ DO SUL","2238-3360","2238-3360","INFECTIOUS DISEASES","ESCI","60","0.1","Q4","0.03","96.9"%,
"Actualites Pharmaceutiques","ACTUAL PHARMACEUT","ELSEVIER MASSON, CORP OFF","0515-3700","0515-3700","PHARMACOLOGY & PHARMACY","ESCI","82","0.1","Q4","0.02","2.61"%,

Copyright (c) 2026 Clarivate 
By exporting the selected data; you agree to the data usage policy set forth in the Terms of Use 
