"Journal Data Filtered By:  Selected Categories: IMMUNOLOGY;MYCOLOGY Selected Editions: SCIE;SSCI;AHCI;ESCI Selected JCR Year: 2025 Selected Category Schema: WOS Selected Open Access: N Indicator: Default"

Journal name,JCR Abbreviation,Publisher,ISSN,eISSN,Category,Edition,Total Citations,2025 JIF,JIF Quartile,2025 JCI,% of Citable OA
"NATURE REVIEWS IMMUNOLOGY","NAT REV IMMUNOL","NATURE PORTFOLIO","1474-1733","1474-1741","IMMUNOLOGY","SCIE","69,495","47.1","Q1","5.76","1.1"%,
"Annual Review of Immunology","ANNU REV IMMUNOL","ANNUAL REVIEWS","0732-0582","1545-3278","IMMUNOLOGY","SCIE","20,193","39.8","Q1","3.63","100"%,
"Immunity","IMMUNITY","CELL PRESS","1074-7613","1097-4180","IMMUNOLOGY","SCIE","80,786","30.6","Q1","5.57","31.76"%,
"FUNGAL DIVERSITY","FUNGAL DIVERS","SPRINGER","1560-2745","1878-9129","MYCOLOGY","SCIE","8,588","27","Q1","7.03","27.78"%,
"NATURE IMMUNOLOGY","NAT IMMUNOL","NATURE PORTFOLIO","1529-2908","1529-2916","IMMUNOLOGY","SCIE","59,614","26.5","Q1","5.47","37.09"%,
"Cellular & Molecular Immunology","CELL MOL IMMUNOL","CHIN SOCIETY IMMUNOLOGY","1672-7681","2042-0226","IMMUNOLOGY","SCIE","21,315","23.9","Q1","3.01","54.71"%,
"Mycosphere","MYCOSPHERE","Maximum Academic Press","2077-7000","2077-7019","MYCOLOGY","SCIE","3,955","19.9","Q1","5.05","98.02"%,
"STUDIES IN MYCOLOGY","STUD MYCOL","WESTERDIJK FUNGAL BIODIVERSITY INST","0166-0616","1872-9797","MYCOLOGY","SCIE","5,882","18.3","Q1","5.09","44.44"%,
"Science Immunology","SCI IMMUNOL","AMER ASSOC ADVANCEMENT SCIENCE","2470-9468","2470-9468","IMMUNOLOGY","SCIE","16,066","16.4","Q1","3.7","5.32"%,
"Lancet HIV","LANCET HIV","ELSEVIER INC","2352-3018","2352-3018","IMMUNOLOGY","SCIE","7,238","14.6","Q1","2.95","20.79"%,
"TRENDS IN IMMUNOLOGY","TRENDS IMMUNOL","CELL PRESS","1471-4906","1471-4981","IMMUNOLOGY","SCIE","18,014","13.1","Q1","1.35","24.06"%,
"JOURNAL OF ALLERGY AND CLINICAL IMMUNOLOGY","J ALLERGY CLIN IMMUN","MOSBY-ELSEVIER","0091-6749","1097-6825","IMMUNOLOGY","SCIE","57,333","11.7","Q1","2.32","30.79"%,
"Journal for ImmunoTherapy of Cancer","J IMMUNOTHER CANCER","BMJ PUBLISHING GROUP","N/A","2051-1426","IMMUNOLOGY","SCIE","38,924","11.7","Q1","2.28","100"%,
"JOURNAL OF EXPERIMENTAL MEDICINE","J EXP MED","ROCKEFELLER UNIV PRESS","0022-1007","1540-9538","IMMUNOLOGY","SCIE","60,274","11.6","Q1","2.42","43.04"%,
"Journal of Neuroinflammation","J NEUROINFLAMM","BMC","N/A","1742-2094","IMMUNOLOGY","SCIE","37,393","11.5","Q1","2.4","100"%,
"CLINICAL REVIEWS IN ALLERGY & IMMUNOLOGY","CLIN REV ALLERG IMMU","HUMANA PRESS INC","1080-0549","1559-0267","IMMUNOLOGY","SCIE","7,207","11.5","Q1","1.7","32.12"%,
"Seminars in Immunopathology","SEMIN IMMUNOPATHOL","SPRINGER HEIDELBERG","1863-2297","1863-2300","IMMUNOLOGY","SCIE","6,679","11.5","Q1","1.64","70.51"%,
"SEMINARS IN IMMUNOLOGY","SEMIN IMMUNOL","ACADEMIC PRESS LTD- ELSEVIER SCIENCE LTD","1044-5323","1096-3618","IMMUNOLOGY","SCIE","7,845","11.5","Q1","0.95","40.96"%,
"ALLERGY","ALLERGY","WILEY","0105-4538","1398-9995","IMMUNOLOGY","SCIE","27,633","11.3","Q1","2.08","64.91"%,
"IMMUNOLOGICAL REVIEWS","IMMUNOL REV","WILEY","0105-2896","1600-065X","IMMUNOLOGY","SCIE","19,641","10.6","Q1","1","49.15"%,
"AUTOIMMUNITY REVIEWS","AUTOIMMUN REV","ELSEVIER","1568-9972","1873-0183","IMMUNOLOGY","SCIE","15,742","9.8","Q1","1.61","32.24"%,
"PERSOONIA","PERSOONIA","RIJKSHERBARIUM","0031-5850","N/A","MYCOLOGY","SCIE","3,668","9.5","Q1","2.48","86.36"%,
"BIODRUGS","BIODRUGS","ADIS INT LTD","1173-8804","1179-190X","IMMUNOLOGY","SCIE","4,076","8.5","Q1","1.3","57.31"%,
"CLINICAL INFECTIOUS DISEASES","CLIN INFECT DIS","OXFORD UNIV PRESS INC","1058-4838","1537-6591","IMMUNOLOGY","SCIE","77,853","8.3","Q1","1.88","45.32"%,
"Immunity & Ageing","IMMUN AGEING","BMC","1742-4933","1742-4933","IMMUNOLOGY","SCIE","3,583","8.3","Q1","1.33","100"%,
"Cancer Immunology Research","CANCER IMMUNOL RES","AMER ASSOC CANCER RESEARCH","2326-6066","2326-6074","IMMUNOLOGY","SCIE","13,610","7.9","Q1","1.85","32.68"%,
"EMERGING INFECTIOUS DISEASES","EMERG INFECT DIS","CENTERS DISEASE CONTROL & PREVENTION","1080-6040","1080-6059","IMMUNOLOGY","SCIE","34,822","7.9","Q1","1.61","98.66"%,
"Inflammation and Regeneration","INFLAMM REGEN","BMC","N/A","1880-8190","IMMUNOLOGY","SCIE","2,529","7.7","Q1","1.08","100"%,
"BRAIN BEHAVIOR AND IMMUNITY","BRAIN BEHAV IMMUN","ACADEMIC PRESS INC ELSEVIER SCIENCE","0889-1591","1090-2139","IMMUNOLOGY","SCIE","30,942","7.5","Q1","1.86","47.59"%,
"Journal of Allergy and Clinical Immunology-In Practice","J ALLER CL IMM-PRACT","ELSEVIER","2213-2198","2213-2201","IMMUNOLOGY","SCIE","18,872","7.2","Q1","1.44","21.64"%,
"npj Vaccines","NPJ VACCINES","NATURE PORTFOLIO","N/A","2059-0105","IMMUNOLOGY","SCIE","6,659","7.2","Q1","1.44","100"%,
"ANNALS OF ALLERGY ASTHMA & IMMUNOLOGY","ANN ALLERG ASTHMA IM","ELSEVIER SCIENCE INC","1081-1206","1534-4436","IMMUNOLOGY","SCIE","11,542","7.1","Q1","1.14","21.11"%,
"Emerging Microbes & Infections","EMERG MICROBES INFEC","TAYLOR & FRANCIS LTD","N/A","2222-1751","IMMUNOLOGY","SCIE","11,908","7","Q1","1.93","100"%,
"Frontiers in Immunology","FRONT IMMUNOL","FRONTIERS MEDIA SA","1664-3224","1664-3224","IMMUNOLOGY","SCIE","284,485","7","Q1","1.06","99.9"%,
"JOURNAL OF AUTOIMMUNITY","J AUTOIMMUN","ACADEMIC PRESS LTD- ELSEVIER SCIENCE LTD","0896-8411","1095-9157","IMMUNOLOGY","SCIE","10,950","6.8","Q1","1.59","48.47"%,
"Virulence","VIRULENCE","TAYLOR & FRANCIS INC","2150-5594","2150-5608","IMMUNOLOGY","SCIE","10,048","6.8","Q1","1.12","100"%,
"JOURNAL OF INVESTIGATIONAL ALLERGOLOGY AND CLINICAL IMMUNOLOGY","J INVEST ALLERG CLIN","ESMON PUBLICIDAD S A, DEPT ALLERGY & CLIN IMMUNOL, CLIN UNIV NAVARRA","1018-9068","1698-0808","IMMUNOLOGY","SCIE","2,538","6.6","Q1","1.01","100"%,
"INFLAMMOPHARMACOLOGY","INFLAMMOPHARMACOLOGY","SPRINGER BASEL AG","0925-4692","1568-5608","IMMUNOLOGY","SCIE","8,675","6.3","Q1","1.14","20.41"%,
"CURRENT ALLERGY AND ASTHMA REPORTS","CURR ALLERGY ASTHM R","CURRENT MEDICINE GROUP","1529-7322","1534-6315","IMMUNOLOGY","SCIE","4,149","6.3","Q1","0.77","27.68"%,
"OncoImmunology","ONCOIMMUNOLOGY","TAYLOR & FRANCIS INC","2162-402X","2162-402X","IMMUNOLOGY","SCIE","15,185","6.2","Q1","1.39","100"%,
"ALLERGOLOGY INTERNATIONAL","ALLERGOL INT","JAPANESE SOC ALLERGOLOGY","1323-8930","1440-1592","IMMUNOLOGY","SCIE","4,272","6.2","Q1","1.33","100"%,
"INFLAMMATION RESEARCH","INFLAMM RES","SPRINGER BASEL AG","1023-3830","1420-908X","IMMUNOLOGY","SCIE","8,155","6.2","Q1","0.86","22.02"%,
"Immune Network","IMMUNE NETW","KOREA ASSOC IMMUNOLOGISTS","1598-2629","2092-6685","IMMUNOLOGY","SCIE","2,699","5.9","Q1","0.87","99.22"%,
"CANCER IMMUNOLOGY IMMUNOTHERAPY","CANCER IMMUNOL IMMUN","SPRINGER","0340-7004","1432-0851","IMMUNOLOGY","SCIE","14,876","5.8","Q1","1.17","87.15"%,
"Journal of Inflammation-London","J INFLAMM-LOND","BMC","1476-9255","1476-9255","IMMUNOLOGY","SCIE","2,258","5.8","Q1","0.89","100"%,
"Mycology-An International Journal On Fungal Biology","MYCOLOGY-UK","TAYLOR & FRANCIS LTD","2150-1203","2150-1211","MYCOLOGY","ESCI","1,754","5.7","Q1","1.38","100"%,
"International Immunopharmacology","INT IMMUNOPHARMACOL","ELSEVIER","1567-5769","1878-1705","IMMUNOLOGY","SCIE","56,435","5.6","Q1","1.28","22.16"%,
"Expert Review of Vaccines","EXPERT REV VACCINES","TAYLOR & FRANCIS LTD","1476-0584","1744-8395","IMMUNOLOGY","SCIE","6,168","5.6","Q1","0.77","99.25"%,
"CURRENT OPINION IN IMMUNOLOGY","CURR OPIN IMMUNOL","CURRENT BIOLOGY LTD","0952-7915","1879-0372","IMMUNOLOGY","SCIE","9,711","5.6","Q1","0.61","39.86"%,
"Mucosal Immunology","MUCOSAL IMMUNOL","ELSEVIER SCIENCE INC","1933-0219","1935-3456","IMMUNOLOGY","SCIE","11,384","5.5","Q1","1.33","66.67"%,
"Frontiers in Cellular and Infection Microbiology","FRONT CELL INFECT MI","FRONTIERS MEDIA SA","2235-2988","2235-2988","IMMUNOLOGY","SCIE","52,581","5.5","Q1","0.94","99.9"%,
"INFLAMMATION","INFLAMMATION","SPRINGER/PLENUM PUBLISHERS","0360-3997","1573-2576","IMMUNOLOGY","SCIE","11,490","5.4","Q2","0.87","41.08"%,
"IMMUNOLOGY","IMMUNOLOGY","WILEY","0019-2805","1365-2567","IMMUNOLOGY","SCIE","13,435","5.4","Q2","0.86","32.46"%,
"INTERNATIONAL REVIEWS OF IMMUNOLOGY","INT REV IMMUNOL","TAYLOR & FRANCIS INC","0883-0185","1563-5244","IMMUNOLOGY","SCIE","2,144","5.4","Q2","0.47","5.77"%,
"Journal of the International AIDS Society","J INT AIDS SOC","WILEY","N/A","1758-2652","IMMUNOLOGY","SCIE","7,940","5.2","Q2","1","100"%,
"BONE MARROW TRANSPLANTATION","BONE MARROW TRANSPL","SPRINGERNATURE","0268-3369","1476-5365","IMMUNOLOGY","SCIE","14,738","5.1","Q2","1.08","36.08"%,
"CLINICAL AND EXPERIMENTAL ALLERGY","CLIN EXP ALLERGY","WILEY","0954-7894","1365-2222","IMMUNOLOGY","SCIE","10,030","5","Q2","0.83","57.8"%,
"HLA","HLA","WILEY","2059-2302","2059-2310","IMMUNOLOGY","SCIE","2,418","5","Q2","0.63","27.46"%,
"TRANSPLANTATION","TRANSPLANTATION","LIPPINCOTT WILLIAMS & WILKINS","0041-1337","1534-6080","IMMUNOLOGY","SCIE","23,011","4.9","Q2","1.57","17.81"%,
"MEDIATORS OF INFLAMMATION","MEDIAT INFLAMM","WILEY","0962-9351","1466-1861","IMMUNOLOGY","SCIE","17,182","4.9","Q2","0.71","100"%,
"Antibody Therapeutics","ANTIBODY THER","OXFORD UNIV PRESS","N/A","2516-4236","IMMUNOLOGY","ESCI","805","4.8","Q2","0.65","100"%,
"Transplantation and Cellular Therapy","TRANSPL CELL THER","ELSEVIER SCIENCE INC","2666-6375","2666-6367","IMMUNOLOGY","SCIE","5,391","4.7","Q2","1.22","28.92"%,
"Fish and Shellfish Immunology Reports","FISH SHELL IMMUN REP","ELSEVIER","2667-0119","2667-0119","IMMUNOLOGY","ESCI","397","4.6","Q2","0.88","100"%,
"Journal of Inflammation Research","J INFLAMM RES","DOVE MEDICAL PRESS LTD","N/A","1178-7031","IMMUNOLOGY","SCIE","14,066","4.6","Q2","0.85","99.24"%,
"Journal of Innate Immunity","J INNATE IMMUN","KARGER","1662-811X","1662-8128","IMMUNOLOGY","SCIE","3,241","4.6","Q2","0.82","100"%,
"EXERCISE IMMUNOLOGY REVIEW","EXERC IMMUNOL REV","W W F VERLAGSGESELLSCHAFT GMBH","1077-5552","1077-5552","IMMUNOLOGY","SCIE","817","4.6","Q2","0.41","0"%,
"PEDIATRIC ALLERGY AND IMMUNOLOGY","PEDIAT ALLERG IMM-UK","WILEY","0905-6157","1399-3038","IMMUNOLOGY","SCIE","6,236","4.5","Q2","1.24","52.72"%,
"Immunotherapy Advances","IMMUNOTHER ADV","OXFORD UNIV PRESS","N/A","2732-4303","IMMUNOLOGY","ESCI","430","4.4","Q2","0.62","100"%,
"Journal of Fungi","J FUNGI","MDPI","N/A","2309-608X","MYCOLOGY","SCIE","26,333","4.3","Q1","0.95","99.93"%,
"Allergy Asthma & Immunology Research","ALLERGY ASTHMA IMMUN","KOREAN ACAD ASTHMA ALLERGY & CLINICAL IMMUNOLOGY","2092-7355","2092-7363","IMMUNOLOGY","SCIE","3,061","4.3","Q2","0.93","99.37"%,
"Frontiers in Fungal Biology","FRONT FUNGAL BIOL","FRONTIERS MEDIA SA","N/A","2673-6128","MYCOLOGY","ESCI","940","4.3","Q1","0.8","98.06"%,
"AUTOIMMUNITY","AUTOIMMUNITY","TAYLOR & FRANCIS LTD","0891-6934","1607-842X","IMMUNOLOGY","SCIE","2,667","4.3","Q2","0.77","100"%,
"FISH & SHELLFISH IMMUNOLOGY","FISH SHELLFISH IMMUN","ACADEMIC PRESS LTD- ELSEVIER SCIENCE LTD","1050-4648","1095-9947","IMMUNOLOGY","SCIE","34,738","4.2","Q2","1.51","11.45"%,
"INFECTIOUS DISEASE CLINICS OF NORTH AMERICA","INFECT DIS CLIN N AM","W B SAUNDERS CO-ELSEVIER INC","0891-5520","1557-9824","IMMUNOLOGY","SCIE","4,731","4.2","Q2","1.06","7.25"%,
"GENES AND IMMUNITY","GENES IMMUN","SPRINGERNATURE","1466-4879","1476-5470","IMMUNOLOGY","SCIE","2,829","4.2","Q2","0.81","39.55"%,
"Human Vaccines & Immunotherapeutics","HUM VACC IMMUNOTHER","TAYLOR & FRANCIS INC","2164-5515","2164-554X","IMMUNOLOGY","SCIE","16,984","4.2","Q2","0.74","100"%,
"MycoKeys","MYCOKEYS","PENSOFT PUBLISHERS","1314-4057","1314-4049","MYCOLOGY","SCIE","2,721","4.1","Q1","1.2","99.52"%,
"JOURNAL OF INFECTIOUS DISEASES","J INFECT DIS","OXFORD UNIV PRESS INC","0022-1899","1537-6613","IMMUNOLOGY","SCIE","44,581","4.1","Q2","1.1","44.89"%,
"JOURNAL OF CLINICAL IMMUNOLOGY","J CLIN IMMUNOL","SPRINGER/PLENUM PUBLISHERS","0271-9142","1573-2592","IMMUNOLOGY","SCIE","7,123","4.1","Q2","1.04","62.47"%,
"Fungal Biology Reviews","FUNGAL BIOL REV","ELSEVIER SCI LTD","1749-4613","1878-0253","MYCOLOGY","SCIE","2,204","4.1","Q1","0.94","35.71"%,
"MYCOPATHOLOGIA","MYCOPATHOLOGIA","SPRINGER","0301-486X","1573-0832","MYCOLOGY","SCIE","4,622","4.1","Q1","0.84","28.68"%,
"CLINICAL IMMUNOLOGY","CLIN IMMUNOL","ACADEMIC PRESS INC ELSEVIER SCIENCE","1521-6616","1521-7035","IMMUNOLOGY","SCIE","10,560","4.1","Q2","0.8","30.38"%,
"EUROPEAN JOURNAL OF IMMUNOLOGY","EUR J IMMUNOL","WILEY-V C H VERLAG GMBH","0014-2980","1521-4141","IMMUNOLOGY","SCIE","19,347","4.1","Q2","0.65","65.19"%,
"ImmunoTargets and Therapy","IMMUNOTARGETS THER","DOVE MEDICAL PRESS LTD","N/A","2253-1556","IMMUNOLOGY","ESCI","1,277","4.1","Q2","0.65","99.37"%,
"IMA Fungus","IMA FUNGUS","PENSOFT PUBLISHERS","2210-6340","2210-6359","MYCOLOGY","SCIE","1,965","4","Q2","1.27","100"%,
"MYCORRHIZA","MYCORRHIZA","SPRINGER","0940-6360","1432-1890","MYCOLOGY","SCIE","4,444","4","Q2","0.96","34.93"%,
"World Allergy Organization Journal","WORLD ALLERGY ORGAN","ELSEVIER","1939-4551","1939-4551","IMMUNOLOGY","SCIE","4,620","4","Q2","0.93","99.47"%,
"JOURNAL OF IMMUNOLOGY","J IMMUNOL","OXFORD UNIV PRESS","0022-1767","1550-6606","IMMUNOLOGY","SCIE","95,270","4","Q2","0.76","12.25"%,
"Expert Review of Clinical Immunology","EXPERT REV CLIN IMMU","TAYLOR & FRANCIS LTD","1744-666X","1744-8409","IMMUNOLOGY","SCIE","4,861","4","Q2","0.5","4.42"%,
"MICROBIAL PATHOGENESIS","MICROB PATHOGENESIS","ACADEMIC PRESS LTD- ELSEVIER SCIENCE LTD","0882-4010","1096-1208","IMMUNOLOGY","SCIE","20,693","3.9","Q2","0.86","8.87"%,
"CLINICAL AND EXPERIMENTAL IMMUNOLOGY","CLIN EXP IMMUNOL","OXFORD UNIV PRESS","0009-9104","1365-2249","IMMUNOLOGY","SCIE","12,550","3.9","Q2","0.68","39.08"%,
"Immunometabolism","IMMUNOMETABOLISM","LIPPINCOTT WILLIAMS & WILKINS","2633-0407","2633-0407","IMMUNOLOGY","ESCI","453","3.9","Q2","0.39","100"%,
"Brain Behavior & Immunity-Health","BRAIN BEHAV IMMUN-HL","ELSEVIER","2666-3546","2666-3546","IMMUNOLOGY","ESCI","3,256","3.8","Q2","0.92","100"%,
"JOURNAL OF MICROBIOLOGY IMMUNOLOGY AND INFECTION","J MICROBIOL IMMUNOL","ELSEVIER TAIWAN","1684-1182","1995-9133","IMMUNOLOGY","SCIE","4,598","3.8","Q2","0.86","100"%,
"Open Forum Infectious Diseases","OPEN FORUM INFECT DI","OXFORD UNIV PRESS INC","2328-8957","2328-8957","IMMUNOLOGY","SCIE","16,649","3.8","Q2","0.83","99.9"%,
"Journal of Translational Autoimmunity","J TRANSL AUTOIMMUN","ELSEVIER","2589-9090","2589-9090","IMMUNOLOGY","ESCI","1,144","3.8","Q2","0.78","100"%,
"MOLECULAR IMMUNOLOGY","MOL IMMUNOL","PERGAMON-ELSEVIER SCIENCE LTD","0161-5890","1872-9142","IMMUNOLOGY","SCIE","12,839","3.7","Q2","0.72","25.61"%,
"NEUROIMMUNOMODULATION","NEUROIMMUNOMODULAT","KARGER","1021-7401","1423-0216","IMMUNOLOGY","SCIE","1,709","3.7","Q2","0.55","100"%,
"FOOD AND AGRICULTURAL IMMUNOLOGY","FOOD AGR IMMUNOL","TAYLOR & FRANCIS LTD","0954-0105","1465-3443","IMMUNOLOGY","SCIE","1,603","3.7","Q2","0.49","100"%,
"CYTOKINE","CYTOKINE","ACADEMIC PRESS LTD- ELSEVIER SCIENCE LTD","1043-4666","1096-0023","IMMUNOLOGY","SCIE","14,909","3.6","Q2","0.66","21.92"%,
"JOURNAL OF REPRODUCTIVE IMMUNOLOGY","J REPROD IMMUNOL","ELSEVIER IRELAND LTD","0165-0378","1872-7603","IMMUNOLOGY","SCIE","4,817","3.5","Q2","1.05","22.54"%,
"MEDICAL MYCOLOGY","MED MYCOL","OXFORD UNIV PRESS","1369-3786","1460-2709","MYCOLOGY","SCIE","6,468","3.5","Q2","0.98","18.48"%,
"Mycotoxin Research","MYCOTOXIN RES","SPRINGER HEIDELBERG","0178-7888","1867-1632","MYCOLOGY","SCIE","1,673","3.5","Q2","0.82","32.39"%,
"Fungal Ecology","FUNGAL ECOL","ELSEVIER SCI LTD","1754-5048","1878-0083","MYCOLOGY","SCIE","3,953","3.5","Q2","0.73","45.86"%,
"Vaccines","VACCINES-BASEL","MDPI","N/A","2076-393X","IMMUNOLOGY","SCIE","29,837","3.5","Q2","0.72","100"%,
"FEMS YEAST RESEARCH","FEMS YEAST RES","OXFORD UNIV PRESS","1567-1356","1567-1364","MYCOLOGY","SCIE","4,899","3.5","Q2","0.66","80.61"%,
"Immunity Inflammation and Disease","IMMUN INFLAMM DIS","WILEY","N/A","2050-4527","IMMUNOLOGY","SCIE","4,070","3.5","Q2","0.6","100"%,
"Innate Immunity","INNATE IMMUN-LONDON","SAGE PUBLICATIONS LTD","1753-4259","1753-4267","IMMUNOLOGY","SCIE","1,830","3.5","Q2","0.59","100"%,
"MYCOSES","MYCOSES","WILEY","0933-7407","1439-0507","MYCOLOGY","SCIE","6,182","3.4","Q3","1.11","36.94"%,
"Vaccine","VACCINE","ELSEVIER SCI LTD","0264-410X","1873-2518","IMMUNOLOGY","SCIE","48,580","3.4","Q3","0.83","54.63"%,
"Clinical & Translational Immunology","CLIN TRANSL IMMUNOL","WILEY","N/A","2050-0068","IMMUNOLOGY","SCIE","2,806","3.4","Q3","0.76","100"%,
"INFECTION AND IMMUNITY","INFECT IMMUN","AMER SOC MICROBIOLOGY","0019-9567","1098-5522","IMMUNOLOGY","SCIE","36,589","3.4","Q3","0.74","54.4"%,
"Current Opinion in HIV and AIDS","CURR OPIN HIV AIDS","LIPPINCOTT WILLIAMS & WILKINS","1746-630X","1746-6318","IMMUNOLOGY","SCIE","2,728","3.4","Q3","0.71","24.28"%,
"JOURNAL OF LEUKOCYTE BIOLOGY","J LEUKOCYTE BIOL","OXFORD UNIV PRESS","0741-5400","1938-3673","IMMUNOLOGY","SCIE","18,598","3.4","Q3","0.62","30.64"%,
"INTERNATIONAL IMMUNOLOGY","INT IMMUNOL","OXFORD UNIV PRESS","0953-8178","1460-2377","IMMUNOLOGY","SCIE","6,320","3.4","Q3","0.57","22.94"%,
"Journal of Asthma and Allergy","J ASTHMA ALLERGY","DOVE MEDICAL PRESS LTD","1178-6965","1178-6965","IMMUNOLOGY","SCIE","2,868","3.3","Q3","0.74","99.19"%,
"CELLULAR IMMUNOLOGY","CELL IMMUNOL","ACADEMIC PRESS INC ELSEVIER SCIENCE","0008-8749","1090-2163","IMMUNOLOGY","SCIE","6,371","3.3","Q3","0.56","20.49"%,
"Antibodies","ANTIBODIES","MDPI","N/A","2073-4468","IMMUNOLOGY","ESCI","2,487","3.3","Q3","0.49","100"%,
"IMMUNOLOGY AND CELL BIOLOGY","IMMUNOL CELL BIOL","WILEY","0818-9641","1440-1711","IMMUNOLOGY","SCIE","4,711","3.3","Q3","0.41","50.76"%,
"Journal of Immunology Research","J IMMUNOL RES","WILEY","2314-8861","2314-7156","IMMUNOLOGY","SCIE","11,548","3.2","Q3","0.68","100"%,
"IMMUNOLOGY LETTERS","IMMUNOL LETT","ELSEVIER","0165-2478","1879-0542","IMMUNOLOGY","SCIE","6,196","3.2","Q3","0.64","32.22"%,
"Infectious Agents and Cancer","INFECT AGENTS CANCER","BMC","1750-9378","1750-9378","IMMUNOLOGY","SCIE","2,166","3.2","Q3","0.58","100"%,
"Transplantation Reviews","TRANSPLANT REV-ORLAN","ELSEVIER SCIENCE INC","0955-470X","N/A","IMMUNOLOGY","SCIE","1,552","3.2","Q3","0.57","37.31"%,
"ARCHIVUM IMMUNOLOGIAE ET THERAPIAE EXPERIMENTALIS","ARCH IMMUNOL THER EX","DE GRUYTER POLAND SP Z O O","0004-069X","1661-4917","IMMUNOLOGY","SCIE","1,970","3.2","Q3","0.53","87.32"%,
"IMMUNOPHARMACOLOGY AND IMMUNOTOXICOLOGY","IMMUNOPHARM IMMUNOT","TAYLOR & FRANCIS LTD","0892-3973","1532-2513","IMMUNOLOGY","SCIE","3,070","3.1","Q3","0.81","1.83"%,
"MEDICAL MICROBIOLOGY AND IMMUNOLOGY","MED MICROBIOL IMMUN","SPRINGER","0300-8584","1432-1831","IMMUNOLOGY","SCIE","2,389","3.1","Q3","0.76","50.52"%,
"IMMUNOLOGY AND ALLERGY CLINICS OF NORTH AMERICA","IMMUNOL ALLERGY CLIN","W B SAUNDERS CO-ELSEVIER INC","0889-8561","1557-8607","IMMUNOLOGY","SCIE","2,177","3.1","Q3","0.66","2.53"%,
"JOURNAL OF NEUROIMMUNOLOGY","J NEUROIMMUNOL","ELSEVIER","0165-5728","1872-8421","IMMUNOLOGY","SCIE","9,975","3.1","Q3","0.63","17.55"%,
"IMMUNOBIOLOGY","IMMUNOBIOLOGY","ELSEVIER GMBH","0171-2985","1878-3279","IMMUNOLOGY","SCIE","5,155","3.1","Q3","0.6","67.92"%,
"Journal of Immunotherapy and Precision Oncology","J IMMUNOTHER PRECIS","Innovative Healthcare Institute","2666-2345","2590-017X","IMMUNOLOGY","ESCI","388","3.1","Q3","0.54","96.39"%,
"FUNGAL GENETICS AND BIOLOGY","FUNGAL GENET BIOL","ACADEMIC PRESS INC ELSEVIER SCIENCE","1087-1845","1096-0937","MYCOLOGY","SCIE","5,633","3","Q3","0.72","36.91"%,
"Allergy Asthma and Clinical Immunology","ALLERGY ASTHMA CL IM","BMC","1710-1492","1710-1492","IMMUNOLOGY","SCIE","3,001","3","Q3","0.56","100"%,
"Rheumatology and Immunology Research","RHEUMATOL IMMUNOL RE","WALTER DE GRUYTER GMBH","N/A","2719-4523","IMMUNOLOGY","ESCI","345","3","Q3","0.53","100"%,
"Fungal Biology","FUNGAL BIOL-UK","ELSEVIER SCI LTD","1878-6146","1878-6162","MYCOLOGY","SCIE","4,224","2.9","Q3","0.89","28.96"%,
"AIDS","AIDS","LIPPINCOTT WILLIAMS & WILKINS","0269-9370","1473-5571","IMMUNOLOGY","SCIE","13,944","2.9","Q3","0.81","24.79"%,
"MICROBES AND INFECTION","MICROBES INFECT","ELSEVIER","1286-4579","1769-714X","IMMUNOLOGY","SCIE","6,701","2.9","Q3","0.79","34.32"%,
"BMC IMMUNOLOGY","BMC IMMUNOL","BMC","N/A","1471-2172","IMMUNOLOGY","SCIE","2,983","2.9","Q3","0.68","100"%,
"JOURNAL OF IMMUNOTHERAPY","J IMMUNOTHER","LIPPINCOTT WILLIAMS & WILKINS","1524-9557","1537-4513","IMMUNOLOGY","SCIE","3,016","2.9","Q3","0.67","25.38"%,
"Tuberculosis","TUBERCULOSIS","CHURCHILL LIVINGSTONE","1472-9792","1873-281X","IMMUNOLOGY","SCIE","3,797","2.9","Q3","0.52","27.39"%,
"INTERNATIONAL JOURNAL OF IMMUNOPATHOLOGY AND PHARMACOLOGY","INT J IMMUNOPATH PH","SAGE PUBLICATIONS INC","0394-6320","2058-7384","IMMUNOLOGY","SCIE","3,205","2.8","Q3","0.8","99.02"%,
"Journal of Virus Eradication","J VIRUS ERAD","MEDISCRIPT LTD","2055-6640","2055-6659","IMMUNOLOGY","SCIE","752","2.8","Q3","0.54","100"%,
"Current Opinion in Allergy and Clinical Immunology","CURR OPIN ALLERGY CL","LIPPINCOTT WILLIAMS & WILKINS","1528-4050","1473-6322","IMMUNOLOGY","SCIE","2,905","2.8","Q3","0.37","16.75"%,
"JOURNAL OF ANTIBIOTICS","J ANTIBIOT","SPRINGERNATURE","0021-8820","1881-1469","IMMUNOLOGY","SCIE","8,922","2.7","Q3","0.57","11.79"%,
"IMMUNOLOGIC RESEARCH","IMMUNOL RES","SPRINGER","0257-277X","1559-0755","IMMUNOLOGY","SCIE","4,277","2.7","Q3","0.51","24.28"%,
"Immuno","IMMUNO-BASEL","MDPI","N/A","2673-5601","IMMUNOLOGY","ESCI","381","2.7","Q3","0.34","99.22"%,
"Journal of Allergy and Clinical Immunology: Global","J ALLER CL IMM-GLOB","ELSEVIER","N/A","2772-8293","IMMUNOLOGY","ESCI","963","2.6","Q3","0.62","100"%,
"MYCOLOGICAL PROGRESS","MYCOL PROG","SPRINGER HEIDELBERG","1617-416X","1861-8952","MYCOLOGY","SCIE","3,564","2.5","Q3","0.76","34.73"%,
"COMPARATIVE IMMUNOLOGY MICROBIOLOGY AND INFECTIOUS DISEASES","COMP IMMUNOL MICROB","ELSEVIER SCI LTD","0147-9571","1878-1667","IMMUNOLOGY","SCIE","3,118","2.5","Q3","0.67","12.99"%,
"AMERICAN JOURNAL OF REPRODUCTIVE IMMUNOLOGY","AM J REPROD IMMUNOL","WILEY","1046-7408","1600-0897","IMMUNOLOGY","SCIE","6,628","2.5","Q3","0.63","23.28"%,
"Transplant Infectious Disease","TRANSPL INFECT DIS","WILEY","1398-2273","1399-3062","IMMUNOLOGY","SCIE","4,040","2.5","Q3","0.63","40.2"%,
"MYCOBIOLOGY","MYCOBIOLOGY","TAYLOR & FRANCIS LTD","1229-8093","2092-9323","MYCOLOGY","SCIE","2,302","2.5","Q3","0.58","100"%,
"Vaccine: X","VACCINE-X","ELSEVIER","2590-1362","2590-1362","IMMUNOLOGY","ESCI","1,391","2.5","Q3","0.56","100"%,
"DEVELOPMENTAL AND COMPARATIVE IMMUNOLOGY","DEV COMP IMMUNOL","ELSEVIER SCI LTD","0145-305X","1879-0089","IMMUNOLOGY","SCIE","10,630","2.4","Q3","0.97","13.37"%,
"Comparative Immunology Reports","COMP IMMUNOL REP","ELSEVIER SCI LTD","N/A","2950-3116","IMMUNOLOGY","ESCI","186","2.4","Q3","0.74","100"%,
"JOURNAL DE MYCOLOGIE MEDICALE","J MYCOL MED","MASSON EDITEUR","1156-5233","1773-0449","MYCOLOGY","SCIE","1,655","2.4","Q3","0.49","17.24"%,
"SCANDINAVIAN JOURNAL OF IMMUNOLOGY","SCAND J IMMUNOL","WILEY","0300-9475","1365-3083","IMMUNOLOGY","SCIE","4,560","2.4","Q3","0.36","31.1"%,
"PEDIATRIC INFECTIOUS DISEASE JOURNAL","PEDIATR INFECT DIS J","LIPPINCOTT WILLIAMS & WILKINS","0891-3668","1532-0987","IMMUNOLOGY","SCIE","11,289","2.3","Q3","0.77","17.98"%,
"JAIDS-JOURNAL OF ACQUIRED IMMUNE DEFICIENCY SYNDROMES","JAIDS-J ACQ IMM DEF","LIPPINCOTT WILLIAMS & WILKINS","1525-4135","1077-9450","IMMUNOLOGY","SCIE","11,285","2.3","Q3","0.62","24.18"%,
"IMMUNOLOGICAL INVESTIGATIONS","IMMUNOL INVEST","TAYLOR & FRANCIS INC","0882-0139","1532-4311","IMMUNOLOGY","SCIE","2,199","2.3","Q3","0.59","3.2"%,
"Immunological Medicine","IMMUNOL MED","TAYLOR & FRANCIS LTD","N/A","2578-5826","IMMUNOLOGY","ESCI","585","2.3","Q3","0.52","100"%,
"INTERNATIONAL ARCHIVES OF ALLERGY AND IMMUNOLOGY","INT ARCH ALLERGY IMM","KARGER","1018-2438","1423-0097","IMMUNOLOGY","SCIE","5,127","2.3","Q3","0.52","13.54"%,
"Immunotherapy","IMMUNOTHERAPY-UK","TAYLOR & FRANCIS LTD","1750-743X","1750-7448","IMMUNOLOGY","SCIE","3,099","2.3","Q3","0.46","10"%,
"MYCOLOGIA","MYCOLOGIA","TAYLOR & FRANCIS INC","0027-5514","1557-2536","MYCOLOGY","SCIE","9,412","2.2","Q3","0.74","11.17"%,
"APMIS","APMIS","WILEY","0903-4641","1600-0463","IMMUNOLOGY","SCIE","4,335","2.2","Q4","0.55","40.13"%,
"YEAST","YEAST","WILEY","0749-503X","1097-0061","MYCOLOGY","SCIE","3,761","2.2","Q3","0.46","47.83"%,
"World Mycotoxin Journal","WORLD MYCOTOXIN J","BRILL","1875-0710","1875-0796","MYCOLOGY","SCIE","1,193","2.2","Q3","0.44","28.81"%,
"IMMUNOGENETICS","IMMUNOGENETICS","SPRINGER","0093-7711","1432-1211","IMMUNOLOGY","SCIE","2,603","2.1","Q4","0.54","37.63"%,
"ASIAN PACIFIC JOURNAL OF ALLERGY AND IMMUNOLOGY","ASIAN PAC J ALLERGY","ALLERGY IMMUNOL SOC THAILAND","0125-877X","2228-8694","IMMUNOLOGY","SCIE","1,280","2.1","Q4","0.51","9.81"%,
"HUMAN IMMUNOLOGY","HUM IMMUNOL","ELSEVIER SCIENCE INC","0198-8859","1879-1166","IMMUNOLOGY","SCIE","4,851","2.1","Q4","0.44","18.18"%,
"INDIAN JOURNAL OF MEDICAL RESEARCH","INDIAN J MED RES","SCIENTIFIC SCHOLAR LLC","0971-5916","0971-5916","IMMUNOLOGY","SCIE","8,065","2.1","Q4","0.41","99.75"%,
"TRANSFUSION MEDICINE AND HEMOTHERAPY","TRANSFUS MED HEMOTH","KARGER","1660-3796","1660-3818","IMMUNOLOGY","SCIE","1,779","2.1","Q4","0.38","100"%,
"International Journal of Inflammation","INT J INFLAMM","WILEY","2090-8040","2042-0099","IMMUNOLOGY","ESCI","989","2.1","Q4","0.35","100"%,
"LYMPHOLOGY","LYMPHOLOGY","LYMPHOLOGY","0024-7766","N/A","IMMUNOLOGY","SCIE","843","2.1","Q4","0.34","9.62"%,
"Endocrine Metabolic & Immune Disorders-Drug Targets","ENDOCR METAB IMMUNE","BENTHAM SCIENCE PUBL LTD","1871-5303","2212-3873","IMMUNOLOGY","SCIE","2,919","2","Q4","0.4","17.09"%,
"AIDS REVIEWS","AIDS REV","PERMANYER PUBL","1139-6121","1698-6997","IMMUNOLOGY","SCIE","526","2","Q4","0.39","0"%,
"JOURNAL OF INTERFERON AND CYTOKINE RESEARCH","J INTERF CYTOK RES","SAGE PUBLICATIONS INC","1079-9907","1557-7465","IMMUNOLOGY","SCIE","3,286","1.9","Q4","0.31","5.67"%,
"American Journal of Clinical and Experimental Immunology","AM J CLIN EXP IMMUNO","E-CENTURY PUBLISHING CORP","N/A","2164-7712","IMMUNOLOGY","ESCI","301","1.9","Q4","0.29","0"%,
"VETERINARY IMMUNOLOGY AND IMMUNOPATHOLOGY","VET IMMUNOL IMMUNOP","ELSEVIER","0165-2427","1873-2534","IMMUNOLOGY","SCIE","5,474","1.8","Q4","0.58","29.22"%,
"Medical Mycology Journal","MED MYCOL J","JAPANESE SOC MEDICAL MYCOLOGY","2185-6486","2186-165X","MYCOLOGY","ESCI","293","1.8","Q4","0.41","92.19"%,
"CRITICAL REVIEWS IN IMMUNOLOGY","CRIT REV IMMUNOL","BEGELL HOUSE INC","1040-8401","2162-6472","IMMUNOLOGY","SCIE","1,553","1.8","Q4","0.36","2.83"%,
"Rheumatology & Autoimmunity","RHEUMATOL AUTOIMMUN","WILEY","2767-1410","2767-1429","IMMUNOLOGY","ESCI","156","1.8","Q4","0.28","100"%,
"JOURNAL OF IMMUNOLOGICAL METHODS","J IMMUNOL METHODS","ELSEVIER","0022-1759","1872-7905","IMMUNOLOGY","SCIE","9,738","1.7","Q4","0.4","33"%,
"Transplant Immunology","TRANSPL IMMUNOL","ELSEVIER","0966-3274","1878-5492","IMMUNOLOGY","SCIE","1,836","1.6","Q4","0.44","15.97"%,
"INTERNATIONAL JOURNAL OF MEDICINAL MUSHROOMS","INT J MED MUSHROOMS","BEGELL HOUSE INC","1521-9437","1940-4344","MYCOLOGY","SCIE","2,135","1.6","Q4","0.35","0.43"%,
"INTERNATIONAL JOURNAL OF STD & AIDS","INT J STD AIDS","SAGE PUBLICATIONS LTD","0956-4624","1758-1052","IMMUNOLOGY","SCIE","3,282","1.6","Q4","0.35","12.61"%,
"MICROBIOLOGY AND IMMUNOLOGY","MICROBIOL IMMUNOL","WILEY","0385-5600","1348-0421","IMMUNOLOGY","SCIE","3,141","1.6","Q4","0.35","28.4"%,
"ACTA MICROBIOLOGICA ET IMMUNOLOGICA HUNGARICA","ACTA MICROBIOL IMM H","AKADEMIAI KIADO ZRT","1217-8950","1588-2640","IMMUNOLOGY","SCIE","712","1.5","Q4","0.38","14.6"%,
"VIRAL IMMUNOLOGY","VIRAL IMMUNOL","SAGE PUBLICATIONS INC","0882-8245","1557-8976","IMMUNOLOGY","SCIE","1,589","1.5","Q4","0.31","4.79"%,
"Iranian Journal of Allergy Asthma and Immunology","IRAN J ALLERGY ASTHM","TEHRAN UNIV MEDICAL SCIENCES","1735-1502","1735-5249","IMMUNOLOGY","SCIE","1,038","1.5","Q4","0.3","98.48"%,
"Central European Journal of Immunology","CENT EUR J IMMUNOL","TERMEDIA PUBLISHING HOUSE LTD","1426-3912","1644-4124","IMMUNOLOGY","SCIE","1,260","1.5","Q4","0.29","100"%,
"Indian Journal of Medical Microbiology","INDIAN J MED MICROBI","ELSEVIER","0255-0857","1998-3646","IMMUNOLOGY","SCIE","2,317","1.5","Q4","0.27","100"%,
"EUROPEAN CYTOKINE NETWORK","EUR CYTOKINE NETW","TECH SCIENCE PRESS","N/A","1952-4005","IMMUNOLOGY","SCIE","773","1.5","Q4","0.22","13.64"%,
"MYCOSCIENCE","MYCOSCIENCE","MYCOLOGICAL SOC JAPAN","1340-3540","1618-2545","MYCOLOGY","SCIE","1,865","1.4","Q4","0.41","98.9"%,
"REVISTA IBEROAMERICANA DE MICOLOGIA","REV IBEROAM MICOL","ASOCIACION ESPANOLA MICOLOGIA-AEM","1130-1406","N/A","MYCOLOGY","SCIE","929","1.4","Q4","0.38","15"%,
"Clinical and Experimental Vaccine Research","CLIN EXP VACCINE RES","KOREAN VACCINE SOC","2287-3651","2287-366X","IMMUNOLOGY","ESCI","544","1.4","Q4","0.28","100"%,
"Pediatric Allergy Immunology and Pulmonology","PEDIAT ALLER IMM PUL","SAGE PUBLICATIONS INC","2151-321X","2151-3228","IMMUNOLOGY","SCIE","422","1.3","Q4","0.33","0"%,
"International Journal of Immunogenetics","INT J IMMUNOGENET","WILEY","1744-3121","1744-313X","IMMUNOLOGY","SCIE","755","1.3","Q4","0.3","21.7"%,
"TRANSFUSION CLINIQUE ET BIOLOGIQUE","TRANSFUS CLIN BIOL","ELSEVIER FRANCE-EDITIONS SCIENTIFIQUES MEDICALES ELSEVIER","1246-7820","N/A","IMMUNOLOGY","SCIE","751","1.3","Q4","0.24","9.93"%,
"CRYPTOGAMIE MYCOLOGIE","CRYPTOGAMIE MYCOL","ADAC-CRYPTOGAMIE","0181-1584","1776-100X","MYCOLOGY","SCIE","732","1.2","Q4","0.49","0"%,
"LICHENOLOGIST","LICHENOLOGIST","CAMBRIDGE UNIV PRESS","0024-2829","1096-1135","MYCOLOGY","SCIE","1,584","1.2","Q4","0.35","45.45"%,
"PARASITE IMMUNOLOGY","PARASITE IMMUNOL","WILEY","0141-9838","1365-3024","IMMUNOLOGY","SCIE","2,369","1.2","Q4","0.33","29.77"%,
"SYDOWIA","SYDOWIA","VERLAG FERDINAND BERGER SOHNE GESELLSCHAFT MBH","0082-0598","N/A","MYCOLOGY","SCIE","892","1.2","Q4","0.3","0"%,
"Plant and Fungal Systematics","PLANT FUNGAL SYST","W SZAFER INST BOTANY, POLISH ACAD SCIENCES","2544-7459","2657-5000","MYCOLOGY","ESCI","148","1.1","Q4","0.25","100"%,
"Iranian Journal of Immunology","IRAN J IMMUNOL","SHIRAZ INST CANCER RES","1735-1383","1735-367X","IMMUNOLOGY","SCIE","488","1.1","Q4","0.22","0"%,
"European Journal of Inflammation","EUR J INFLAMM","SAGE PUBLICATIONS INC","1721-727X","2058-7392","IMMUNOLOGY","SCIE","649","1.1","Q4","0.14","100"%,
"AIDS RESEARCH AND HUMAN RETROVIRUSES","AIDS RES HUM RETROV","SAGE PUBLICATIONS INC","0889-2229","1931-8405","IMMUNOLOGY","SCIE","3,024","1","Q4","0.31","8.98"%,
"Case Reports in Immunology","CASE REP IMMUNOL","WILEY","2090-6609","2090-6617","IMMUNOLOGY","ESCI","100","0.9","Q4","0.27","100"%,
"Journal of Cutaneous Immunology and Allergy","J CUTAN IMMUNOL ALL","FRONTIERS MEDIA SA","N/A","2574-4593","IMMUNOLOGY","ESCI","121","0.9","Q4","0.21","100"%,
"Immunopathologia Persa","IMMUNOPATHOL PERSA","NIKAN RESEARCH INST","2423-8015","2423-8015","IMMUNOLOGY","ESCI","208","0.9","Q4","0.17","96.58"%,
"TRANSPLANTATION PROCEEDINGS","TRANSPL P","ELSEVIER SCIENCE INC","0041-1345","1873-2623","IMMUNOLOGY","SCIE","9,969","0.8","Q4","0.28","16.53"%,
"CURRENT HIV RESEARCH","CURR HIV RES","BENTHAM SCIENCE PUBL LTD","1570-162X","1873-4251","IMMUNOLOGY","SCIE","840","0.8","Q4","0.2","12.5"%,
"ISJ-Invertebrate Survival Journal","ISJ-INVERT SURVIV J","INVERTEBRATE SURVIVAL JOURNAL","1824-307X","N/A","IMMUNOLOGY","SCIE","451","0.5","Q4","0.27","0"%,
"Turkish Journal of Immunology","TURK J IMMUNOL","GALENOS PUBL HOUSE","1301-109X","2147-8325","IMMUNOLOGY","ESCI","46","0.5","Q4","0.07","100"%,
"AIMS Allergy and Immunology","AIMS ALLERGY IMMUNOL","AMER INST MATHEMATICAL SCIENCES-AIMS","2575-615X","2575-615X","IMMUNOLOGY","ESCI","54","0.4","Q4","0.06","98.15"%,
"Alergia Astma Immunologia","ALERG ASTMA IMMUNOL","Asthma and Allergy Patients Support Organization","1427-3101","1427-3101","IMMUNOLOGY","ESCI","47","0.2","Q4","0.04","0"%,
"LymphoSign Journal-The Journal of Inherited Immune Disorders","LYMPHOSIGN J","LYMPHOSIGN JOURNAL LTD PARTNERSHIP","2292-5937","2292-5945","IMMUNOLOGY","ESCI","57","0.1","Q4","0.04","0"%,

Copyright (c) 2026 Clarivate 
By exporting the selected data; you agree to the data usage policy set forth in the Terms of Use 
