"Journal Data Filtered By:  Selected Categories: COMPUTER SCIENCE, INTERDISCIPLINARY APPLICATIONS;MATHEMATICAL & COMPUTATIONAL BIOLOGY;STATISTICS & PROBABILITY Selected Editions: SCIE;SSCI;AHCI;ESCI Selected JCR Year: 2025 Selected Category Schema: WOS Selected Open Access: N Indicator: Default"

Journal name,JCR Abbreviation,Publisher,ISSN,eISSN,Category,Edition,Total Citations,2025 JIF,JIF Quartile,2025 JCI,% of Citable OA
"Nature Machine Intelligence","NAT MACH INTELL","NATURE PORTFOLIO","N/A","2522-5839","COMPUTER SCIENCE, INTERDISCIPLINARY APPLICATIONS","SCIE","23,900","29.8","Q1","4.19","37.47"%,
"Computers and Education: Artificial Intelligence","COMPUT EDUC-ARTIF IN","ELSEVIER","2666-920X","2666-920X","COMPUTER SCIENCE, INTERDISCIPLINARY APPLICATIONS","ESCI","7,468","23.4","Q1","5.27","100"%,
"Nature Computational Science","NAT COMPUT SCI","SPRINGERNATURE","N/A","2662-8457","COMPUTER SCIENCE, INTERDISCIPLINARY APPLICATIONS","SCIE","6,661","20.3","Q1","3.6","29.75"%,
"Foundations and Trends in Computer Graphics and Vision","FOUND TRENDS COMPUT","NOW PUBLISHERS INC","1572-2740","1572-2759","COMPUTER SCIENCE, INTERDISCIPLINARY APPLICATIONS","ESCI","569","14.7","Q1","2.67","100"%,
"Journal of Statistical Software","J STAT SOFTW","JOURNAL STATISTICAL SOFTWARE","1548-7660","1548-7660","COMPUTER SCIENCE, INTERDISCIPLINARY APPLICATIONS","SCIE","54,739","14.3","Q1","3.12","100"%,
"Journal of Statistical Software","J STAT SOFTW","JOURNAL STATISTICAL SOFTWARE","1548-7660","1548-7660","STATISTICS & PROBABILITY","SCIE","54,739","14.3","Q1","3.12","100"%,
"MEDICAL IMAGE ANALYSIS","MED IMAGE ANAL","ELSEVIER","1361-8415","1361-8423","COMPUTER SCIENCE, INTERDISCIPLINARY APPLICATIONS","SCIE","32,042","14","Q1","2.67","33.76"%,
"COMPUTATIONAL LINGUISTICS","COMPUT LINGUIST","MIT PRESS","0891-2017","1530-9312","COMPUTER SCIENCE, INTERDISCIPLINARY APPLICATIONS","SCIE","3,750","13.4","Q1","4.41","100"%,
"Meta-Radiology","META-RADIOLOGY","KEAI PUBLISHING LTD","N/A","2950-1628","COMPUTER SCIENCE, INTERDISCIPLINARY APPLICATIONS","ESCI","696","13.3","Q1","2.32","100"%,
"COMPUTERS & EDUCATION","COMPUT EDUC","PERGAMON-ELSEVIER SCIENCE LTD","0360-1315","1873-782X","COMPUTER SCIENCE, INTERDISCIPLINARY APPLICATIONS","SCIE","30,879","13.2","Q1","3.57","39.59"%,
"ARCHIVES OF COMPUTATIONAL METHODS IN ENGINEERING","ARCH COMPUT METHOD E","SPRINGER","1134-3060","1886-1784","COMPUTER SCIENCE, INTERDISCIPLINARY APPLICATIONS","SCIE","15,579","12.9","Q1","1.54","17.59"%,
"IEEE TRANSACTIONS ON MEDICAL IMAGING","IEEE T MED IMAGING","IEEE-INST ELECTRICAL ELECTRONICS ENGINEERS INC","0278-0062","1558-254X","COMPUTER SCIENCE, INTERDISCIPLINARY APPLICATIONS","SCIE","43,138","12.4","Q1","2.4","10.4"%,
"Computers and Education Open","COMPUT EDUC OPEN","ELSEVIER","2666-5573","2666-5573","COMPUTER SCIENCE, INTERDISCIPLINARY APPLICATIONS","ESCI","2,155","12.3","Q1","2.54","100"%,
"ROBOTICS AND COMPUTER-INTEGRATED MANUFACTURING","ROBOT CIM-INT MANUF","PERGAMON-ELSEVIER SCIENCE LTD","0736-5845","1879-2537","COMPUTER SCIENCE, INTERDISCIPLINARY APPLICATIONS","SCIE","16,286","12.3","Q1","2.02","25.23"%,
"Journal of Industrial Information Integration","J IND INF INTEGR","ELSEVIER","2467-964X","2452-414X","COMPUTER SCIENCE, INTERDISCIPLINARY APPLICATIONS","SCIE","6,282","11.2","Q1","1.9","26.09"%,
"Wiley Interdisciplinary Reviews-Computational Molecular Science","WIRES COMPUT MOL SCI","WILEY","1759-0876","1759-0884","MATHEMATICAL & COMPUTATIONAL BIOLOGY","SCIE","14,224","10.9","Q1","4.16","44.72"%,
"Patterns","PATTERNS","CELL PRESS","2666-3899","2666-3899","COMPUTER SCIENCE, INTERDISCIPLINARY APPLICATIONS","ESCI","5,672","10.8","Q1","1.45","100"%,
"COMPUTERS AND ELECTRONICS IN AGRICULTURE","COMPUT ELECTRON AGR","ELSEVIER SCI LTD","0168-1699","1872-7107","COMPUTER SCIENCE, INTERDISCIPLINARY APPLICATIONS","SCIE","65,217","10.3","Q1","2.07","22.99"%,
"International Journal of Artificial Intelligence in Education","INT J ARTIF INTELL E","SPRINGER","1560-4292","1560-4306","COMPUTER SCIENCE, INTERDISCIPLINARY APPLICATIONS","ESCI","4,206","10.1","Q1","1.31","57.63"%,
"COMPUTERS IN INDUSTRY","COMPUT IND","ELSEVIER","0166-3615","1872-6194","COMPUTER SCIENCE, INTERDISCIPLINARY APPLICATIONS","SCIE","12,020","10","Q1","1.74","38.36"%,
"IEEE Transactions on Industrial Informatics","IEEE T IND INFORM","IEEE-INST ELECTRICAL ELECTRONICS ENGINEERS INC","1551-3203","1941-0050","COMPUTER SCIENCE, INTERDISCIPLINARY APPLICATIONS","SCIE","67,688","9.8","Q1","1.9","2.27"%,
"Annual Review of Statistics and Its Application","ANNU REV STAT APPL","ANNUAL REVIEWS","2326-8298","2326-831X","STATISTICS & PROBABILITY","SCIE","3,235","9.8","Q1","1.39","98.67"%,
"COMPUTER-AIDED CIVIL AND INFRASTRUCTURE ENGINEERING","COMPUT-AIDED CIV INF","ELSEVIER SCIENCE INC","1093-9687","1467-8667","COMPUTER SCIENCE, INTERDISCIPLINARY APPLICATIONS","SCIE","11,486","9.2","Q1","1.67","64.61"%,
"AI Open","AI OPEN","KEAI PUBLISHING LTD","N/A","2666-6510","COMPUTER SCIENCE, INTERDISCIPLINARY APPLICATIONS","ESCI","2,476","8.9","Q1","2.48","100"%,
"Information Processing in Agriculture","INFORM PROCESS AGR","ELSEVIER","2214-3173","2214-3173","COMPUTER SCIENCE, INTERDISCIPLINARY APPLICATIONS","SCIE","3,081","8.9","Q1","2.02","100"%,
"Machine Learning and Knowledge Extraction","MACH LEARN KNOW EXTR","MDPI","N/A","2504-4990","COMPUTER SCIENCE, INTERDISCIPLINARY APPLICATIONS","ESCI","3,187","8.4","Q1","0.91","100"%,
"Statistics Surveys","STAT SURV","AMER STATISTICAL ASSOC","1935-7516","1935-7516","STATISTICS & PROBABILITY","ESCI","1,434","8.2","Q1","6.69","92.86"%,
"Annual Review of Biomedical Data Science","ANNU REV BIOMED DA S","ANNUAL REVIEWS","2574-3414","2574-3414","MATHEMATICAL & COMPUTATIONAL BIOLOGY","SCIE","1,071","8.1","Q1","0.81","100"%,
"Research Synthesis Methods","RES SYNTH METHODS","CAMBRIDGE UNIV PRESS","1759-2879","1759-2887","MATHEMATICAL & COMPUTATIONAL BIOLOGY","SCIE","10,861","8","Q1","1.83","88.73"%,
"Journal of Cheminformatics","J CHEMINFORMATICS","BMC","1758-2946","1758-2946","COMPUTER SCIENCE, INTERDISCIPLINARY APPLICATIONS","SCIE","13,430","7.9","Q1","1.34","100"%,
"BioData Mining","BIODATA MIN","BMC","1756-0381","1756-0381","MATHEMATICAL & COMPUTATIONAL BIOLOGY","SCIE","2,020","7.9","Q1","1.22","100"%,
"APPLIED SOFT COMPUTING","APPL SOFT COMPUT","ELSEVIER","1568-4946","1872-9681","COMPUTER SCIENCE, INTERDISCIPLINARY APPLICATIONS","SCIE","56,796","7.8","Q1","1.26","9.89"%,
"Intelligent Medicine","INTEL MED","ELSEVIER","2667-1026","2667-1026","COMPUTER SCIENCE, INTERDISCIPLINARY APPLICATIONS","ESCI","732","7.8","Q1","0.95","100"%,
"IEEE Journal of Biomedical and Health Informatics","IEEE J BIOMED HEALTH","IEEE-INST ELECTRICAL ELECTRONICS ENGINEERS INC","2168-2194","2168-2208","COMPUTER SCIENCE, INTERDISCIPLINARY APPLICATIONS","SCIE","27,151","7.7","Q1","1.77","6.35"%,
"IEEE Journal of Biomedical and Health Informatics","IEEE J BIOMED HEALTH","IEEE-INST ELECTRICAL ELECTRONICS ENGINEERS INC","2168-2194","2168-2208","MATHEMATICAL & COMPUTATIONAL BIOLOGY","SCIE","27,151","7.7","Q1","1.77","6.35"%,
"JOURNAL OF NETWORK AND COMPUTER APPLICATIONS","J NETW COMPUT APPL","ACADEMIC PRESS LTD- ELSEVIER SCIENCE LTD","1084-8045","1095-8592","COMPUTER SCIENCE, INTERDISCIPLINARY APPLICATIONS","SCIE","11,545","7.7","Q1","1.22","19.54"%,
"IEEE Transactions on Learning Technologies","IEEE T LEARN TECHNOL","IEEE COMPUTER SOC","1939-1382","1939-1382","COMPUTER SCIENCE, INTERDISCIPLINARY APPLICATIONS","SCIE","3,995","7.4","Q1","2.22","13.94"%,
"BRIEFINGS IN BIOINFORMATICS","BRIEF BIOINFORM","OXFORD UNIV PRESS","1467-5463","1477-4054","MATHEMATICAL & COMPUTATIONAL BIOLOGY","SCIE","33,255","7.3","Q1","1.79","81.95"%,
"Computers & Industrial Engineering","COMPUT IND ENG","PERGAMON-ELSEVIER SCIENCE LTD","0360-8352","1879-0550","COMPUTER SCIENCE, INTERDISCIPLINARY APPLICATIONS","SCIE","43,552","7.3","Q1","1.19","15.73"%,
"COMPUTERS AND GEOTECHNICS","COMPUT GEOTECH","ELSEVIER SCI LTD","0266-352X","1873-7633","COMPUTER SCIENCE, INTERDISCIPLINARY APPLICATIONS","SCIE","36,532","7.1","Q1","1.51","17.96"%,
"JOURNAL OF THE AMERICAN MEDICAL INFORMATICS ASSOCIATION","J AM MED INFORM ASSN","OXFORD UNIV PRESS","1067-5027","1527-974X","COMPUTER SCIENCE, INTERDISCIPLINARY APPLICATIONS","SCIE","18,887","7.1","Q1","1.48","38.63"%,
"Digital Discovery","DIGIT DISCOV","ROYAL SOC CHEMISTRY","N/A","2635-098X","COMPUTER SCIENCE, INTERDISCIPLINARY APPLICATIONS","ESCI","3,710","7.1","Q1","1.09","100"%,
"Journal of Computational Design and Engineering","J COMPUT DES ENG","OXFORD UNIV PRESS","N/A","2288-5048","COMPUTER SCIENCE, INTERDISCIPLINARY APPLICATIONS","SCIE","3,821","6.8","Q1","1.51","99.72"%,
"Electronic Commerce Research and Applications","ELECTRON COMMER R A","ELSEVIER","1567-4223","1873-7846","COMPUTER SCIENCE, INTERDISCIPLINARY APPLICATIONS","SCIE","6,219","6.8","Q1","1.27","12.9"%,
"Visual Computing for Industry Biomedicine and Art","VIS COMPUT IND BIOME","SPRINGER SINGAPORE PTE LTD","N/A","2524-4442","COMPUTER SCIENCE, INTERDISCIPLINARY APPLICATIONS","ESCI","857","6.7","Q1","0.84","100"%,
"STATISTICAL SCIENCE","STAT SCI","INST MATHEMATICAL STATISTICS-IMS","0883-4237","2168-8745","STATISTICS & PROBABILITY","SCIE","9,500","6.6","Q1","2.1","2.33"%,
"Blockchain-Research and Applications","BLOCKCHAIN-RES APPL","ELSEVIER","2096-7209","2096-7209","COMPUTER SCIENCE, INTERDISCIPLINARY APPLICATIONS","ESCI","1,172","6.5","Q1","1.49","100"%,
"Journal of Infrastructure Intelligence and Resilience","J INFRASTRUCT INTELL","ELSEVIER","N/A","2772-9915","COMPUTER SCIENCE, INTERDISCIPLINARY APPLICATIONS","ESCI","418","6.5","Q1","0.91","100"%,
"AI","AI-BASEL","MDPI","N/A","2673-2688","COMPUTER SCIENCE, INTERDISCIPLINARY APPLICATIONS","ESCI","2,218","6.5","Q1","0.76","100"%,
"INTEGRATED COMPUTER-AIDED ENGINEERING","INTEGR COMPUT-AID E","SAGE PUBLICATIONS INC","1069-2509","1875-8835","COMPUTER SCIENCE, INTERDISCIPLINARY APPLICATIONS","SCIE","765","6.4","Q1","1.28","20"%,
"Journal of Chemical Information and Modeling","J CHEM INF MODEL","AMER CHEMICAL SOC","1549-9596","1549-960X","COMPUTER SCIENCE, INTERDISCIPLINARY APPLICATIONS","SCIE","46,598","6.4","Q1","1.17","30.5"%,
"Computer Methods and Programs in Biomedicine","COMPUT METH PROG BIO","ELSEVIER IRELAND LTD","0169-2607","1872-7565","COMPUTER SCIENCE, INTERDISCIPLINARY APPLICATIONS","SCIE","24,674","6.4","Q1","1.09","34.12"%,
"Intelligent Computing","INTELL COMPUT-WASH","AMER ASSOC ADVANCEMENT SCIENCE","N/A","2771-5892","COMPUTER SCIENCE, INTERDISCIPLINARY APPLICATIONS","ESCI","528","6.4","Q1","0.72","100"%,
"ADVANCES IN ENGINEERING SOFTWARE","ADV ENG SOFTW","ELSEVIER SCI LTD","0965-9978","1873-5339","COMPUTER SCIENCE, INTERDISCIPLINARY APPLICATIONS","SCIE","12,783","6.3","Q1","1.4","18.39"%,
"ECONOMETRICA","ECONOMETRICA","WILEY","0012-9682","1468-0262","STATISTICS & PROBABILITY","SCIE","48,459","6.2","Q1","2.63","26.19"%,
"Machine Learning with Applications","MACH LEARN APPL-NETH","ELSEVIER","N/A","2666-8270","COMPUTER SCIENCE, INTERDISCIPLINARY APPLICATIONS","ESCI","3,314","6.1","Q1","1.16","100"%,
"Wiley Interdisciplinary Reviews-Computational Statistics","WIRES COMPUT STAT","WILEY","1939-0068","1939-0068","STATISTICS & PROBABILITY","SCIE","6,408","6.1","Q1","0.93","34.78"%,
"INDUSTRIAL MANAGEMENT & DATA SYSTEMS","IND MANAGE DATA SYST","EMERALD GROUP PUBLISHING LTD","0263-5577","1758-5783","COMPUTER SCIENCE, INTERDISCIPLINARY APPLICATIONS","SCIE","9,746","6.1","Q1","0.9","1.93"%,
"IEEE Open Journal of the Computer Society","IEEE OPEN J COMP SOC","IEEE-INST ELECTRICAL ELECTRONICS ENGINEERS INC","N/A","2644-1268","COMPUTER SCIENCE, INTERDISCIPLINARY APPLICATIONS","ESCI","1,217","6","Q2","1.35","100"%,
"Computers & Education: X Reality","COMPUT EDUC-X REAL","ELSEVIER","N/A","2949-6780","COMPUTER SCIENCE, INTERDISCIPLINARY APPLICATIONS","ESCI","510","5.9","Q2","1.33","100"%,
"JOURNAL OF BIOMEDICAL INFORMATICS","J BIOMED INFORM","ACADEMIC PRESS INC ELSEVIER SCIENCE","1532-0464","1532-0480","COMPUTER SCIENCE, INTERDISCIPLINARY APPLICATIONS","SCIE","21,675","5.9","Q2","1","33.8"%,
"JOURNAL OF COMPUTING IN CIVIL ENGINEERING","J COMPUT CIVIL ENG","ASCE-AMER SOC CIVIL ENGINEERS","0887-3801","1943-5487","COMPUTER SCIENCE, INTERDISCIPLINARY APPLICATIONS","SCIE","5,886","5.8","Q2","1.08","3.7"%,
"COMPUTERS & STRUCTURES","COMPUT STRUCT","PERGAMON-ELSEVIER SCIENCE LTD","0045-7949","1879-2243","COMPUTER SCIENCE, INTERDISCIPLINARY APPLICATIONS","SCIE","17,903","5.6","Q2","1","27.86"%,
"BIOINFORMATICS","BIOINFORMATICS","OXFORD UNIV PRESS","1367-4803","1367-4811","MATHEMATICAL & COMPUTATIONAL BIOLOGY","SCIE","194,389","5.5","Q1","1.59","99.95"%,
"COMPUTERS & ELECTRICAL ENGINEERING","COMPUT ELECTR ENG","PERGAMON-ELSEVIER SCIENCE LTD","0045-7906","1879-0755","COMPUTER SCIENCE, INTERDISCIPLINARY APPLICATIONS","SCIE","17,455","5.5","Q2","1.07","12.03"%,
"Intelligent Systems with Applications","INTELL SYST APPL","ELSEVIER","N/A","2667-3053","COMPUTER SCIENCE, INTERDISCIPLINARY APPLICATIONS","ESCI","2,543","5.5","Q2","0.96","100"%,
"VIRTUAL REALITY","VIRTUAL REAL-LONDON","SPRINGER LONDON LTD","1359-4338","1434-9957","COMPUTER SCIENCE, INTERDISCIPLINARY APPLICATIONS","SCIE","5,907","5.4","Q2","1.04","87.87"%,
"Artificial Intelligence and Law","ARTIF INTELL LAW","SPRINGER","0924-8463","1572-8382","COMPUTER SCIENCE, INTERDISCIPLINARY APPLICATIONS","SCIE","1,421","5.3","Q2","2.04","47.48"%,
"International Journal of Information and Learning Technology","INT J INF LEARN TECH","EMERALD GROUP PUBLISHING LTD","2056-4880","2056-4880","COMPUTER SCIENCE, INTERDISCIPLINARY APPLICATIONS","ESCI","947","5.3","Q2","0.77","7.29"%,
"Interdisciplinary Sciences-Computational Life Sciences","INTERDISCIP SCI","SPRINGER HEIDELBERG","1913-2751","1867-1462","MATHEMATICAL & COMPUTATIONAL BIOLOGY","SCIE","1,841","5.2","Q1","1.19","6.45"%,
"ENVIRONMENTAL MODELLING & SOFTWARE","ENVIRON MODELL SOFTW","ELSEVIER SCI LTD","1364-8152","1873-6726","COMPUTER SCIENCE, INTERDISCIPLINARY APPLICATIONS","SCIE","20,197","5.2","Q2","0.86","42.24"%,
"Computers","COMPUTERS","MDPI","2073-431X","2073-431X","COMPUTER SCIENCE, INTERDISCIPLINARY APPLICATIONS","ESCI","5,733","5.2","Q2","0.73","100"%,
"Informatics-Basel","INFORMATICS-BASEL","MDPI","N/A","2227-9709","COMPUTER SCIENCE, INTERDISCIPLINARY APPLICATIONS","ESCI","2,250","5.1","Q2","0.6","100"%,
"COMPUTERS & CHEMICAL ENGINEERING","COMPUT CHEM ENG","PERGAMON-ELSEVIER SCIENCE LTD","0098-1354","1873-4375","COMPUTER SCIENCE, INTERDISCIPLINARY APPLICATIONS","SCIE","18,223","4.9","Q2","0.74","32.09"%,
"Health Data Science","HEALTH DATA SCI","AMER ASSOC ADVANCEMENT SCIENCE","N/A","2765-8783","COMPUTER SCIENCE, INTERDISCIPLINARY APPLICATIONS","ESCI","391","4.8","Q2","0.75","100"%,
"Harvard Data Science Review","HARVARD DATA SCI REV","MIT PRESS","2688-8513","2644-2353","COMPUTER SCIENCE, INTERDISCIPLINARY APPLICATIONS","ESCI","1,218","4.8","Q2","0.48","98.17"%,
"Harvard Data Science Review","HARVARD DATA SCI REV","MIT PRESS","2688-8513","2644-2353","STATISTICS & PROBABILITY","ESCI","1,218","4.8","Q1","0.48","98.17"%,
"SIMULATION MODELLING PRACTICE AND THEORY","SIMUL MODEL PRACT TH","ELSEVIER","1569-190X","1878-1462","COMPUTER SCIENCE, INTERDISCIPLINARY APPLICATIONS","SCIE","5,275","4.6","Q2","0.99","17.9"%,
"COMPUTERS & OPERATIONS RESEARCH","COMPUT OPER RES","PERGAMON-ELSEVIER SCIENCE LTD","0305-0548","1873-765X","COMPUTER SCIENCE, INTERDISCIPLINARY APPLICATIONS","SCIE","19,387","4.6","Q2","0.79","29.83"%,
"STRUCTURAL AND MULTIDISCIPLINARY OPTIMIZATION","STRUCT MULTIDISCIP O","SPRINGER","1615-147X","1615-1488","COMPUTER SCIENCE, INTERDISCIPLINARY APPLICATIONS","SCIE","18,491","4.5","Q2","0.94","25.81"%,
"npj Systems Biology and Applications","NPJ SYST BIOL APPL","NATURE PORTFOLIO","N/A","2056-7189","MATHEMATICAL & COMPUTATIONAL BIOLOGY","SCIE","2,070","4.4","Q1","1","100"%,
"Visual Informatics","VIS INFORM","ELSEVIER","2468-502X","2468-502X","COMPUTER SCIENCE, INTERDISCIPLINARY APPLICATIONS","ESCI","843","4.4","Q2","0.97","100"%,
"BMC BIOINFORMATICS","BMC BIOINFORMATICS","BMC","1471-2105","1471-2105","MATHEMATICAL & COMPUTATIONAL BIOLOGY","SCIE","55,978","4.4","Q1","0.96","100"%,
"Computers and Concrete","COMPUT CONCRETE","TECHNO-PRESS","1598-8198","1598-818X","COMPUTER SCIENCE, INTERDISCIPLINARY APPLICATIONS","SCIE","2,532","4.4","Q2","0.83","0"%,
"SOCIAL SCIENCE COMPUTER REVIEW","SOC SCI COMPUT REV","SAGE PUBLICATIONS INC","0894-4393","1552-8286","COMPUTER SCIENCE, INTERDISCIPLINARY APPLICATIONS","SCIE","4,294","4.3","Q2","1.01","35.43"%,
"INTERNATIONAL JOURNAL OF COMPUTER INTEGRATED MANUFACTURING","INT J COMPUT INTEG M","TAYLOR & FRANCIS LTD","0951-192X","1362-3052","COMPUTER SCIENCE, INTERDISCIPLINARY APPLICATIONS","SCIE","3,854","4.3","Q2","0.71","9.83"%,
"Earth Science Informatics","EARTH SCI INFORM","SPRINGER HEIDELBERG","1865-0473","1865-0481","COMPUTER SCIENCE, INTERDISCIPLINARY APPLICATIONS","SCIE","5,925","4.2","Q2","0.8","11.9"%,
"Machine Learning-Science and Technology","MACH LEARN-SCI TECHN","IOP Publishing Ltd","N/A","2632-2153","COMPUTER SCIENCE, INTERDISCIPLINARY APPLICATIONS","SCIE","4,910","4.2","Q2","0.79","100"%,
"Econometrics Journal","ECONOMET J","OXFORD UNIV PRESS","1368-4221","1368-423X","STATISTICS & PROBABILITY","SCIE","3,120","4.1","Q1","2.26","22.73"%,
"IEEE-ACM Transactions on Computational Biology and Bioinformatics","IEEE ACM T COMPUT BI","IEEE COMPUTER SOC","1545-5963","1557-9964","COMPUTER SCIENCE, INTERDISCIPLINARY APPLICATIONS","SCIE","6,707","4.1","Q2","1.37","5.2"%,
"IEEE-ACM Transactions on Computational Biology and Bioinformatics","IEEE ACM T COMPUT BI","IEEE COMPUTER SOC","1545-5963","1557-9964","STATISTICS & PROBABILITY","SCIE","6,707","4.1","Q1","1.37","5.2"%,
"PROBABILISTIC ENGINEERING MECHANICS","PROBABILIST ENG MECH","ELSEVIER SCI LTD","0266-8920","1878-4275","STATISTICS & PROBABILITY","SCIE","4,658","4.1","Q1","1.18","15.96"%,
"Cybersecurity","CYBERSECURITY","SPRINGERNATURE","2523-3246","2523-3246","COMPUTER SCIENCE, INTERDISCIPLINARY APPLICATIONS","ESCI","1,584","4.1","Q2","0.86","99.61"%,
"ENGINEERING WITH COMPUTERS","ENG COMPUT-GERMANY","SPRINGER","0177-0667","1435-5663","COMPUTER SCIENCE, INTERDISCIPLINARY APPLICATIONS","SCIE","9,039","4.1","Q2","0.78","33.41"%,
"COMPUTERS & GEOSCIENCES","COMPUT GEOSCI-UK","PERGAMON-ELSEVIER SCIENCE LTD","0098-3004","1873-7803","COMPUTER SCIENCE, INTERDISCIPLINARY APPLICATIONS","SCIE","16,864","4.1","Q2","0.74","25.35"%,
"JOURNAL OF THE AMERICAN STATISTICAL ASSOCIATION","J AM STAT ASSOC","TAYLOR & FRANCIS INC","0162-1459","1537-274X","STATISTICS & PROBABILITY","SCIE","53,069","4","Q1","1.64","14.57"%,
"ACM Transactions on Computing for Healthcare","ACM T COMPUT HEALTHC","ASSOC COMPUTING MACHINERY","2691-1957","2637-8051","COMPUTER SCIENCE, INTERDISCIPLINARY APPLICATIONS","ESCI","1,175","4","Q2","1.56","27.45"%,
"MATHEMATICS AND COMPUTERS IN SIMULATION","MATH COMPUT SIMULAT","ELSEVIER","0378-4754","1872-7166","COMPUTER SCIENCE, INTERDISCIPLINARY APPLICATIONS","SCIE","11,408","4","Q2","1.5","15.38"%,
"Applied Computing and Geosciences","APPL COMPUT GEOSCI","ELSEVIER","2590-1974","2590-1974","COMPUTER SCIENCE, INTERDISCIPLINARY APPLICATIONS","ESCI","680","4","Q2","0.85","100"%,
"Journal of Computational Science","J COMPUT SCI-NETH","ELSEVIER","1877-7503","1877-7511","COMPUTER SCIENCE, INTERDISCIPLINARY APPLICATIONS","SCIE","5,644","4","Q2","0.82","27.08"%,
"Current Opinion in Systems Biology","CURR OPIN SYST BIOL","ELSEVIER","2452-3100","2452-3100","MATHEMATICAL & COMPUTATIONAL BIOLOGY","ESCI","1,298","4","Q1","0.74","57.81"%,
"International Journal of Computational Intelligence Systems","INT J COMPUT INT SYS","SPRINGERNATURE","1875-6891","1875-6883","COMPUTER SCIENCE, INTERDISCIPLINARY APPLICATIONS","SCIE","4,052","4","Q2","0.66","100"%,
"JOURNAL OF COMPUTATIONAL PHYSICS","J COMPUT PHYS","ACADEMIC PRESS INC ELSEVIER SCIENCE","0021-9991","1090-2716","COMPUTER SCIENCE, INTERDISCIPLINARY APPLICATIONS","SCIE","78,275","3.9","Q2","1.09","26.28"%,
"COMPUTER PHYSICS COMMUNICATIONS","COMPUT PHYS COMMUN","ELSEVIER","0010-4655","1879-2944","COMPUTER SCIENCE, INTERDISCIPLINARY APPLICATIONS","SCIE","41,347","3.9","Q2","1.03","38.61"%,
"Foundations and Trends in Communications and Information Theory","FOUND TRENDS COMMUN","NOW PUBLISHERS INC","1567-2190","1567-2328","COMPUTER SCIENCE, INTERDISCIPLINARY APPLICATIONS","ESCI","844","3.9","Q2","0.92","0"%,
"Journal of Informetrics","J INFORMETR","ELSEVIER","1751-1577","1875-5879","COMPUTER SCIENCE, INTERDISCIPLINARY APPLICATIONS","SCIE","8,774","3.9","Q2","0.89","25.45"%,
"JOURNAL OF THE ROYAL STATISTICAL SOCIETY SERIES B-STATISTICAL METHODOLOGY","J R STAT SOC B","OXFORD UNIV PRESS","1369-7412","1467-9868","STATISTICS & PROBABILITY","SCIE","34,795","3.8","Q1","2.05","29.31"%,
"CHEMOMETRICS AND INTELLIGENT LABORATORY SYSTEMS","CHEMOMETR INTELL LAB","ELSEVIER","0169-7439","1873-3239","STATISTICS & PROBABILITY","SCIE","12,276","3.8","Q1","1.05","25.39"%,
"STOCHASTIC ENVIRONMENTAL RESEARCH AND RISK ASSESSMENT","STOCH ENV RES RISK A","SPRINGER","1436-3240","1436-3259","STATISTICS & PROBABILITY","SCIE","7,853","3.8","Q1","0.95","18.85"%,
"SCIENTOMETRICS","SCIENTOMETRICS","SPRINGER","0138-9130","1588-2861","COMPUTER SCIENCE, INTERDISCIPLINARY APPLICATIONS","SCIE","23,463","3.8","Q2","0.86","35.46"%,
"Frontiers in Big Data","FRONT BIG DATA","FRONTIERS MEDIA SA","N/A","2624-909X","COMPUTER SCIENCE, INTERDISCIPLINARY APPLICATIONS","ESCI","2,258","3.8","Q2","0.52","100"%,
"ANNALS OF STATISTICS","ANN STAT","INST MATHEMATICAL STATISTICS-IMS","0090-5364","N/A","STATISTICS & PROBABILITY","SCIE","31,423","3.7","Q1","1.87","1.94"%,
"PLoS Computational Biology","PLOS COMPUT BIOL","PUBLIC LIBRARY SCIENCE","1553-734X","1553-7358","MATHEMATICAL & COMPUTATIONAL BIOLOGY","SCIE","47,721","3.7","Q1","0.96","99.96"%,
"JOURNAL OF COMPUTING AND INFORMATION SCIENCE IN ENGINEERING","J COMPUT INF SCI ENG","ASME","1530-9827","1944-7078","COMPUTER SCIENCE, INTERDISCIPLINARY APPLICATIONS","SCIE","2,528","3.7","Q2","0.71","6.23"%,
"Computational Urban Science","COMPUT URBAN SCI","SPRINGERNATURE","N/A","2730-6852","COMPUTER SCIENCE, INTERDISCIPLINARY APPLICATIONS","ESCI","747","3.7","Q2","0.61","100"%,
"Frontiers in Bioinformatics","FRONT BIOINFORM","FRONTIERS MEDIA SA","N/A","2673-7647","MATHEMATICAL & COMPUTATIONAL BIOLOGY","ESCI","1,615","3.6","Q1","0.84","100"%,
"IEEE TRANSACTIONS ON COMPUTER-AIDED DESIGN OF INTEGRATED CIRCUITS AND SYSTEMS","IEEE T COMPUT AID D","IEEE-INST ELECTRICAL ELECTRONICS ENGINEERS INC","0278-0070","1937-4151","COMPUTER SCIENCE, INTERDISCIPLINARY APPLICATIONS","SCIE","12,083","3.6","Q2","0.68","4.2"%,
"ACM Transactions on Accessible Computing","ACM T ACCESS COMPUT","ASSOC COMPUTING MACHINERY","1936-7228","1936-7236","COMPUTER SCIENCE, INTERDISCIPLINARY APPLICATIONS","ESCI","1,071","3.6","Q2","0.66","29.51"%,
"BioMedInformatics","BIOMEDINFORMATICS","MDPI","N/A","2673-7426","MATHEMATICAL & COMPUTATIONAL BIOLOGY","ESCI","934","3.6","Q1","0.66","100"%,
"Systems and Soft Computing","SYST SOFT COMPUT","ELSEVIER","N/A","2772-9419","COMPUTER SCIENCE, INTERDISCIPLINARY APPLICATIONS","ESCI","677","3.6","Q2","0.64","100"%,
"MATHEMATICAL AND COMPUTER MODELLING OF DYNAMICAL SYSTEMS","MATH COMP MODEL DYN","TAYLOR & FRANCIS INC","1387-3954","1744-5051","COMPUTER SCIENCE, INTERDISCIPLINARY APPLICATIONS","SCIE","757","3.5","Q2","1.33","100"%,
"MULTIVARIATE BEHAVIORAL RESEARCH","MULTIVAR BEHAV RES","ROUTLEDGE JOURNALS, TAYLOR & FRANCIS LTD","0027-3171","1532-7906","STATISTICS & PROBABILITY","SCIE","11,029","3.5","Q1","1.32","28.22"%,
"Complex System Modeling and Simulation","COMPLEX SYST MODEL S","TSINGHUA UNIV PRESS","2096-9929","2097-3705","COMPUTER SCIENCE, INTERDISCIPLINARY APPLICATIONS","ESCI","447","3.5","Q2","0.93","97.22"%,
"Journal of Statistical Theory and Applications","J STAT THEORY APPL","SPRINGERNATURE","N/A","2214-1766","STATISTICS & PROBABILITY","ESCI","501","3.4","Q1","1.04","100"%,
"GENETIC EPIDEMIOLOGY","GENET EPIDEMIOL","WILEY","0741-0395","1098-2272","MATHEMATICAL & COMPUTATIONAL BIOLOGY","SCIE","5,702","3.4","Q1","0.89","57.58"%,
"COMPUTATIONAL BIOLOGY AND CHEMISTRY","COMPUT BIOL CHEM","ELSEVIER SCI LTD","1476-9271","1476-928X","COMPUTER SCIENCE, INTERDISCIPLINARY APPLICATIONS","SCIE","4,749","3.4","Q3","0.78","9.99"%,
"Frontiers in Computer Science","FRONT COMP SCI-SWITZ","FRONTIERS MEDIA SA","N/A","2624-9898","COMPUTER SCIENCE, INTERDISCIPLINARY APPLICATIONS","ESCI","2,644","3.4","Q3","0.48","99.8"%,
"International Journal of Mobile Learning and Organisation","INT J MOB LEARN ORG","INDERSCIENCE ENTERPRISES LTD","1746-725X","1746-7268","COMPUTER SCIENCE, INTERDISCIPLINARY APPLICATIONS","ESCI","543","3.3","Q3","0.92","4.17"%,
"in silico Plants","IN SILICO PLANTS","OXFORD UNIV PRESS","N/A","2517-5025","MATHEMATICAL & COMPUTATIONAL BIOLOGY","ESCI","419","3.3","Q1","0.74","100"%,
"Frontiers in Computational Neuroscience","FRONT COMPUT NEUROSC","FRONTIERS MEDIA SA","N/A","1662-5188","MATHEMATICAL & COMPUTATIONAL BIOLOGY","SCIE","4,961","3.3","Q1","0.66","100"%,
"ACM Transactions on Cyber-Physical Systems","ACM TRANS CYBER-PHYS","ASSOC COMPUTING MACHINERY","2378-962X","2378-9638","COMPUTER SCIENCE, INTERDISCIPLINARY APPLICATIONS","ESCI","829","3.3","Q3","0.59","20.54"%,
"Data-Centric Engineering","DATA-CENTRIC ENG","CAMBRIDGE UNIV PRESS","N/A","2632-6736","COMPUTER SCIENCE, INTERDISCIPLINARY APPLICATIONS","ESCI","656","3.2","Q3","0.61","100"%,
"ACM Journal on Computing and Cultural Heritage","ACM J COMPUT CULT HE","ASSOC COMPUTING MACHINERY","1556-4673","1556-4711","COMPUTER SCIENCE, INTERDISCIPLINARY APPLICATIONS","SCIE","1,928","3.1","Q3","2.33","20.52"%,
"FUZZY SETS AND SYSTEMS","FUZZY SET SYST","ELSEVIER","0165-0114","1872-6801","STATISTICS & PROBABILITY","SCIE","15,256","3.1","Q1","1.34","14.97"%,
"Infectious Disease Modelling","INFECT DIS MODEL","KEAI PUBLISHING LTD","2468-2152","2468-0427","MATHEMATICAL & COMPUTATIONAL BIOLOGY","ESCI","1,860","3.1","Q2","0.92","100"%,
"JOURNAL OF MOLECULAR GRAPHICS & MODELLING","J MOL GRAPH MODEL","ELSEVIER SCIENCE INC","1093-3263","1873-4243","COMPUTER SCIENCE, INTERDISCIPLINARY APPLICATIONS","SCIE","14,730","3.1","Q3","0.87","8.62"%,
"JOURNAL OF MOLECULAR GRAPHICS & MODELLING","J MOL GRAPH MODEL","ELSEVIER SCIENCE INC","1093-3263","1873-4243","MATHEMATICAL & COMPUTATIONAL BIOLOGY","SCIE","14,730","3.1","Q2","0.87","8.62"%,
"Molecular Informatics","MOL INFORM","WILEY-V C H VERLAG GMBH","1868-1743","1868-1751","COMPUTER SCIENCE, INTERDISCIPLINARY APPLICATIONS","SCIE","2,533","3.1","Q3","0.76","44.85"%,
"Molecular Informatics","MOL INFORM","WILEY-V C H VERLAG GMBH","1868-1743","1868-1751","MATHEMATICAL & COMPUTATIONAL BIOLOGY","SCIE","2,533","3.1","Q2","0.76","44.85"%,
"MEDICAL & BIOLOGICAL ENGINEERING & COMPUTING","MED BIOL ENG COMPUT","SPRINGER HEIDELBERG","0140-0118","1741-0444","COMPUTER SCIENCE, INTERDISCIPLINARY APPLICATIONS","SCIE","8,381","3.1","Q3","0.62","16.33"%,
"MEDICAL & BIOLOGICAL ENGINEERING & COMPUTING","MED BIOL ENG COMPUT","SPRINGER HEIDELBERG","0140-0118","1741-0444","MATHEMATICAL & COMPUTATIONAL BIOLOGY","SCIE","8,381","3.1","Q2","0.62","16.33"%,
"Forensic Science International-Digital Investigation","FORENS SCI INT-DIGIT","ELSEVIER SCI LTD","N/A","2666-2817","COMPUTER SCIENCE, INTERDISCIPLINARY APPLICATIONS","SCIE","1,154","3.1","Q3","0.61","72.18"%,
"Frontiers in Blockchain","FRONT BLOCKCHAIN","FRONTIERS MEDIA SA","2624-7852","2624-7852","COMPUTER SCIENCE, INTERDISCIPLINARY APPLICATIONS","ESCI","751","3.1","Q3","0.44","100"%,
"Econometrics and Statistics","ECONOMET STAT","ELSEVIER","2468-0389","2452-3062","STATISTICS & PROBABILITY","ESCI","696","3","Q1","1.19","20.66"%,
"Stata Journal","STATA J","SAGE PUBLICATIONS INC","1536-867X","1536-8734","STATISTICS & PROBABILITY","SCIE","9,049","3","Q1","1.06","35.25"%,
"Bayesian Analysis","BAYESIAN ANAL","INT SOC BAYESIAN ANALYSIS","1931-6690","1936-0975","STATISTICS & PROBABILITY","SCIE","3,585","3","Q1","0.9","98.64"%,
"NAR Genomics and Bioinformatics","NAR GENOM BIOINFORM","OXFORD UNIV PRESS","N/A","2631-9268","MATHEMATICAL & COMPUTATIONAL BIOLOGY","ESCI","3,232","3","Q2","0.84","99.59"%,
"JOURNAL OF COMPUTER-AIDED MOLECULAR DESIGN","J COMPUT AID MOL DES","SPRINGER","0920-654X","1573-4951","COMPUTER SCIENCE, INTERDISCIPLINARY APPLICATIONS","SCIE","5,873","3","Q3","0.72","19.49"%,
"COMPUTERS & FLUIDS","COMPUT FLUIDS","PERGAMON-ELSEVIER SCIENCE LTD","0045-7930","1879-0747","COMPUTER SCIENCE, INTERDISCIPLINARY APPLICATIONS","SCIE","13,780","3","Q3","0.61","27.57"%,
"SPEECH COMMUNICATION","SPEECH COMMUN","ELSEVIER","0167-6393","1872-7182","COMPUTER SCIENCE, INTERDISCIPLINARY APPLICATIONS","SCIE","4,443","2.9","Q3","0.75","29.5"%,
"Frontiers in Neuroinformatics","FRONT NEUROINFORM","FRONTIERS MEDIA SA","N/A","1662-5196","MATHEMATICAL & COMPUTATIONAL BIOLOGY","SCIE","5,176","2.9","Q2","0.71","100"%,
"NEUROINFORMATICS","NEUROINFORMATICS","HUMANA PRESS INC","1539-2791","1559-0089","COMPUTER SCIENCE, INTERDISCIPLINARY APPLICATIONS","SCIE","2,364","2.9","Q3","0.63","48.8"%,
"JOURNAL OF MOLECULAR MODELING","J MOL MODEL","SPRINGER","1610-2940","0948-5023","COMPUTER SCIENCE, INTERDISCIPLINARY APPLICATIONS","SCIE","10,657","2.9","Q3","0.6","6.81"%,
"JOURNAL OF HYDROINFORMATICS","J HYDROINFORM","IWA PUBLISHING","1464-7141","1465-1734","COMPUTER SCIENCE, INTERDISCIPLINARY APPLICATIONS","SCIE","3,126","2.9","Q3","0.54","100"%,
"International Journal of Interactive Multimedia and Artificial Intelligence","INT J INTERACT MULTI","UNIV INT RIOJA-UNIR","1989-1660","1989-1660","COMPUTER SCIENCE, INTERDISCIPLINARY APPLICATIONS","SCIE","1,352","2.9","Q3","0.51","99.43"%,
"Engineering Reports","ENG REP","WILEY","N/A","2577-8196","COMPUTER SCIENCE, INTERDISCIPLINARY APPLICATIONS","ESCI","3,200","2.9","Q3","0.45","100"%,
"COMPUTING IN SCIENCE & ENGINEERING","COMPUT SCI ENG","IEEE COMPUTER SOC","1521-9615","1558-366X","COMPUTER SCIENCE, INTERDISCIPLINARY APPLICATIONS","SCIE","7,901","2.9","Q3","0.34","21.5"%,
"BIOMETRIKA","BIOMETRIKA","OXFORD UNIV PRESS","0006-3444","1464-3510","MATHEMATICAL & COMPUTATIONAL BIOLOGY","SCIE","29,361","2.8","Q2","1.05","27.01"%,
"BIOMETRIKA","BIOMETRIKA","OXFORD UNIV PRESS","0006-3444","1464-3510","STATISTICS & PROBABILITY","SCIE","29,361","2.8","Q1","1.05","27.01"%,
"Quality Technology and Quantitative Management","QUAL TECHNOL QUANT M","TAYLOR & FRANCIS LTD","1684-3703","1811-4857","STATISTICS & PROBABILITY","SCIE","1,066","2.8","Q1","0.76","0.76"%,
"FinTech","FINTECH-BASEL","MDPI","N/A","2674-1032","COMPUTER SCIENCE, INTERDISCIPLINARY APPLICATIONS","ESCI","413","2.8","Q3","0.7","99.31"%,
"SAR AND QSAR IN ENVIRONMENTAL RESEARCH","SAR QSAR ENVIRON RES","TAYLOR & FRANCIS LTD","1062-936X","1029-046X","COMPUTER SCIENCE, INTERDISCIPLINARY APPLICATIONS","SCIE","1,455","2.8","Q3","0.59","3.23"%,
"SAR AND QSAR IN ENVIRONMENTAL RESEARCH","SAR QSAR ENVIRON RES","TAYLOR & FRANCIS LTD","1062-936X","1029-046X","MATHEMATICAL & COMPUTATIONAL BIOLOGY","SCIE","1,455","2.8","Q2","0.59","3.23"%,
"ANNALS OF PROBABILITY","ANN PROBAB","INST MATHEMATICAL STATISTICS-IMS","0091-1798","N/A","STATISTICS & PROBABILITY","SCIE","7,708","2.7","Q1","1.18","2.55"%,
"Spatial Statistics","SPAT STAT-NETH","ELSEVIER SCI LTD","2211-6753","N/A","STATISTICS & PROBABILITY","SCIE","1,747","2.7","Q1","0.84","38.83"%,
"Database-The Journal of Biological Databases and Curation","DATABASE-OXFORD","OXFORD UNIV PRESS","1758-0463","1758-0463","MATHEMATICAL & COMPUTATIONAL BIOLOGY","SCIE","6,351","2.7","Q2","0.77","100"%,
"JOURNAL OF MATHEMATICAL BIOLOGY","J MATH BIOL","SPRINGER HEIDELBERG","0303-6812","1432-1416","MATHEMATICAL & COMPUTATIONAL BIOLOGY","SCIE","7,547","2.7","Q2","0.73","35.9"%,
"Journal of Biological Dynamics","J BIOL DYNAM","TAYLOR & FRANCIS LTD","1751-3758","1751-3766","MATHEMATICAL & COMPUTATIONAL BIOLOGY","SCIE","1,304","2.7","Q2","0.72","100"%,
"COMPUTER APPLICATIONS IN ENGINEERING EDUCATION","COMPUT APPL ENG EDUC","WILEY","1061-3773","1099-0542","COMPUTER SCIENCE, INTERDISCIPLINARY APPLICATIONS","SCIE","2,607","2.7","Q3","0.67","29.91"%,
"TECHNOMETRICS","TECHNOMETRICS","TAYLOR & FRANCIS INC","0040-1706","1537-2723","STATISTICS & PROBABILITY","SCIE","11,399","2.6","Q1","1.2","14.56"%,
"Bioinformatics Advances","BIOINFORM ADV","OXFORD UNIV PRESS","N/A","2635-0041","MATHEMATICAL & COMPUTATIONAL BIOLOGY","ESCI","1,884","2.6","Q2","0.72","99.42"%,
"MATHEMATICAL BIOSCIENCES","MATH BIOSCI","ELSEVIER SCIENCE INC","0025-5564","1879-3134","MATHEMATICAL & COMPUTATIONAL BIOLOGY","SCIE","7,334","2.6","Q2","0.68","33.92"%,
"Quality Engineering","QUAL ENG","TAYLOR & FRANCIS INC","0898-2112","1532-4222","STATISTICS & PROBABILITY","SCIE","1,472","2.6","Q1","0.67","4.38"%,
"Journal of Biomedical Semantics","J BIOMED SEMANT","BMC","2041-1480","2041-1480","MATHEMATICAL & COMPUTATIONAL BIOLOGY","SCIE","773","2.6","Q2","0.66","100"%,
"Astronomy and Computing","ASTRON COMPUT","ELSEVIER","2213-1337","2213-1345","COMPUTER SCIENCE, INTERDISCIPLINARY APPLICATIONS","SCIE","1,767","2.6","Q3","0.51","24.14"%,
"Frontiers in Systems Biology","FRONT SYST BIOL","FRONTIERS MEDIA SA","N/A","2674-0702","MATHEMATICAL & COMPUTATIONAL BIOLOGY","ESCI","359","2.6","Q2","0.48","100"%,
"Bio-Algorithms and Med-Systems","BIO-ALGORITHMS MED-S","INDEX COPERNICUS INT","1895-9091","1896-530X","MATHEMATICAL & COMPUTATIONAL BIOLOGY","ESCI","281","2.5","Q2","0.59","0"%,
"INFORMS JOURNAL ON COMPUTING","INFORMS J COMPUT","INFORMS","1091-9856","1526-5528","COMPUTER SCIENCE, INTERDISCIPLINARY APPLICATIONS","SCIE","3,937","2.5","Q3","0.45","0.57"%,
"AI EDAM-ARTIFICIAL INTELLIGENCE FOR ENGINEERING DESIGN ANALYSIS AND MANUFACTURING","AI EDAM","CAMBRIDGE UNIV PRESS","0890-0604","1469-1760","COMPUTER SCIENCE, INTERDISCIPLINARY APPLICATIONS","SCIE","984","2.5","Q3","0.42","64.2"%,
"JOURNAL OF BUSINESS & ECONOMIC STATISTICS","J BUS ECON STAT","TAYLOR & FRANCIS INC","0735-0015","1537-2707","STATISTICS & PROBABILITY","SCIE","9,404","2.4","Q1","0.81","15.6"%,
"Statistical Theory and Related Fields","STATIST THEOR RELAT","TAYLOR & FRANCIS LTD","2475-4269","2475-4277","STATISTICS & PROBABILITY","ESCI","280","2.4","Q1","0.72","100"%,
"STATISTICAL METHODS IN MEDICAL RESEARCH","STAT METHODS MED RES","SAGE PUBLICATIONS LTD","0962-2802","1477-0334","MATHEMATICAL & COMPUTATIONAL BIOLOGY","SCIE","9,631","2.4","Q3","0.64","35.86"%,
"STATISTICAL METHODS IN MEDICAL RESEARCH","STAT METHODS MED RES","SAGE PUBLICATIONS LTD","0962-2802","1477-0334","STATISTICS & PROBABILITY","SCIE","9,631","2.4","Q1","0.64","35.86"%,
"INTERNATIONAL JOURNAL OF HIGH PERFORMANCE COMPUTING APPLICATIONS","INT J HIGH PERFORM C","SAGE PUBLICATIONS LTD","1094-3420","1741-2846","COMPUTER SCIENCE, INTERDISCIPLINARY APPLICATIONS","SCIE","1,416","2.4","Q3","0.56","19.42"%,
"Network Modeling Analysis in Health Informatics and Bioinformatics","NETW MODEL ANAL HLTH","SPRINGER WIEN","2192-6662","2192-6670","MATHEMATICAL & COMPUTATIONAL BIOLOGY","ESCI","781","2.4","Q3","0.55","9"%,
"Entertainment Computing","ENTERTAIN COMPUT","ELSEVIER SCI LTD","1875-9521","1875-953X","COMPUTER SCIENCE, INTERDISCIPLINARY APPLICATIONS","SCIE","2,099","2.4","Q3","0.5","21.47"%,
"BULLETIN OF MATHEMATICAL BIOLOGY","B MATH BIOL","SPRINGER","0092-8240","1522-9602","MATHEMATICAL & COMPUTATIONAL BIOLOGY","SCIE","6,293","2.3","Q3","0.64","51.09"%,
"CIN-COMPUTERS INFORMATICS NURSING","CIN-COMPUT INFORM NU","LIPPINCOTT WILLIAMS & WILKINS","1538-2931","1538-9774","COMPUTER SCIENCE, INTERDISCIPLINARY APPLICATIONS","SCIE","2,239","2.3","Q3","0.54","13.74"%,
"Computer Supported Cooperative Work-The Journal of Collaborative Computing and Work Practices","COMPUT SUPP COOP W J","SPRINGER","0925-9724","1573-7551","COMPUTER SCIENCE, INTERDISCIPLINARY APPLICATIONS","SCIE","1,763","2.3","Q3","0.49","72.86"%,
"JOURNAL OF VISUALIZATION","J VISUAL-JAPAN","SPRINGER","1343-8875","1875-8975","COMPUTER SCIENCE, INTERDISCIPLINARY APPLICATIONS","SCIE","1,937","2.3","Q3","0.3","14.21"%,
"ANNALS OF APPLIED PROBABILITY","ANN APPL PROBAB","INST MATHEMATICAL STATISTICS-IMS","1050-5164","N/A","STATISTICS & PROBABILITY","SCIE","4,807","2.2","Q1","1.05","3.21"%,
"AMERICAN STATISTICIAN","AM STAT","TAYLOR & FRANCIS INC","0003-1305","1537-2731","STATISTICS & PROBABILITY","SCIE","9,244","2.2","Q1","0.88","24.44"%,
"Stochastics and Partial Differential Equations-Analysis and Computations","STOCH PARTIAL DIFFER","SPRINGER","2194-0401","2194-041X","STATISTICS & PROBABILITY","SCIE","863","2.2","Q1","0.86","45.08"%,
"ENVIRONMENTAL AND ECOLOGICAL STATISTICS","ENVIRON ECOL STAT","SPRINGER","1352-8505","1573-3009","STATISTICS & PROBABILITY","SCIE","1,199","2.2","Q1","0.75","47.79"%,
"JOURNAL OF ORGANIZATIONAL COMPUTING AND ELECTRONIC COMMERCE","J ORG COMP ELECT COM","TAYLOR & FRANCIS INC","1091-9392","1532-7744","COMPUTER SCIENCE, INTERDISCIPLINARY APPLICATIONS","SCIE","612","2.2","Q3","0.49","8.77"%,
"Distributed Ledger Technologies: Research and Practice","DISTRIB LEDGE TECH R","ASSOC COMPUTING MACHINERY","N/A","2769-6480","COMPUTER SCIENCE, INTERDISCIPLINARY APPLICATIONS","ESCI","167","2.2","Q3","0.38","17.05"%,
"Quantitative Biology","QUANT BIOL","WILEY","2095-4689","2095-4697","MATHEMATICAL & COMPUTATIONAL BIOLOGY","ESCI","918","2.2","Q3","0.29","100"%,
"Advances in Data Analysis and Classification","ADV DATA ANAL CLASSI","SPRINGER HEIDELBERG","1862-5347","1862-5355","STATISTICS & PROBABILITY","SCIE","1,123","2.1","Q1","0.96","52.25"%,
"BIOSTATISTICS","BIOSTATISTICS","OXFORD UNIV PRESS","1465-4644","1468-4357","MATHEMATICAL & COMPUTATIONAL BIOLOGY","SCIE","5,462","2.1","Q3","0.87","25.17"%,
"BIOSTATISTICS","BIOSTATISTICS","OXFORD UNIV PRESS","1465-4644","1468-4357","STATISTICS & PROBABILITY","SCIE","5,462","2.1","Q1","0.87","25.17"%,
"ENGINEERING COMPUTATIONS","ENG COMPUTATION","EMERALD GROUP PUBLISHING LTD","0264-4401","1758-7077","COMPUTER SCIENCE, INTERDISCIPLINARY APPLICATIONS","SCIE","3,351","2.1","Q3","0.78","1.02"%,
"COMPUTATIONAL GEOSCIENCES","COMPUTAT GEOSCI","SPRINGER","1420-0597","1573-1499","COMPUTER SCIENCE, INTERDISCIPLINARY APPLICATIONS","SCIE","2,946","2.1","Q3","0.74","29.74"%,
"OXFORD BULLETIN OF ECONOMICS AND STATISTICS","OXFORD B ECON STAT","WILEY","0305-9049","1468-0084","STATISTICS & PROBABILITY","SCIE","4,887","2.1","Q1","0.69","56.18"%,
"BIOMETRICAL JOURNAL","BIOMETRICAL J","WILEY-V C H VERLAG GMBH","0323-3847","1521-4036","MATHEMATICAL & COMPUTATIONAL BIOLOGY","SCIE","5,300","2.1","Q3","0.67","60.82"%,
"BIOMETRICAL JOURNAL","BIOMETRICAL J","WILEY-V C H VERLAG GMBH","0323-3847","1521-4036","STATISTICS & PROBABILITY","SCIE","5,300","2.1","Q1","0.67","60.82"%,
"MATCH-COMMUNICATIONS IN MATHEMATICAL AND IN COMPUTER CHEMISTRY","MATCH-COMMUN MATH CO","UNIV KRAGUJEVAC, FAC SCIENCE","0340-6253","N/A","COMPUTER SCIENCE, INTERDISCIPLINARY APPLICATIONS","SCIE","2,327","2.1","Q3","0.66","27.56"%,
"BIOSYSTEMS","BIOSYSTEMS","ELSEVIER SCI LTD","0303-2647","1872-8324","MATHEMATICAL & COMPUTATIONAL BIOLOGY","SCIE","3,765","2.1","Q3","0.62","24.47"%,
"International Journal for Numerical Methods in Biomedical Engineering","INT J NUMER METH BIO","WILEY","2040-7939","2040-7947","MATHEMATICAL & COMPUTATIONAL BIOLOGY","SCIE","2,929","2.1","Q3","0.6","42.99"%,
"STATISTICS IN MEDICINE","STAT MED","WILEY","0277-6715","1097-0258","MATHEMATICAL & COMPUTATIONAL BIOLOGY","SCIE","36,828","2.1","Q3","0.6","42.45"%,
"STATISTICS IN MEDICINE","STAT MED","WILEY","0277-6715","1097-0258","STATISTICS & PROBABILITY","SCIE","36,828","2.1","Q1","0.6","42.45"%,
"INTERNATIONAL JOURNAL FOR NUMERICAL METHODS IN FLUIDS","INT J NUMER METH FL","WILEY","0271-2091","1097-0363","COMPUTER SCIENCE, INTERDISCIPLINARY APPLICATIONS","SCIE","7,062","2.1","Q3","0.52","25.3"%,
"Cancer Informatics","CANCER INFORM","SAGE PUBLICATIONS LTD","N/A","1176-9351","MATHEMATICAL & COMPUTATIONAL BIOLOGY","ESCI","812","2.1","Q3","0.49","98.77"%,
"IEEE Journal on Multiscale and Multiphysics Computational Techniques","IEEE J MULTISCALE MU","IEEE-INST ELECTRICAL ELECTRONICS ENGINEERS INC","N/A","2379-8793","COMPUTER SCIENCE, INTERDISCIPLINARY APPLICATIONS","ESCI","480","2.1","Q3","0.47","6.4"%,
"International Journal of Agricultural and Environmental Information Systems","INT J AGRIC ENVIRON","IGI GLOBAL","1947-3192","1947-3206","COMPUTER SCIENCE, INTERDISCIPLINARY APPLICATIONS","ESCI","177","2.1","Q3","0.13","100"%,
"JOURNAL OF CHEMOMETRICS","J CHEMOMETR","WILEY","0886-9383","1099-128X","STATISTICS & PROBABILITY","SCIE","4,124","2","Q1","0.52","31.65"%,
"JOURNAL OF QUALITY TECHNOLOGY","J QUAL TECHNOL","TAYLOR & FRANCIS INC","0022-4065","2575-6230","STATISTICS & PROBABILITY","SCIE","2,856","2","Q1","0.5","5.13"%,
"THEORY IN BIOSCIENCES","THEOR BIOSCI","SPRINGER","1431-7613","1611-7530","MATHEMATICAL & COMPUTATIONAL BIOLOGY","SCIE","669","2","Q3","0.43","31.88"%,
"Big Data","BIG DATA-US","SAGE PUBLICATIONS INC","N/A","2167-647X","COMPUTER SCIENCE, INTERDISCIPLINARY APPLICATIONS","SCIE","1,560","2","Q3","0.41","2.56"%,
"Language Resources and Evaluation","LANG RESOUR EVAL","SPRINGER","1574-020X","1574-0218","COMPUTER SCIENCE, INTERDISCIPLINARY APPLICATIONS","SCIE","1,999","2","Q3","0.39","44.9"%,
"Service Oriented Computing and Applications","SERV ORIENTED COMPUT","SPRINGERNATURE","1863-2386","1863-2394","COMPUTER SCIENCE, INTERDISCIPLINARY APPLICATIONS","ESCI","377","2","Q3","0.3","7.44"%,
"Journal of Information Technology Research","J INF TECHNOL RES","IGI GLOBAL","1938-7857","1938-7865","COMPUTER SCIENCE, INTERDISCIPLINARY APPLICATIONS","ESCI","146","2","Q3","0.08","100"%,
"PROBABILITY THEORY AND RELATED FIELDS","PROBAB THEORY REL","SPRINGER HEIDELBERG","0178-8051","1432-2064","STATISTICS & PROBABILITY","SCIE","5,089","1.9","Q1","0.85","45.15"%,
"Journal of Survey Statistics and Methodology","J SURV STAT METHODOL","OXFORD UNIV PRESS INC","2325-0984","2325-0992","STATISTICS & PROBABILITY","SCIE","1,047","1.9","Q1","0.8","29.01"%,
"INTERNATIONAL STATISTICAL REVIEW","INT STAT REV","WILEY","0306-7734","1751-5823","STATISTICS & PROBABILITY","SCIE","3,053","1.9","Q1","0.77","44.44"%,
"JOURNAL OF THE ROYAL STATISTICAL SOCIETY SERIES A-STATISTICS IN SOCIETY","J R STAT SOC A STAT","OXFORD UNIV PRESS","0964-1998","1467-985X","STATISTICS & PROBABILITY","SCIE","4,689","1.9","Q1","0.75","45.96"%,
"BRITISH JOURNAL OF MATHEMATICAL & STATISTICAL PSYCHOLOGY","BRIT J MATH STAT PSY","WILEY","0007-1102","2044-8317","STATISTICS & PROBABILITY","SCIE","3,110","1.9","Q1","0.7","54.39"%,
"Extremes","EXTREMES","SPRINGER","1386-1999","1572-915X","STATISTICS & PROBABILITY","SCIE","675","1.9","Q1","0.63","61.9"%,
"JOURNAL OF THEORETICAL BIOLOGY","J THEOR BIOL","ACADEMIC PRESS LTD- ELSEVIER SCIENCE LTD","0022-5193","1095-8541","MATHEMATICAL & COMPUTATIONAL BIOLOGY","SCIE","20,066","1.9","Q3","0.54","43.52"%,
"IET Systems Biology","IET SYST BIOL","WILEY","1751-8849","1751-8857","MATHEMATICAL & COMPUTATIONAL BIOLOGY","SCIE","570","1.9","Q3","0.41","100"%,
"INTERNATIONAL JOURNAL OF INFORMATION TECHNOLOGY & DECISION MAKING","INT J INF TECH DECIS","WORLD SCIENTIFIC PUBL CO PTE LTD","0219-6220","1793-6845","COMPUTER SCIENCE, INTERDISCIPLINARY APPLICATIONS","SCIE","1,448","1.9","Q3","0.4","1.21"%,
"COMPUTER METHODS IN BIOMECHANICS AND BIOMEDICAL ENGINEERING","COMPUT METHOD BIOMEC","TAYLOR & FRANCIS LTD","1025-5842","1476-8259","COMPUTER SCIENCE, INTERDISCIPLINARY APPLICATIONS","SCIE","4,873","1.9","Q3","0.39","4.62"%,
"International Journal of Biostatistics","INT J BIOSTAT","WALTER DE GRUYTER GMBH","2194-573X","1557-4679","MATHEMATICAL & COMPUTATIONAL BIOLOGY","SCIE","1,200","1.9","Q3","0.39","9.23"%,
"International Journal of Biostatistics","INT J BIOSTAT","WALTER DE GRUYTER GMBH","2194-573X","1557-4679","STATISTICS & PROBABILITY","SCIE","1,200","1.9","Q1","0.39","9.23"%,
"IET Cyber-Physical Systems: Theory & Applications","IET CYBER PHYS SYST","WILEY","N/A","2398-3396","COMPUTER SCIENCE, INTERDISCIPLINARY APPLICATIONS","ESCI","500","1.9","Q3","0.29","100"%,
"BERNOULLI","BERNOULLI","INT STATISTICAL INST","1350-7265","1573-9759","STATISTICS & PROBABILITY","SCIE","3,763","1.8","Q2","0.95","1.77"%,
"Probability Surveys","PROBAB SURV","PROBABILITY SURVEYS","1549-5787","1549-5787","STATISTICS & PROBABILITY","ESCI","605","1.8","Q2","0.85","100"%,
"Research in Mathematics","RES MATH","TAYLOR & FRANCIS LTD","N/A","2768-4830","STATISTICS & PROBABILITY","ESCI","225","1.8","Q2","0.82","83.33"%,
"INSURANCE MATHEMATICS & ECONOMICS","INSUR MATH ECON","ELSEVIER","0167-6687","1873-5959","STATISTICS & PROBABILITY","SCIE","4,491","1.8","Q2","0.76","40.24"%,
"JOURNAL OF CLASSIFICATION","J CLASSIF","SPRINGER","0176-4268","1432-1343","STATISTICS & PROBABILITY","SCIE","2,513","1.8","Q2","0.73","40"%,
"STATISTICS AND COMPUTING","STAT COMPUT","SPRINGER","0960-3174","1573-1375","STATISTICS & PROBABILITY","SCIE","8,153","1.8","Q2","0.69","36.8"%,
"Scandinavian Actuarial Journal","SCAND ACTUAR J","TAYLOR & FRANCIS LTD","0346-1238","1651-2030","STATISTICS & PROBABILITY","SCIE","1,089","1.8","Q2","0.64","22.31"%,
"Current Bioinformatics","CURR BIOINFORM","BENTHAM SCIENCE PUBL LTD","1574-8936","2212-392X","MATHEMATICAL & COMPUTATIONAL BIOLOGY","SCIE","957","1.8","Q3","0.56","7.14"%,
"ANNALES DE L INSTITUT HENRI POINCARE-PROBABILITES ET STATISTIQUES","ANN I H POINCARE-PR","INST MATHEMATICAL STATISTICS-IMS","0246-0203","N/A","STATISTICS & PROBABILITY","SCIE","2,295","1.7","Q2","0.83","3.02"%,
"Foundations of Data Science","FOUND DATA SCI","AMER INST MATHEMATICAL SCIENCES-AIMS","N/A","2639-8001","STATISTICS & PROBABILITY","ESCI","263","1.7","Q2","0.81","96.77"%,
"Astin Bulletin-The Journal of the International Actuarial Association","ASTIN BULL","CAMBRIDGE UNIV PRESS","0515-0361","1783-1350","STATISTICS & PROBABILITY","SCIE","1,180","1.7","Q2","0.66","55.34"%,
"ENVIRONMETRICS","ENVIRONMETRICS","WILEY","1180-4009","1099-095X","STATISTICS & PROBABILITY","SCIE","2,222","1.7","Q2","0.63","59.86"%,
"COMPUTATIONAL STATISTICS & DATA ANALYSIS","COMPUT STAT DATA AN","ELSEVIER","0167-9473","1872-7352","COMPUTER SCIENCE, INTERDISCIPLINARY APPLICATIONS","SCIE","10,827","1.7","Q4","0.55","29.86"%,
"COMPUTATIONAL STATISTICS & DATA ANALYSIS","COMPUT STAT DATA AN","ELSEVIER","0167-9473","1872-7352","STATISTICS & PROBABILITY","SCIE","10,827","1.7","Q2","0.55","29.86"%,
"European Actuarial Journal","EUR ACTUAR J","SPRINGER HEIDELBERG","2190-9733","2190-9741","STATISTICS & PROBABILITY","ESCI","422","1.7","Q2","0.53","56.32"%,
"International Journal of Biomathematics","INT J BIOMATH","WORLD SCIENTIFIC PUBL CO PTE LTD","1793-5245","1793-7159","MATHEMATICAL & COMPUTATIONAL BIOLOGY","SCIE","1,811","1.7","Q3","0.53","0.22"%,
"SIMULATION-TRANSACTIONS OF THE SOCIETY FOR MODELING AND SIMULATION INTERNATIONAL","SIMUL-T SOC MOD SIM","SAGE PUBLICATIONS LTD","0037-5497","1741-3133","COMPUTER SCIENCE, INTERDISCIPLINARY APPLICATIONS","SCIE","1,765","1.7","Q4","0.39","16.67"%,
"Journal of Algorithms & Computational Technology","J ALGORITHMS COMPUT","SAGE PUBLICATIONS LTD","1748-3018","1748-3026","COMPUTER SCIENCE, INTERDISCIPLINARY APPLICATIONS","ESCI","327","1.7","Q4","0.35","100"%,
"Journal of Simulation","J SIMUL","TAYLOR & FRANCIS LTD","1747-7778","1747-7786","COMPUTER SCIENCE, INTERDISCIPLINARY APPLICATIONS","SCIE","988","1.7","Q4","0.33","19.57"%,
"i-com-Zeitschrift fur interaktive und kooperative Medien","I-COM","WALTER DE GRUYTER GMBH","1618-162X","2196-6826","COMPUTER SCIENCE, INTERDISCIPLINARY APPLICATIONS","ESCI","300","1.7","Q4","0.32","100"%,
"JOURNAL OF MULTIVARIATE ANALYSIS","J MULTIVARIATE ANAL","ELSEVIER INC","0047-259X","N/A","STATISTICS & PROBABILITY","SCIE","6,209","1.6","Q2","0.9","22.98"%,
"JOURNAL OF COMPUTATIONAL AND GRAPHICAL STATISTICS","J COMPUT GRAPH STAT","TAYLOR & FRANCIS INC","1061-8600","1537-2715","STATISTICS & PROBABILITY","SCIE","6,995","1.6","Q2","0.83","14.25"%,
"AStA-Advances in Statistical Analysis","ASTA-ADV STAT ANAL","SPRINGER","1863-8171","1863-818X","STATISTICS & PROBABILITY","SCIE","632","1.6","Q2","0.73","64.56"%,
"BIOMETRICS","BIOMETRICS","OXFORD UNIV PRESS","0006-341X","1541-0420","MATHEMATICAL & COMPUTATIONAL BIOLOGY","SCIE","26,917","1.6","Q3","0.57","30.86"%,
"BIOMETRICS","BIOMETRICS","OXFORD UNIV PRESS","0006-341X","1541-0420","STATISTICS & PROBABILITY","SCIE","26,917","1.6","Q2","0.57","30.86"%,
"Statistics in Biopharmaceutical Research","STAT BIOPHARM RES","TAYLOR & FRANCIS INC","1946-6315","1946-6315","MATHEMATICAL & COMPUTATIONAL BIOLOGY","SCIE","800","1.6","Q3","0.57","9.76"%,
"Statistics in Biopharmaceutical Research","STAT BIOPHARM RES","TAYLOR & FRANCIS INC","1946-6315","1946-6315","STATISTICS & PROBABILITY","SCIE","800","1.6","Q2","0.57","9.76"%,
"FINANCE AND STOCHASTICS","FINANC STOCH","SPRINGER HEIDELBERG","0949-2984","1432-1122","STATISTICS & PROBABILITY","SCIE","1,423","1.6","Q2","0.53","53.49"%,
"Algorithms for Molecular Biology","ALGORITHM MOL BIOL","BMC","N/A","1748-7188","MATHEMATICAL & COMPUTATIONAL BIOLOGY","SCIE","961","1.6","Q3","0.52","100"%,
"Journal of Integrative Bioinformatics","J INTEGR BIOINFORMAT","WALTER DE GRUYTER GMBH","N/A","1613-4516","MATHEMATICAL & COMPUTATIONAL BIOLOGY","ESCI","447","1.6","Q3","0.45","100"%,
"SORT-Statistics and Operations Research Transactions","SORT-STAT OPER RES T","INST ESTADISTICA CATALUNYA-IDESCAT","1696-2281","2013-8830","STATISTICS & PROBABILITY","SCIE","271","1.6","Q2","0.4","0"%,
"Evolutionary Bioinformatics","EVOL BIOINFORM","SAGE PUBLICATIONS LTD","1176-9343","1176-9343","MATHEMATICAL & COMPUTATIONAL BIOLOGY","SCIE","1,058","1.6","Q3","0.37","100"%,
"International Journal of Sustainable Agricultural Management and Informatics","INT J SUST AGR MANAG","INDERSCIENCE ENTERPRISES LTD","2054-5819","2054-5827","COMPUTER SCIENCE, INTERDISCIPLINARY APPLICATIONS","ESCI","209","1.6","Q4","0.33","3.08"%,
"Metron-International Journal of Statistics","METRON","SPRINGER-VERLAG ITALIA SRL","0026-1424","2281-695X","STATISTICS & PROBABILITY","ESCI","600","1.5","Q2","0.78","40.35"%,
"Annals of Applied Statistics","ANN APPL STAT","INST MATHEMATICAL STATISTICS-IMS","1932-6157","1941-7330","STATISTICS & PROBABILITY","SCIE","5,256","1.5","Q2","0.77","2.88"%,
"Pakistan Journal of Statistics and Operation Research","PAK J STAT OPER RES","UNIV PUNJAB","1816-2711","2220-5810","STATISTICS & PROBABILITY","ESCI","759","1.5","Q2","0.66","98.37"%,
"STATISTICAL PAPERS","STAT PAP","SPRINGER","0932-5026","1613-9798","STATISTICS & PROBABILITY","SCIE","2,261","1.5","Q2","0.65","30.23"%,
"TEST","TEST-SPAIN","SPRINGER","1133-0686","1863-8260","STATISTICS & PROBABILITY","SCIE","2,195","1.5","Q2","0.65","34.09"%,
"Electronic Journal of Statistics","ELECTRON J STAT","INST MATHEMATICAL STATISTICS-IMS","1935-7524","1935-7524","STATISTICS & PROBABILITY","SCIE","3,222","1.5","Q2","0.63","100"%,
"Chilean Journal of Statistics","CHIL J STAT","SOC CHILENA ESTADISTICA-SOCHE","0718-7912","0718-7920","STATISTICS & PROBABILITY","ESCI","149","1.5","Q2","0.58","0"%,
"PHARMACEUTICAL STATISTICS","PHARM STAT","WILEY","1539-1604","1539-1612","STATISTICS & PROBABILITY","SCIE","2,695","1.5","Q2","0.52","26.85"%,
"LIFETIME DATA ANALYSIS","LIFETIME DATA ANAL","SPRINGER","1380-7870","1572-9249","STATISTICS & PROBABILITY","SCIE","1,160","1.5","Q2","0.5","24.47"%,
"APPLIED STOCHASTIC MODELS IN BUSINESS AND INDUSTRY","APPL STOCH MODEL BUS","WILEY","1524-1904","1526-4025","STATISTICS & PROBABILITY","SCIE","1,273","1.5","Q2","0.44","42.5"%,
"Acta Informatica Pragensia","ACTA INFORM PRAG","Prague Univ Economics and Business","N/A","1805-4951","COMPUTER SCIENCE, INTERDISCIPLINARY APPLICATIONS","ESCI","141","1.5","Q4","0.42","100"%,
"Current Computer-Aided Drug Design","CURR COMPUT-AID DRUG","BENTHAM SCIENCE PUBL LTD","1573-4099","1875-6697","COMPUTER SCIENCE, INTERDISCIPLINARY APPLICATIONS","SCIE","1,297","1.5","Q4","0.38","8.75"%,
"CCF Transactions on Pervasive Computing and Interaction","CCF T PERVAS COMPUT","SPRINGERNATURE","2524-521X","2524-5228","COMPUTER SCIENCE, INTERDISCIPLINARY APPLICATIONS","ESCI","354","1.5","Q4","0.37","8.24"%,
"International Journal of Online and Biomedical Engineering","INT J ONLINE BIOMED","Int Federation Engineering Education Societies-IFEES","N/A","2626-8493","COMPUTER SCIENCE, INTERDISCIPLINARY APPLICATIONS","ESCI","1,095","1.5","Q4","0.29","99.8"%,
"JOURNAL OF NEW MUSIC RESEARCH","J NEW MUSIC RES","ROUTLEDGE JOURNALS, TAYLOR & FRANCIS LTD","0929-8215","1744-5027","COMPUTER SCIENCE, INTERDISCIPLINARY APPLICATIONS","SCIE","674","1.4","Q4","1.67","35.71"%,
"LAW PROBABILITY & RISK","LAW PROBAB RISK","OXFORD UNIV PRESS","1470-8396","1470-840X","STATISTICS & PROBABILITY","SCIE","231","1.4","Q2","1.02","65.52"%,
"Mathematical Modelling of Natural Phenomena","MATH MODEL NAT PHENO","EDP SCIENCES S A","0973-5348","1760-6101","MATHEMATICAL & COMPUTATIONAL BIOLOGY","SCIE","1,051","1.4","Q4","0.78","100"%,
"STATISTICS","STATISTICS-ABINGDON","TAYLOR & FRANCIS LTD","0233-1888","1029-4910","STATISTICS & PROBABILITY","SCIE","1,262","1.4","Q2","0.71","3.21"%,
"ACM Transactions on Modeling and Computer Simulation","ACM T MODEL COMPUT S","ASSOC COMPUTING MACHINERY","1049-3301","1558-1195","COMPUTER SCIENCE, INTERDISCIPLINARY APPLICATIONS","SCIE","713","1.4","Q4","0.69","30.99"%,
"JOURNAL OF THE ROYAL STATISTICAL SOCIETY SERIES C-APPLIED STATISTICS","J R STAT SOC C-APPL","OXFORD UNIV PRESS","0035-9254","1467-9876","STATISTICS & PROBABILITY","SCIE","5,224","1.4","Q2","0.69","43.4"%,
"OPEN SYSTEMS & INFORMATION DYNAMICS","OPEN SYST INF DYN","WORLD SCIENTIFIC PUBL CO PTE LTD","1230-1612","1793-7191","STATISTICS & PROBABILITY","SCIE","474","1.4","Q2","0.69","3.28"%,
"ANNALS OF THE INSTITUTE OF STATISTICAL MATHEMATICS","ANN I STAT MATH","SPRINGER HEIDELBERG","0020-3157","1572-9052","STATISTICS & PROBABILITY","SCIE","2,032","1.4","Q2","0.47","0"%,
"INTERNATIONAL JOURNAL OF MODERN PHYSICS C","INT J MOD PHYS C","WORLD SCIENTIFIC PUBL CO PTE LTD","0129-1831","1793-6586","COMPUTER SCIENCE, INTERDISCIPLINARY APPLICATIONS","SCIE","2,759","1.4","Q4","0.42","2.06"%,
"CCF Transactions on High Performance Computing","CCF T HIGH PERFORM C","SPRINGERNATURE","2524-4922","2524-4930","COMPUTER SCIENCE, INTERDISCIPLINARY APPLICATIONS","ESCI","339","1.4","Q4","0.4","13.93"%,
"THEORETICAL POPULATION BIOLOGY","THEOR POPUL BIOL","ACADEMIC PRESS INC ELSEVIER SCIENCE","0040-5809","1096-0325","MATHEMATICAL & COMPUTATIONAL BIOLOGY","SCIE","3,743","1.4","Q4","0.38","56.03"%,
"JOURNAL OF COMPUTATIONAL NEUROSCIENCE","J COMPUT NEUROSCI","SPRINGER","0929-5313","1573-6873","MATHEMATICAL & COMPUTATIONAL BIOLOGY","SCIE","1,737","1.4","Q4","0.37","42.42"%,
"Journal of Data Information and Management","J DATA INFO MANAG","SPRINGERNATURE","2524-6356","2524-6364","COMPUTER SCIENCE, INTERDISCIPLINARY APPLICATIONS","ESCI","236","1.4","Q4","0.29","8.33"%,
"International Journal of Computational Science and Engineering","INT J COMPUT SCI ENG","INDERSCIENCE ENTERPRISES LTD","1742-7185","1742-7193","COMPUTER SCIENCE, INTERDISCIPLINARY APPLICATIONS","ESCI","1,039","1.4","Q4","0.19","1.11"%,
"COMPUTATIONAL STATISTICS","COMPUTATION STAT","SPRINGER HEIDELBERG","0943-4062","1613-9658","STATISTICS & PROBABILITY","SCIE","2,589","1.3","Q2","0.69","23.77"%,
"Journal of Biopharmaceutical Statistics","J BIOPHARM STAT","TAYLOR & FRANCIS INC","1054-3406","1520-5711","STATISTICS & PROBABILITY","SCIE","1,845","1.3","Q2","0.59","4.09"%,
"Sankhya-Series B-Applied and Interdisciplinary Statistics","SANKHYA SER B","SPRINGER","0976-8386","0976-8394","STATISTICS & PROBABILITY","ESCI","440","1.3","Q2","0.53","15.31"%,
"Statistical Methods and Applications","STAT METHOD APPL-GER","SPRINGER HEIDELBERG","1618-2510","1613-981X","STATISTICS & PROBABILITY","SCIE","829","1.3","Q2","0.52","51.72"%,
"ACTA BIOTHEORETICA","ACTA BIOTHEOR","SPRINGER","0001-5342","1572-8358","MATHEMATICAL & COMPUTATIONAL BIOLOGY","SCIE","715","1.3","Q4","0.47","27.59"%,
"JOURNAL OF COMPUTATIONAL BIOLOGY","J COMPUT BIOL","SAGE PUBLICATIONS INC","1066-5277","1557-8666","COMPUTER SCIENCE, INTERDISCIPLINARY APPLICATIONS","SCIE","5,101","1.3","Q4","0.45","7.79"%,
"JOURNAL OF COMPUTATIONAL BIOLOGY","J COMPUT BIOL","SAGE PUBLICATIONS INC","1066-5277","1557-8666","MATHEMATICAL & COMPUTATIONAL BIOLOGY","SCIE","5,101","1.3","Q4","0.45","7.79"%,
"JOURNAL OF COMPUTATIONAL BIOLOGY","J COMPUT BIOL","SAGE PUBLICATIONS INC","1066-5277","1557-8666","STATISTICS & PROBABILITY","SCIE","5,101","1.3","Q2","0.45","7.79"%,
"Computational and Mathematical Organization Theory","COMPUT MATH ORGAN TH","SPRINGER","1381-298X","1572-9346","COMPUTER SCIENCE, INTERDISCIPLINARY APPLICATIONS","SCIE","552","1.3","Q4","0.42","38.46"%,
"JOURNAL OF BIOLOGICAL SYSTEMS","J BIOL SYST","WORLD SCIENTIFIC PUBL CO PTE LTD","0218-3390","1793-6470","MATHEMATICAL & COMPUTATIONAL BIOLOGY","SCIE","822","1.3","Q4","0.42","0.63"%,
"JOURNAL OF STATISTICAL COMPUTATION AND SIMULATION","J STAT COMPUT SIM","TAYLOR & FRANCIS LTD","0094-9655","1563-5163","COMPUTER SCIENCE, INTERDISCIPLINARY APPLICATIONS","SCIE","4,753","1.3","Q4","0.41","3.65"%,
"JOURNAL OF STATISTICAL COMPUTATION AND SIMULATION","J STAT COMPUT SIM","TAYLOR & FRANCIS LTD","0094-9655","1563-5163","STATISTICS & PROBABILITY","SCIE","4,753","1.3","Q2","0.41","3.65"%,
"Sequential Analysis-Design Methods and Applications","SEQUENTIAL ANAL","TAYLOR & FRANCIS INC","0747-4946","1532-4176","STATISTICS & PROBABILITY","SCIE","425","1.3","Q2","0.39","3.85"%,
"REVSTAT-Statistical Journal","REVSTAT-STAT J","INST NACIONAL ESTATISTICA-INE","1645-6726","2183-0371","STATISTICS & PROBABILITY","SCIE","448","1.3","Q2","0.38","0"%,
"ACCESS-Access to science business innovation in the digital economy","ACCESS-ACCESS SCI BU","Access Press Publishing House","N/A","2683-1007","COMPUTER SCIENCE, INTERDISCIPLINARY APPLICATIONS","ESCI","129","1.3","Q4","0.31","71.29"%,
"Journal of Advances in Information Technology","J ADV INFORM TECHNOL","ENGINEERING & TECHNOLOGY PUBLISHING","1798-2340","1798-2340","COMPUTER SCIENCE, INTERDISCIPLINARY APPLICATIONS","ESCI","732","1.3","Q4","0.3","98.92"%,
"ACM Transactions on Economics and Computation","ACM T ECON COMPUT","ASSOC COMPUTING MACHINERY","2167-8375","2167-8383","COMPUTER SCIENCE, INTERDISCIPLINARY APPLICATIONS","ESCI","435","1.3","Q4","0.2","48.84"%,
"International Journal of Gaming and Computer-Mediated Simulations","INT J GAMING COMPUT-","IGI GLOBAL","1942-3888","1942-3896","COMPUTER SCIENCE, INTERDISCIPLINARY APPLICATIONS","ESCI","247","1.3","Q4","0.2","100"%,
"STATISTICA SINICA","STAT SINICA","STATISTICA SINICA","1017-0405","1996-8507","STATISTICS & PROBABILITY","SCIE","4,207","1.2","Q3","0.67","0"%,
"METRIKA","METRIKA","SPRINGER HEIDELBERG","0026-1335","1435-926X","STATISTICS & PROBABILITY","SCIE","1,087","1.2","Q3","0.6","25"%,
"Mathematical Population Studies","MATH POPUL STUD","TAYLOR & FRANCIS INC","0889-8480","1547-724X","STATISTICS & PROBABILITY","SCIE","263","1.2","Q3","0.58","0"%,
"STOCHASTIC PROCESSES AND THEIR APPLICATIONS","STOCH PROC APPL","ELSEVIER","0304-4149","1879-209X","STATISTICS & PROBABILITY","SCIE","6,692","1.2","Q3","0.58","34.19"%,
"SCANDINAVIAN JOURNAL OF STATISTICS","SCAND J STAT","WILEY","0303-6898","1467-9469","STATISTICS & PROBABILITY","SCIE","4,165","1.2","Q3","0.57","33.69"%,
"Modern Stochastics-Theory and Applications","MOD STOCH-THEORY APP","VTeX","2351-6054","2351-6054","STATISTICS & PROBABILITY","ESCI","153","1.2","Q3","0.54","100"%,
"Dependence Modeling","DEPEND MODEL","DE GRUYTER POLAND SP Z O O","2300-2298","2300-2298","STATISTICS & PROBABILITY","ESCI","224","1.2","Q3","0.44","100"%,
"JOURNAL OF TIME SERIES ANALYSIS","J TIME SER ANAL","WILEY","0143-9782","1467-9892","STATISTICS & PROBABILITY","SCIE","1,988","1.2","Q3","0.43","38.54"%,
"INTERNATIONAL JOURNAL OF RF AND MICROWAVE COMPUTER-AIDED ENGINEERING","INT J RF MICROW C E","WILEY","1096-4290","1099-047X","COMPUTER SCIENCE, INTERDISCIPLINARY APPLICATIONS","SCIE","2,558","1.2","Q4","0.19","100"%,
"International Journal of Pervasive Computing and Communications","INT J PERVASIVE COMP","EMERALD GROUP PUBLISHING LTD","1742-7371","1742-738X","COMPUTER SCIENCE, INTERDISCIPLINARY APPLICATIONS","ESCI","238","1.2","Q4","0.18","0"%,
"Information Geometry","INFORM GEOM","SPRINGERNATURE","2511-2481","2511-249X","STATISTICS & PROBABILITY","ESCI","166","1.1","Q3","0.99","50"%,
"Hacettepe Journal of Mathematics and Statistics","HACET J MATH STAT","HACETTEPE UNIV, FAC SCI","N/A","2651-477X","STATISTICS & PROBABILITY","SCIE","1,494","1.1","Q3","0.73","95"%,
"Statistical Analysis and Data Mining-An Asa Data Science Journal","STAT ANAL DATA MIN","WILEY","1932-1864","1932-1872","COMPUTER SCIENCE, INTERDISCIPLINARY APPLICATIONS","SCIE","1,023","1.1","Q4","0.6","38.36"%,
"Statistical Analysis and Data Mining-An Asa Data Science Journal","STAT ANAL DATA MIN","WILEY","1932-1864","1932-1872","STATISTICS & PROBABILITY","SCIE","1,023","1.1","Q3","0.6","38.36"%,
"ELECTRONIC JOURNAL OF PROBABILITY","ELECTRON J PROBAB","INST MATHEMATICAL STATISTICS-IMS","1083-6489","1083-6489","STATISTICS & PROBABILITY","SCIE","2,907","1.1","Q3","0.56","99.82"%,
"Journal of Reliability and Statistical Studies","J RELIAB STAT STUD","RIVER PUBLISHERS","0974-8024","2229-5666","STATISTICS & PROBABILITY","ESCI","212","1.1","Q3","0.52","98.33"%,
"METHODOLOGY AND COMPUTING IN APPLIED PROBABILITY","METHODOL COMPUT APPL","SPRINGER","1387-5841","1573-7713","STATISTICS & PROBABILITY","SCIE","925","1.1","Q3","0.51","20.08"%,
"JOURNAL OF APPLIED STATISTICS","J APPL STAT","TAYLOR & FRANCIS LTD","0266-4763","1360-0532","STATISTICS & PROBABILITY","SCIE","4,612","1.1","Q3","0.5","6.39"%,
"Journal of Statistical Planning and Inference","J STAT PLAN INFER","ELSEVIER","0378-3758","1873-1171","STATISTICS & PROBABILITY","SCIE","4,735","1.1","Q3","0.48","17.14"%,
"JOURNAL OF AGRICULTURAL BIOLOGICAL AND ENVIRONMENTAL STATISTICS","J AGR BIOL ENVIR ST","SPRINGER","1085-7117","1537-2693","MATHEMATICAL & COMPUTATIONAL BIOLOGY","SCIE","1,756","1.1","Q4","0.46","45.93"%,
"JOURNAL OF AGRICULTURAL BIOLOGICAL AND ENVIRONMENTAL STATISTICS","J AGR BIOL ENVIR ST","SPRINGER","1085-7117","1537-2693","STATISTICS & PROBABILITY","SCIE","1,756","1.1","Q3","0.46","45.93"%,
"Stats","STATS-BASEL","MDPI","N/A","2571-905X","STATISTICS & PROBABILITY","ESCI","507","1.1","Q3","0.44","100"%,
"R Journal","R J","R FOUNDATION STATISTICAL COMPUTING","2073-4859","N/A","COMPUTER SCIENCE, INTERDISCIPLINARY APPLICATIONS","SCIE","8,157","1.1","Q4","0.29","25.77"%,
"R Journal","R J","R FOUNDATION STATISTICAL COMPUTING","2073-4859","N/A","STATISTICS & PROBABILITY","SCIE","8,157","1.1","Q3","0.29","25.77"%,
"PROBABILITY IN THE ENGINEERING AND INFORMATIONAL SCIENCES","PROBAB ENG INFORM SC","CAMBRIDGE UNIV PRESS","0269-9648","1469-8951","STATISTICS & PROBABILITY","SCIE","679","1.1","Q3","0.28","95"%,
"ADVANCES IN APPLIED PROBABILITY","ADV APPL PROBAB","CAMBRIDGE UNIV PRESS","0001-8678","1475-6064","STATISTICS & PROBABILITY","SCIE","2,050","1","Q3","0.62","28.85"%,
"STATISTICA NEERLANDICA","STAT NEERL","WILEY","0039-0402","1467-9574","STATISTICS & PROBABILITY","SCIE","953","1","Q3","0.5","34.74"%,
"Japanese Journal of Statistics and Data Science","JPN J STAT DATA SCI","SPRINGERNATURE","2520-8756","2520-8764","STATISTICS & PROBABILITY","ESCI","267","1","Q3","0.49","35.16"%,
"JOURNAL OF NONPARAMETRIC STATISTICS","J NONPARAMETR STAT","TAYLOR & FRANCIS LTD","1048-5252","1029-0311","STATISTICS & PROBABILITY","SCIE","1,263","1","Q3","0.46","6.36"%,
"Journal of Official Statistics","J OFF STAT","SAGE PUBLICATIONS INC","0282-423X","2001-7367","STATISTICS & PROBABILITY","SCIE","1,932","1","Q3","0.46","100"%,
"CANADIAN JOURNAL OF STATISTICS-REVUE CANADIENNE DE STATISTIQUE","CAN J STAT","WILEY","0319-5724","1708-945X","STATISTICS & PROBABILITY","SCIE","1,485","1","Q3","0.44","37.61"%,
"Annals of Actuarial Science","ANN ACTUAR SCI","CAMBRIDGE UNIV PRESS","1748-4995","1748-5002","STATISTICS & PROBABILITY","ESCI","332","1","Q3","0.42","81.33"%,
"ESAIM-Probability and Statistics","ESAIM-PROBAB STAT","EDP SCIENCES S A","1292-8100","1262-3318","STATISTICS & PROBABILITY","SCIE","438","1","Q3","0.41","100"%,
"Thailand Statistician","THAIL STATIST","THAI STATISTICAL ASSOC","1685-9057","2351-0676","STATISTICS & PROBABILITY","ESCI","290","1","Q3","0.38","0"%,
"Econometric Reviews","ECONOMET REV","TAYLOR & FRANCIS INC","0747-4938","1532-4168","STATISTICS & PROBABILITY","SCIE","2,888","1","Q3","0.34","14.74"%,
"COMPEL-THE INTERNATIONAL JOURNAL FOR COMPUTATION AND MATHEMATICS IN ELECTRICAL AND ELECTRONIC ENGINEERING","COMPEL","EMERALD GROUP PUBLISHING LTD","0332-1649","0332-1649","COMPUTER SCIENCE, INTERDISCIPLINARY APPLICATIONS","SCIE","958","1","Q4","0.31","8.62"%,
"International Journal on Artificial Intelligence Tools","INT J ARTIF INTELL T","WORLD SCIENTIFIC PUBL CO PTE LTD","0218-2130","1793-6349","COMPUTER SCIENCE, INTERDISCIPLINARY APPLICATIONS","SCIE","733","1","Q4","0.19","1.71"%,
"Journal of Information and Organizational Sciences","J INF ORGAN SCI","UNIV ZAGREB, FAC ORGANIZATION & INFORMATICS","1846-3312","1846-9418","COMPUTER SCIENCE, INTERDISCIPLINARY APPLICATIONS","ESCI","169","1","Q4","0.14","100"%,
"Combinatorics Probability and Computing","COMB PROBAB COMPUT","CAMBRIDGE UNIV PRESS","0963-5483","1469-2163","STATISTICS & PROBABILITY","SCIE","1,539","0.9","Q3","0.47","54.81"%,
"COMMUNICATIONS IN STATISTICS-SIMULATION AND COMPUTATION","COMMUN STAT-SIMUL C","TAYLOR & FRANCIS INC","0361-0918","1532-4141","STATISTICS & PROBABILITY","SCIE","5,493","0.9","Q3","0.41","2.78"%,
"COMMUNICATIONS IN STATISTICS-THEORY AND METHODS","COMMUN STAT-THEOR M","TAYLOR & FRANCIS INC","0361-0926","1532-415X","STATISTICS & PROBABILITY","SCIE","7,548","0.9","Q3","0.38","2.51"%,
"Communications for Statistical Applications and Methods","COMMUN STAT APPL MET","KOREAN STATISTICAL SOC","2287-7843","2383-4757","STATISTICS & PROBABILITY","ESCI","465","0.9","Q3","0.34","100"%,
"Random Matrices-Theory and Applications","RANDOM MATRICES-THEO","WORLD SCIENTIFIC PUBL CO PTE LTD","2010-3263","2010-3271","STATISTICS & PROBABILITY","SCIE","332","0.9","Q3","0.34","0"%,
"MATHEMATICAL MEDICINE AND BIOLOGY-A JOURNAL OF THE IMA","MATH MED BIOL","OXFORD UNIV PRESS","1477-8599","1477-8602","MATHEMATICAL & COMPUTATIONAL BIOLOGY","SCIE","512","0.9","Q4","0.32","24.44"%,
"IEEE Revista Iberoamericana de Tecnologias del Aprendizaje-IEEE RITA","IEEE REV IBEROAM TEC","IEEE-INST ELECTRICAL ELECTRONICS ENGINEERS INC","N/A","1932-8540","COMPUTER SCIENCE, INTERDISCIPLINARY APPLICATIONS","ESCI","435","0.9","Q4","0.2","7.75"%,
"International Journal of Data Mining and Bioinformatics","INT J DATA MIN BIOIN","INDERSCIENCE ENTERPRISES LTD","1748-5673","1748-5681","MATHEMATICAL & COMPUTATIONAL BIOLOGY","SCIE","185","0.9","Q4","0.19","3.28"%,
"ACM SIGecom Exchanges","ACM SIGECOM EXCH","ASSOC COMPUTING MACHINERY","1551-9031","1551-9031","COMPUTER SCIENCE, INTERDISCIPLINARY APPLICATIONS","ESCI","184","0.9","Q4","0.14","0"%,
"Stochastics-An International Journal of Probability and Stochastic Processes","STOCHASTICS","TAYLOR & FRANCIS LTD","1744-2508","1744-2516","STATISTICS & PROBABILITY","SCIE","978","0.8","Q3","0.51","11.18"%,
"STATISTICAL MODELLING","STAT MODEL","SAGE PUBLICATIONS LTD","1471-082X","1477-0342","STATISTICS & PROBABILITY","SCIE","976","0.8","Q3","0.47","33.33"%,
"Journal of Statistical Theory and Practice","J STAT THEORY PRACT","SPRINGER","1559-8608","1559-8616","STATISTICS & PROBABILITY","ESCI","662","0.8","Q3","0.44","21.97"%,
"Journal of Probability and Statistics","J PROBAB STAT","WILEY","1687-952X","1687-9538","STATISTICS & PROBABILITY","ESCI","313","0.8","Q3","0.43","100"%,
"JOURNAL OF COMBINATORIAL OPTIMIZATION","J COMB OPTIM","SPRINGER","1382-6905","1573-2886","COMPUTER SCIENCE, INTERDISCIPLINARY APPLICATIONS","SCIE","1,841","0.8","Q4","0.41","10.36"%,
"Probability Uncertainty and Quantitative Risk","PROBAB UNCERTAIN QUA","AMER INST MATHEMATICAL SCIENCES-AIMS","2095-9672","2367-0126","STATISTICS & PROBABILITY","ESCI","156","0.8","Q3","0.39","97.3"%,
"Austrian Journal of Statistics","AUSTRIAN J STAT","AUSTRIAN STATISTICAL SOC","1026-597X","1026-597X","STATISTICS & PROBABILITY","ESCI","371","0.8","Q3","0.38","87.39"%,
"Journal of the Indian Society for Probability and Statistics","J INDIAN SOC PROB ST","SPRINGERNATURE","N/A","2364-9569","STATISTICS & PROBABILITY","ESCI","151","0.8","Q3","0.38","7.32"%,
"Journal of the Korean Statistical Society","J KOREAN STAT SOC","SPRINGER HEIDELBERG","1226-3192","2005-2863","STATISTICS & PROBABILITY","SCIE","601","0.8","Q3","0.38","10.53"%,
"Stat","STAT-US","WILEY","2049-1573","2049-1573","STATISTICS & PROBABILITY","SCIE","704","0.8","Q3","0.37","32.3"%,
"ELECTRONIC COMMUNICATIONS IN PROBABILITY","ELECTRON COMMUN PROB","INST MATHEMATICAL STATISTICS-IMS","N/A","1083-589X","STATISTICS & PROBABILITY","SCIE","1,061","0.8","Q3","0.35","98.31"%,
"INFINITE DIMENSIONAL ANALYSIS QUANTUM PROBABILITY AND RELATED TOPICS","INFIN DIMENS ANAL QU","WORLD SCIENTIFIC PUBL CO PTE LTD","0219-0257","1793-6306","STATISTICS & PROBABILITY","SCIE","1,189","0.8","Q3","0.34","0"%,
"Journal of Bioinformatics and Computational Biology","J BIOINF COMPUT BIOL","WORLD SCIENTIFIC PUBL CO PTE LTD","0219-7200","1757-6334","MATHEMATICAL & COMPUTATIONAL BIOLOGY","SCIE","581","0.8","Q4","0.2","7.45"%,
"Statistical Applications in Genetics and Molecular Biology","STAT APPL GENET MOL","WALTER DE GRUYTER GMBH","2194-6302","1544-6115","MATHEMATICAL & COMPUTATIONAL BIOLOGY","SCIE","1,349","0.8","Q4","0.19","36.36"%,
"Statistical Applications in Genetics and Molecular Biology","STAT APPL GENET MOL","WALTER DE GRUYTER GMBH","2194-6302","1544-6115","STATISTICS & PROBABILITY","SCIE","1,349","0.8","Q3","0.19","36.36"%,
"QUEUEING SYSTEMS","QUEUEING SYST","SPRINGER","0257-0130","1572-9443","COMPUTER SCIENCE, INTERDISCIPLINARY APPLICATIONS","SCIE","1,067","0.8","Q4","0.14","38.2"%,
"STOCHASTIC MODELS","STOCH MODELS","TAYLOR & FRANCIS INC","1532-6349","1532-4214","STATISTICS & PROBABILITY","SCIE","484","0.7","Q4","0.38","14.67"%,
"JOURNAL OF THEORETICAL PROBABILITY","J THEOR PROBAB","SPRINGER/PLENUM PUBLISHERS","0894-9840","1572-9230","STATISTICS & PROBABILITY","SCIE","1,379","0.7","Q4","0.37","28.69"%,
"STATISTICS & PROBABILITY LETTERS","STAT PROBABIL LETT","ELSEVIER","0167-7152","1879-2103","STATISTICS & PROBABILITY","SCIE","5,129","0.7","Q4","0.35","22.88"%,
"INTERNATIONAL JOURNAL OF COMPUTER APPLICATIONS IN TECHNOLOGY","INT J COMPUT APPL T","INDERSCIENCE ENTERPRISES LTD","0952-8091","1741-5047","COMPUTER SCIENCE, INTERDISCIPLINARY APPLICATIONS","ESCI","569","0.7","Q4","0.11","0"%,
"Parallel Processing Letters","PARALLEL PROCESS LET","WORLD SCIENTIFIC PUBL CO PTE LTD","0129-6264","1793-642X","COMPUTER SCIENCE, INTERDISCIPLINARY APPLICATIONS","ESCI","225","0.7","Q4","0.11","5.77"%,
"STOCHASTIC ANALYSIS AND APPLICATIONS","STOCH ANAL APPL","TAYLOR & FRANCIS INC","0736-2994","1532-9356","STATISTICS & PROBABILITY","SCIE","1,195","0.6","Q4","0.39","10"%,
"JOURNAL OF APPLIED PROBABILITY","J APPL PROBAB","CAMBRIDGE UNIV PRESS","0021-9002","1475-6072","STATISTICS & PROBABILITY","SCIE","3,234","0.6","Q4","0.34","23.73"%,
"Stochastics and Dynamics","STOCH DYNAM","WORLD SCIENTIFIC PUBL CO PTE LTD","0219-4937","1793-6799","STATISTICS & PROBABILITY","SCIE","894","0.6","Q4","0.34","1.22"%,
"ECONOMETRIC THEORY","ECONOMET THEOR","CAMBRIDGE UNIV PRESS","0266-4666","1469-4360","STATISTICS & PROBABILITY","SCIE","3,285","0.6","Q4","0.32","45.83"%,
"ALEA-Latin American Journal of Probability and Mathematical Statistics","ALEA-LAT AM J PROBAB","IMPA","1980-0436","N/A","STATISTICS & PROBABILITY","SCIE","475","0.6","Q4","0.3","0.53"%,
"Survey Methodology","SURV METHODOL","STATISTICS CANADA","0714-0045","N/A","STATISTICS & PROBABILITY","SCIE","1,053","0.6","Q4","0.27","0"%,
"Brazilian Journal of Probability and Statistics","BRAZ J PROBAB STAT","BRAZILIAN STATISTICAL ASSOCIATION","0103-0752","0103-0752","STATISTICS & PROBABILITY","SCIE","423","0.6","Q4","0.26","2.33"%,
"Statistical Journal of the IAOS","STAT J IAOS","SAGE PUBLICATIONS INC","1874-7655","1875-9254","STATISTICS & PROBABILITY","ESCI","529","0.6","Q4","0.25","11.67"%,
"Monte Carlo Methods and Applications","MONTE CARLO METHODS","WALTER DE GRUYTER GMBH","1569-3961","0929-9629","STATISTICS & PROBABILITY","ESCI","801","0.6","Q4","0.23","14.47"%,
"INTERNATIONAL JOURNAL OF GAME THEORY","INT J GAME THEORY","SPRINGER HEIDELBERG","0020-7276","1432-1270","STATISTICS & PROBABILITY","SCIE","1,452","0.6","Q4","0.2","43.85"%,
"International Journal of Digital Crime and Forensics","INT J DIGIT CRIME FO","IGI GLOBAL","1941-6210","1941-6229","COMPUTER SCIENCE, INTERDISCIPLINARY APPLICATIONS","ESCI","107","0.6","Q4","0.15","95.65"%,
"International Journal of Arts and Technology","INT J ARTS TECHNOL","INDERSCIENCE ENTERPRISES LTD","1754-8853","1754-8861","COMPUTER SCIENCE, INTERDISCIPLINARY APPLICATIONS","ESCI","130","0.6","Q4","0.12","7.69"%,
"Sankhya-Series A-Mathematical Statistics and Probability","SANKHYA SER A","SPRINGER","0976-836X","0976-8378","STATISTICS & PROBABILITY","ESCI","862","0.5","Q4","0.34","14.05"%,
"AUSTRALIAN & NEW ZEALAND JOURNAL OF STATISTICS","AUST NZ J STAT","WILEY","N/A","1467-842X","STATISTICS & PROBABILITY","SCIE","777","0.5","Q4","0.33","37.18"%,
"Electronic Journal of Applied Statistical Analysis","ELECTRON J APPL STAT","UNIV STUDI SALENTO","2070-5948","2070-5948","STATISTICS & PROBABILITY","ESCI","321","0.5","Q4","0.29","0"%,
"Statistics & Risk Modeling","STATIST RISK MODEL","WALTER DE GRUYTER GMBH","2193-1402","2196-7040","STATISTICS & PROBABILITY","ESCI","168","0.5","Q4","0.28","9.09"%,
"THEORY OF PROBABILITY AND ITS APPLICATIONS","THEOR PROBAB APPL+","SIAM PUBLICATIONS","0040-585X","1095-7219","STATISTICS & PROBABILITY","SCIE","1,868","0.5","Q4","0.27","0"%,
"Random Operators and Stochastic Equations","RANDOM OPERATORS STO","WALTER DE GRUYTER GMBH","0926-6364","1569-397X","STATISTICS & PROBABILITY","ESCI","179","0.5","Q4","0.23","4.55"%,
"Theory of Probability and Mathematical Statistics","THEOR PROBAB MATH ST","TARAS SHEVCHENKO NATL UNIV KYIV, FAC MECH & MATH","0094-9000","1547-7363","STATISTICS & PROBABILITY","ESCI","129","0.5","Q4","0.23","0"%,
"APPLICABLE ALGEBRA IN ENGINEERING COMMUNICATION AND COMPUTING","APPL ALGEBR ENG COMM","SPRINGER","0938-1279","1432-0622","COMPUTER SCIENCE, INTERDISCIPLINARY APPLICATIONS","SCIE","613","0.5","Q4","0.17","18.92"%,
"Statistics in Biosciences","STAT BIOSCI","SPRINGER","1867-1764","1867-1772","MATHEMATICAL & COMPUTATIONAL BIOLOGY","ESCI","412","0.5","Q4","0.15","23.91"%,
"Statistics and Applications","STAT APPL","SOC STATISTICS COMPUTER & APPLICATIONS","2454-7395","2454-7395","STATISTICS & PROBABILITY","ESCI","203","0.5","Q4","0.12","0"%,
"IADIS-International Journal on Computer Science and Information Systems","IADIS-INT J COMPUT S","IADIS","1646-3692","1646-3692","COMPUTER SCIENCE, INTERDISCIPLINARY APPLICATIONS","ESCI","65","0.5","Q4","0.06","0"%,
"Mathematical Methods of Statistics","MATH METHODS STAT","PLEIADES PUBLISHING LTD","1066-5307","1934-8045","STATISTICS & PROBABILITY","ESCI","485","0.4","Q4","0.39","0"%,
"Statistics and Its Interface","STAT INTERFACE","INT PRESS BOSTON, INC","1938-7989","1938-7997","MATHEMATICAL & COMPUTATIONAL BIOLOGY","SCIE","749","0.4","Q4","0.18","0"%,
"Statistics in Transition","STAT TRANSIT","Polish Statistical Assoc","1234-7655","2450-0291","STATISTICS & PROBABILITY","ESCI","307","0.4","Q4","0.17","99.36"%,
"SOUTH AFRICAN STATISTICAL JOURNAL","S AFR STAT J","SOUTH AFRICAN STATISTICAL ASSOC","0038-271X","1996-8450","STATISTICS & PROBABILITY","ESCI","81","0.4","Q4","0.15","70.59"%,
"PATTERN RECOGNITION AND IMAGE ANALYSIS","PATTERN RECOGN IMAGE","SPRINGERNATURE","1054-6618","1555-6212","COMPUTER SCIENCE, INTERDISCIPLINARY APPLICATIONS","ESCI","550","0.4","Q4","0.1","0.89"%,
"Romanian Journal of Information Technology and Automatic Control-Revista Romana de Informatica si Automatica","ROM J INF TECH AUT C","INST NATL CERCETARE-DEZVOLTARE INFORMATICA-ICI","1220-1758","1841-4303","COMPUTER SCIENCE, INTERDISCIPLINARY APPLICATIONS","ESCI","94","0.4","Q4","0.1","100"%,
"Advances and Applications in Statistics","ADV APPL STAT","PUSHPA PUBLISHING HOUSE","0972-3617","0972-3617","STATISTICS & PROBABILITY","ESCI","165","0.3","Q4","0.15","94.81"%,
"Korean Journal of Applied Statistics","KOREAN J APPL STAT","KOREAN STATISTICAL SOC","1225-066X","2383-5818","STATISTICS & PROBABILITY","ESCI","110","0.3","Q4","0.13","0.7"%,
"Markov Processes and Related Fields","MARKOV PROCESS RELAT","POLYMAT","1024-2953","1024-2953","STATISTICS & PROBABILITY","SCIE","267","0.3","Q4","0.12","0"%,
"Qwerty","QWERTY","PROGEDIT","1828-7344","2240-2950","COMPUTER SCIENCE, INTERDISCIPLINARY APPLICATIONS","ESCI","67","0.3","Q4","0.09","97.22"%,
"COMPUTER MUSIC JOURNAL","COMPUT MUSIC J","MIT PRESS","0148-9267","1531-5169","COMPUTER SCIENCE, INTERDISCIPLINARY APPLICATIONS","SCIE","404","0.2","Q4","0.29","8.82"%,
"JP Journal of Biostatistics","JP J BIOSTAT","PUSHPA PUBLISHING HOUSE","0973-5143","0973-5143","STATISTICS & PROBABILITY","ESCI","29","0.2","Q4","0.11","100"%,
"Wiadomosci Statystyczne. The Polish Statistician","WIAD STAT-POL STAT","Glowny Urzad Statystyczny - Central Statistical Office","0043-518X","2543-8476","STATISTICS & PROBABILITY","ESCI","104","0.2","Q4","0.07","98.4"%,
"Ekoist-Journal of Econometrics and Statistics","EKOIST-J ECONOM STAT","ISTANBUL UNIV","2651-396X","2651-396X","STATISTICS & PROBABILITY","ESCI","33","0.2","Q4","0.05","98.89"%,
"ERCIM News","ERCIM NEWS","EUROPEAN RESEARCH CONSORTIUM INFORMATICS & MATHEMATICS","0926-4981","1564-0094","COMPUTER SCIENCE, INTERDISCIPLINARY APPLICATIONS","ESCI","91","0.2","Q4","0.02","0"%,
"Revista Brasileira de Computacao Aplicada","REV BRAS COMPUT APL","UNIV PASSO FUNDO","2176-6649","2176-6649","COMPUTER SCIENCE, INTERDISCIPLINARY APPLICATIONS","ESCI","50","0.2","Q4","0.02","97.3"%,
"Probability and Mathematical Statistics-Poland","PROBAB MATH STAT-POL","WYDAWNICTWO UNIWERSYTETU WROCLAWSKIEGO","0208-4147","N/A","STATISTICS & PROBABILITY","SCIE","253","0.1","Q4","0.11","97.5"%,
"JIRSS-Journal of the Iranian Statistical Society","JIRSS-J IRAN STAT SO","IRANIAN STATISTICAL SOC","1726-4057","2538-189X","STATISTICS & PROBABILITY","ESCI","111","0.1","Q4","0.05","0"%,
"IEEE Transactions on Computational Biology and Bioinformatics","IEEE T COMPUT BIOL B","IEEE COMPUTER SOC","N/A","2998-4165","COMPUTER SCIENCE, INTERDISCIPLINARY APPLICATIONS","SCIE","146","N/A","N/A","N/A","6.11"%,
"IEEE Transactions on Computational Biology and Bioinformatics","IEEE T COMPUT BIOL B","IEEE COMPUTER SOC","N/A","2998-4165","STATISTICS & PROBABILITY","SCIE","146","N/A","N/A","N/A","6.11"%,

Copyright (c) 2026 Clarivate 
By exporting the selected data; you agree to the data usage policy set forth in the Terms of Use 
