"Journal Data Filtered By:  Selected Categories: ONCOLOGY;MULTIDISCIPLINARY SCIENCES Selected Editions: SCIE;SSCI;AHCI;ESCI Selected JCR Year: 2025 Selected Category Schema: WOS Selected Open Access: N Indicator: Default"

Journal name,JCR Abbreviation,Publisher,ISSN,eISSN,Category,Edition,Total Citations,2025 JIF,JIF Quartile,2025 JCI,% of Citable OA
"CA-A CANCER JOURNAL FOR CLINICIANS","CA-CANCER J CLIN","WILEY","0007-9235","1542-4863","ONCOLOGY","SCIE","78,841","685.2","Q1","114.1","100"%,
"Nature Reviews Clinical Oncology","NAT REV CLIN ONCOL","NATURE PORTFOLIO","1759-4774","1759-4782","ONCOLOGY","SCIE","39,514","94.6","Q1","11.09","0.7"%,
"ANNALS OF ONCOLOGY","ANN ONCOL","ELSEVIER","0923-7534","1569-8041","ONCOLOGY","SCIE","68,920","80.4","Q1","9.94","38.32"%,
"NATURE REVIEWS CANCER","NAT REV CANCER","NATURE PORTFOLIO","1474-175X","1474-1768","ONCOLOGY","SCIE","62,745","60.7","Q1","7.66","2.14"%,
"NATURE","NATURE","NATURE PORTFOLIO","0028-0836","1476-4687","MULTIDISCIPLINARY SCIENCES","SCIE","1,053,832","56.1","Q1","10.84","53.07"%,
"CANCER CELL","CANCER CELL","CELL PRESS","1535-6108","1878-3686","ONCOLOGY","SCIE","64,398","56.1","Q1","8.22","41.76"%,
"Nature Reviews Methods Primers","NAT REV METHOD PRIME","SPRINGERNATURE","N/A","2662-8449","MULTIDISCIPLINARY SCIENCES","SCIE","14,296","54.2","Q1","7.9","0"%,
"Journal of Hematology & Oncology","J HEMATOL ONCOL","BMC","N/A","1756-8722","ONCOLOGY","SCIE","32,695","47.8","Q1","5.93","100"%,
"SCIENCE","SCIENCE","AMER ASSOC ADVANCEMENT SCIENCE","0036-8075","1095-9203","MULTIDISCIPLINARY SCIENCES","SCIE","831,162","47.3","Q1","8.74","11.3"%,
"JOURNAL OF CLINICAL ONCOLOGY","J CLIN ONCOL","LIPPINCOTT WILLIAMS & WILKINS","0732-183X","1527-7755","ONCOLOGY","SCIE","180,692","44.7","Q1","6.45","36.39"%,
"Molecular Cancer","MOL CANCER","BMC","N/A","1476-4598","ONCOLOGY","SCIE","53,231","42.2","Q1","5.07","100"%,
"Innovation","INNOVATION-AMSTERDAM","CELL PRESS","2666-6758","2666-6758","MULTIDISCIPLINARY SCIENCES","ESCI","13,607","39.5","Q1","3.66","100"%,
"LANCET ONCOLOGY","LANCET ONCOL","ELSEVIER SCIENCE INC","1470-2045","1474-5488","ONCOLOGY","SCIE","77,887","33.7","Q1","7.06","16.03"%,
"Exploration","EXPLORATION-PRC","WILEY","2766-8509","2766-2098","MULTIDISCIPLINARY SCIENCES","ESCI","7,152","30.4","Q1","2.29","100"%,
"Cancer Discovery","CANCER DISCOV","AMER ASSOC CANCER RESEARCH","2159-8274","2159-8290","ONCOLOGY","SCIE","40,579","29.5","Q1","6.35","51.29"%,
"Cancer Communications","CANCER COMMUN","AMER ASSOC ADVANCEMENT SCIENCE","N/A","2523-3548","ONCOLOGY","SCIE","9,938","28.4","Q1","4.27","98.61"%,
"Nature Cancer","NAT CANCER","NATURE PORTFOLIO","N/A","2662-1347","ONCOLOGY","SCIE","14,846","28","Q1","5.64","38.56"%,
"Journal of the National Cancer Center","J NATL CANCER CTR","ELSEVIER","2667-0054","2667-0054","ONCOLOGY","ESCI","2,638","25.2","Q1","4.67","100"%,
"JAMA Oncology","JAMA ONCOL","AMER MEDICAL ASSOC","2374-2437","2374-2445","ONCOLOGY","SCIE","32,733","23.9","Q1","4.13","26.58"%,
"Journal of Thoracic Oncology","J THORAC ONCOL","ELSEVIER SCIENCE INC","1556-0864","1556-1380","ONCOLOGY","SCIE","29,690","23.3","Q1","4.6","27.6"%,
"CANCER RESEARCH","CANCER RES","AMER ASSOC CANCER RESEARCH","0008-5472","1538-7445","ONCOLOGY","SCIE","119,428","22.6","Q1","2.61","35.17"%,
"Trends in Cancer","TRENDS CANCER","CELL PRESS","2405-8033","2405-8025","ONCOLOGY","SCIE","11,685","21.6","Q1","2.27","29.52"%,
"Science Bulletin","SCI BULL","ELSEVIER","2095-9273","2095-9281","MULTIDISCIPLINARY SCIENCES","SCIE","27,405","20.7","Q1","2.98","29.9"%,
"SEMINARS IN CANCER BIOLOGY","SEMIN CANCER BIOL","ACADEMIC PRESS LTD- ELSEVIER SCIENCE LTD","1044-579X","1096-3650","ONCOLOGY","SCIE","21,930","20.3","Q1","3.7","30.52"%,
"Nature Computational Science","NAT COMPUT SCI","SPRINGERNATURE","N/A","2662-8457","MULTIDISCIPLINARY SCIENCES","SCIE","6,661","20.3","Q1","3.6","29.75"%,
"Nature Communications","NAT COMMUN","NATURE PORTFOLIO","N/A","2041-1723","MULTIDISCIPLINARY SCIENCES","SCIE","1,166,083","18.1","Q1","3.47","99.94"%,
"National Science Review","NATL SCI REV","OXFORD UNIV PRESS","2095-5138","2053-714X","MULTIDISCIPLINARY SCIENCES","SCIE","25,850","18.1","Q1","2.74","100"%,
"Nature Human Behaviour","NAT HUM BEHAV","NATURE PORTFOLIO","2397-3374","2397-3374","MULTIDISCIPLINARY SCIENCES","SCIE","21,937","17.5","Q1","3.95","35.94"%,
"Journal of the National Comprehensive Cancer Network","J NATL COMPR CANC NE","HARBORSIDE PRESS","1540-1405","1540-1413","ONCOLOGY","SCIE","16,909","17.5","Q1","3.29","0.48"%,
"Experimental Hematology & Oncology","EXP HEMATOL ONCOL","BMC","N/A","2162-3619","ONCOLOGY","SCIE","5,424","17.5","Q1","2.25","100"%,
"Journal of Advanced Research","J ADV RES","ELSEVIER","2090-1232","2090-1224","MULTIDISCIPLINARY SCIENCES","SCIE","21,564","17.1","Q1","3.3","100"%,
"JACC: CardioOncology","JACC-CARDIOONCOL","ELSEVIER","2666-0873","2666-0873","ONCOLOGY","SCIE","4,039","15.5","Q1","2.73","100"%,
"Biomarker Research","BIOMARK RES","BMC","N/A","2050-7771","ONCOLOGY","SCIE","7,601","14.6","Q1","1.8","100"%,
"JOURNAL OF EXPERIMENTAL & CLINICAL CANCER RESEARCH","J EXP CLIN CANC RES","BMC","N/A","1756-9966","ONCOLOGY","SCIE","33,576","14.3","Q1","2.72","99.89"%,
"Science Advances","SCI ADV","AMER ASSOC ADVANCEMENT SCIENCE","N/A","2375-2548","MULTIDISCIPLINARY SCIENCES","SCIE","226,461","13.9","Q1","2.79","99.91"%,
"Blood Cancer Journal","BLOOD CANCER J","SPRINGERNATURE","2044-5385","2044-5385","ONCOLOGY","SCIE","10,205","13.8","Q1","2.22","100"%,
"NEURO-ONCOLOGY","NEURO-ONCOLOGY","OXFORD UNIV PRESS INC","1522-8517","1523-5866","ONCOLOGY","SCIE","27,081","13.1","Q1","2.79","39.62"%,
"Research","RESEARCH-CHINA","AMER ASSOC ADVANCEMENT SCIENCE","2096-5168","2639-5274","MULTIDISCIPLINARY SCIENCES","SCIE","12,839","12.9","Q1","2.01","100"%,
"CANCER AND METASTASIS REVIEWS","CANCER METAST REV","SPRINGER","0167-7659","1573-7233","ONCOLOGY","SCIE","9,156","12.7","Q1","1.3","52.11"%,
"Cancer Biology & Medicine","CANCER BIOL MED","CHINA ANTI-CANCER ASSOC","2095-3941","2095-3941","ONCOLOGY","SCIE","4,958","12.4","Q1","1.26","100"%,
"Blood Cancer Discovery","BLOOD CANCER DISCOV","AMER ASSOC CANCER RESEARCH","2643-3230","2643-3249","ONCOLOGY","ESCI","1,711","12.2","Q1","2.68","41.46"%,
"CANCER LETTERS","CANCER LETT","ELSEVIER IRELAND LTD","0304-3835","1872-7980","ONCOLOGY","SCIE","47,703","11.8","Q1","2.36","27.9"%,
"Journal for ImmunoTherapy of Cancer","J IMMUNOTHER CANCER","BMJ PUBLISHING GROUP","N/A","2051-1426","ONCOLOGY","SCIE","38,924","11.7","Q1","2.28","100"%,
"BIOCHIMICA ET BIOPHYSICA ACTA-REVIEWS ON CANCER","BBA-REV CANCER","ELSEVIER","0304-419X","1879-2561","ONCOLOGY","SCIE","13,936","11.2","Q1","1.31","26.85"%,
"Cancer Genetics","CANCER GENET-NY","ELSEVIER SCIENCE INC","2210-7762","2210-7770","ONCOLOGY","SCIE","2,235","11","Q1","1.4","18.23"%,
"CLINICAL CANCER RESEARCH","CLIN CANCER RES","AMER ASSOC CANCER RESEARCH","1078-0432","1557-3265","ONCOLOGY","SCIE","95,186","10.9","Q1","2.34","36.57"%,
"ESMO Open","ESMO OPEN","ELSEVIER","N/A","2059-7029","ONCOLOGY","SCIE","10,995","10.6","Q1","1.61","100"%,
"CANCER TREATMENT REVIEWS","CANCER TREAT REV","ELSEVIER SCI LTD","0305-7372","1532-1967","ONCOLOGY","SCIE","13,933","10.6","Q1","1.33","37.12"%,
"Liver Cancer","LIVER CANCER","KARGER","2235-1795","1664-5553","ONCOLOGY","SCIE","3,892","10.5","Q1","1.82","100"%,
"npj Precision Oncology","NPJ PRECIS ONCOL","NATURE PORTFOLIO","N/A","2397-768X","ONCOLOGY","SCIE","7,704","9.9","Q1","1.88","100"%,
"PROCEEDINGS OF THE NATIONAL ACADEMY OF SCIENCES OF THE UNITED STATES OF AMERICA","P NATL ACAD SCI USA","NATL ACAD SCIENCES","0027-8424","1091-6490","MULTIDISCIPLINARY SCIENCES","SCIE","766,549","9.5","Q1","2.15","73.79"%,
"ONCOGENE","ONCOGENE","SPRINGERNATURE","0950-9232","1476-5594","ONCOLOGY","SCIE","59,393","9.1","Q1","1.57","43.02"%,
"LEUKEMIA","LEUKEMIA","SPRINGERNATURE","0887-6924","1476-5551","ONCOLOGY","SCIE","31,482","8.8","Q1","2.09","65.87"%,
"European Urology Oncology","EUR UROL ONCOL","ELSEVIER","N/A","2588-9311","ONCOLOGY","SCIE","5,187","8.5","Q1","2.43","42.07"%,
"BIODRUGS","BIODRUGS","ADIS INT LTD","1173-8804","1179-190X","ONCOLOGY","SCIE","4,076","8.5","Q1","1.3","57.31"%,
"Molecular Therapy Oncology","MOL THER ONCOL","CELL PRESS","N/A","2950-3299","ONCOLOGY","SCIE","4,866","8.5","Q1","0.94","100"%,
"MedComm-Oncology","MEDCOMM-ONCOL","WILEY","2769-6448","2769-6448","ONCOLOGY","ESCI","571","8.5","Q1","0.89","100"%,
"npj Breast Cancer","NPJ BREAST CANCER","NATURE PORTFOLIO","N/A","2374-4677","ONCOLOGY","SCIE","5,678","8.4","Q1","1.61","100"%,
"Research Synthesis Methods","RES SYNTH METHODS","CAMBRIDGE UNIV PRESS","1759-2879","1759-2887","MULTIDISCIPLINARY SCIENCES","SCIE","10,861","8","Q1","1.83","88.73"%,
"Cancer Immunology Research","CANCER IMMUNOL RES","AMER ASSOC CANCER RESEARCH","2326-6066","2326-6074","ONCOLOGY","SCIE","13,610","7.9","Q1","1.85","32.68"%,
"EUROPEAN JOURNAL OF CANCER","EUR J CANCER","ELSEVIER SCI LTD","0959-8049","1879-0852","ONCOLOGY","SCIE","39,615","7.9","Q1","1.57","43.23"%,
"Clinical and Translational Medicine","CLIN TRANSL MED","WILEY","2001-1326","2001-1326","ONCOLOGY","SCIE","13,400","7.9","Q1","1.43","100"%,
"BRITISH JOURNAL OF CANCER","BRIT J CANCER","SPRINGERNATURE","0007-0920","1532-1827","ONCOLOGY","SCIE","51,047","7.8","Q1","1.43","57.64"%,
"JNCI-Journal of the National Cancer Institute","JNCI-J NATL CANCER I","OXFORD UNIV PRESS INC","0027-8874","1460-2105","ONCOLOGY","SCIE","33,971","7.7","Q1","1.52","35.29"%,
"Cancer Drug Resistance","CANCER DRUG RESIST","OAE PUBLISHING INC","N/A","2578-532X","ONCOLOGY","ESCI","2,677","7.6","Q1","0.9","98.8"%,
"INTERNATIONAL JOURNAL OF RADIATION ONCOLOGY BIOLOGY PHYSICS","INT J RADIAT ONCOL","ELSEVIER SCIENCE INC","0360-3016","1879-355X","ONCOLOGY","SCIE","42,989","7.4","Q1","1.52","18.11"%,
"GLOBAL CHALLENGES","GLOB CHALL","WILEY-V C H VERLAG GMBH","N/A","2056-6646","MULTIDISCIPLINARY SCIENCES","SCIE","3,488","7.4","Q1","0.86","99.62"%,
"INTERNATIONAL JOURNAL OF ONCOLOGY","INT J ONCOL","SPANDIDOS PUBL LTD","1019-6439","1791-2423","ONCOLOGY","SCIE","16,556","7.3","Q1","1.03","90.75"%,
"Scientific Data","SCI DATA","NATURE PORTFOLIO","N/A","2052-4463","MULTIDISCIPLINARY SCIENCES","SCIE","55,822","7.2","Q1","1.62","99.95"%,
"Radiology-Imaging Cancer","RADIOL-IMAG CANCER","RADIOLOGICAL SOC NORTH AMERICA (RSNA)","2638-616X","2638-616X","ONCOLOGY","ESCI","1,036","7.2","Q1","1.26","100"%,
"MIT Technology Review","MIT TECHNOL REV","TECHNOL REV","1099-274X","N/A","MULTIDISCIPLINARY SCIENCES","SCIE","1,198","7.2","Q1","0.02","0"%,
"Fundamental Research","FUND RES-CHINA","KEAI PUBLISHING LTD","2096-9457","2667-3258","MULTIDISCIPLINARY SCIENCES","ESCI","4,481","7","Q1","1.49","100"%,
"Cancer Cell International","CANCER CELL INT","BMC","N/A","1475-2867","ONCOLOGY","SCIE","18,851","7","Q1","1.16","100"%,
"PROSTATE CANCER AND PROSTATIC DISEASES","PROSTATE CANCER P D","SPRINGERNATURE","1365-7852","1476-5608","ONCOLOGY","SCIE","5,241","6.9","Q1","1.39","34.08"%,
"MOLECULAR CANCER THERAPEUTICS","MOL CANCER THER","AMER ASSOC CANCER RESEARCH","1535-7163","1538-8514","ONCOLOGY","SCIE","20,008","6.9","Q1","1.23","36.23"%,
"SEMINARS IN ONCOLOGY","SEMIN ONCOL","W B SAUNDERS CO-ELSEVIER INC","0093-7754","1532-8708","ONCOLOGY","SCIE","4,376","6.8","Q1","0.51","19.47"%,
"Chinese Journal of Cancer Research","CHINESE J CANCER RES","CHINESE JOURNAL CANCER RESEARCH CO","1000-9604","1993-0631","ONCOLOGY","SCIE","3,393","6.7","Q1","1.08","100"%,
"CANCER GENE THERAPY","CANCER GENE THER","SPRINGERNATURE","0929-1903","1476-5500","ONCOLOGY","SCIE","5,943","6.4","Q1","1.11","44.92"%,
"OncoImmunology","ONCOIMMUNOLOGY","TAYLOR & FRANCIS INC","2162-402X","2162-402X","ONCOLOGY","SCIE","15,185","6.2","Q1","1.39","100"%,
"BREAST CANCER RESEARCH","BREAST CANCER RES","BMC","1465-5411","1465-542X","ONCOLOGY","SCIE","13,359","6.2","Q1","1.26","100"%,
"CRITICAL REVIEWS IN ONCOLOGY HEMATOLOGY","CRIT REV ONCOL HEMAT","ELSEVIER SCIENCE INC","1040-8428","1879-0461","ONCOLOGY","SCIE","14,331","6.2","Q1","0.82","31.46"%,
"Gastric Cancer","GASTRIC CANCER","SPRINGER","1436-3291","1436-3305","ONCOLOGY","SCIE","8,378","6.1","Q1","1.38","43"%,
"Oncogenesis","ONCOGENESIS","SPRINGERNATURE","2157-9024","2157-9024","ONCOLOGY","SCIE","4,592","6","Q1","1.22","99.26"%,
"Cancer & Metabolism","CANCER METAB","BMC","N/A","2049-3002","ONCOLOGY","SCIE","1,980","5.9","Q1","1.07","100"%,
"Cancer Pathogenesis and Therapy","CANCER PATHOG THER","ELSEVIER","2097-2563","2949-7132","ONCOLOGY","ESCI","645","5.9","Q1","0.76","100"%,
"RADIOTHERAPY AND ONCOLOGY","RADIOTHER ONCOL","ELSEVIER IRELAND LTD","0167-8140","1879-0887","ONCOLOGY","SCIE","25,418","5.8","Q1","1.35","38.06"%,
"CANCER IMMUNOLOGY IMMUNOTHERAPY","CANCER IMMUNOL IMMUN","SPRINGER","0340-7004","1432-0851","ONCOLOGY","SCIE","14,876","5.8","Q1","1.17","87.15"%,
"Cancer Nanotechnology","CANCER NANOTECHNOL","SPRINGER WIEN","1868-6958","1868-6966","ONCOLOGY","SCIE","1,698","5.8","Q1","0.89","100"%,
"MOLECULAR CANCER RESEARCH","MOL CANCER RES","AMER ASSOC CANCER RESEARCH","1541-7786","1557-3125","ONCOLOGY","SCIE","10,183","5.8","Q1","0.83","25.19"%,
"CURRENT TREATMENT OPTIONS IN ONCOLOGY","CURR TREAT OPTION ON","SPRINGER","1527-2729","1534-6277","ONCOLOGY","SCIE","4,351","5.8","Q1","0.65","32.45"%,
"CANCER BIOLOGY & THERAPY","CANCER BIOL THER","TAYLOR & FRANCIS INC","1538-4047","1555-8576","ONCOLOGY","SCIE","7,506","5.7","Q1","1.18","100"%,
"Clinical Epigenetics","CLIN EPIGENETICS","BMC","1868-7075","1868-7083","ONCOLOGY","SCIE","10,152","5.7","Q1","1.12","100"%,
"CANCER","CANCER-AM CANCER SOC","WILEY","0008-543X","1097-0142","ONCOLOGY","SCIE","61,762","5.6","Q1","1.13","40.3"%,
"CELLULAR ONCOLOGY","CELL ONCOL","SPRINGER","2211-3428","2211-3436","ONCOLOGY","SCIE","4,465","5.6","Q1","1.12","51.69"%,
"JCO Oncology Practice","JCO ONCOL PRACT","LIPPINCOTT WILLIAMS & WILKINS","2688-1527","2688-1535","ONCOLOGY","SCIE","5,546","5.5","Q1","0.9","15.58"%,
"Annual Review of Cancer Biology","ANNU REV CANCER BIOL","ANNUAL REVIEWS","2472-3428","2472-3428","ONCOLOGY","SCIE","1,108","5.5","Q1","0.69","100"%,
"JOURNAL OF PATHOLOGY","J PATHOL","WILEY","0022-3417","1096-9896","ONCOLOGY","SCIE","16,590","5.4","Q1","1.6","65.99"%,
"INTERNATIONAL JOURNAL OF GYNECOLOGICAL CANCER","INT J GYNECOL CANCER","ELSEVIER","1048-891X","1525-1438","ONCOLOGY","SCIE","12,237","5.4","Q1","1.54","17.64"%,
"LUNG CANCER","LUNG CANCER","ELSEVIER IRELAND LTD","0169-5002","1872-8332","ONCOLOGY","SCIE","15,636","5.3","Q1","1.15","30.75"%,
"BREAST","BREAST","CHURCHILL LIVINGSTONE","0960-9776","1532-3080","ONCOLOGY","SCIE","9,315","5.2","Q1","2.08","100"%,
"Current Oncology Reports","CURR ONCOL REP","SPRINGER","1523-3790","1534-6269","ONCOLOGY","SCIE","6,344","5.2","Q1","0.65","34.32"%,
"BONE MARROW TRANSPLANTATION","BONE MARROW TRANSPL","SPRINGERNATURE","0268-3369","1476-5365","ONCOLOGY","SCIE","14,738","5.1","Q1","1.08","36.08"%,
"Journal of Gastric Cancer","J GASTRIC CANCER","KOREAN GASTRIC CANCER ASSOC","2093-582X","2093-5641","ONCOLOGY","SCIE","1,347","5.1","Q1","0.92","96.3"%,
"Targeted Oncology","TARGET ONCOL","SPRINGER","1776-2596","1776-260X","ONCOLOGY","SCIE","2,877","5.1","Q1","0.83","50.46"%,
"GigaScience","GIGASCIENCE","OXFORD UNIV PRESS","2047-217X","2047-217X","MULTIDISCIPLINARY SCIENCES","SCIE","13,837","5","Q1","1.27","98.93"%,
"Journal of Liquid Biopsy","J LIQ BIOPSY","ELSEVIER","N/A","2950-1954","ONCOLOGY","ESCI","429","5","Q2","0.91","100"%,
"Molecular Medicine Reports","MOL MED REP","SPANDIDOS PUBL LTD","1791-2997","1791-3004","ONCOLOGY","SCIE","27,831","5","Q2","0.86","93.42"%,
"Journal of Environmental Science and Health Part C-Toxicology and Carcinogenesis","J ENV SCI HEAL C-TOX","TAYLOR & FRANCIS INC","2689-6583","2689-6591","ONCOLOGY","SCIE","317","5","Q2","0.62","0"%,
"Scientific Reports","SCI REP-UK","NATURE PORTFOLIO","2045-2322","2045-2322","MULTIDISCIPLINARY SCIENCES","SCIE","1,061,414","4.9","Q1","1.13","99.94"%,
"INTERNATIONAL JOURNAL OF CANCER","INT J CANCER","WILEY","0020-7136","1097-0215","ONCOLOGY","SCIE","47,944","4.9","Q2","1.06","55.54"%,
"Translational Oncology","TRANSL ONCOL","ELSEVIER SCIENCE INC","1936-5233","1936-5233","ONCOLOGY","SCIE","10,053","4.9","Q2","0.98","100"%,
"CANCER SCIENCE","CANCER SCI","WILEY","1347-9032","1349-7006","ONCOLOGY","SCIE","21,312","4.9","Q2","0.97","100"%,
"NPJ Microgravity","NPJ MICROGRAVITY","NATURE PORTFOLIO","N/A","2373-8065","MULTIDISCIPLINARY SCIENCES","SCIE","2,500","4.9","Q1","0.97","100"%,
"PNAS Nexus","PNAS NEXUS","OXFORD UNIV PRESS","N/A","2752-6542","MULTIDISCIPLINARY SCIENCES","ESCI","6,584","4.8","Q1","2.02","99.57"%,
"NEOPLASIA","NEOPLASIA","ELSEVIER SCIENCE INC","1476-5586","1476-5586","ONCOLOGY","SCIE","8,557","4.8","Q2","1.41","100"%,
"CANCER IMAGING","CANCER IMAGING","BMC","1740-5025","1470-7330","ONCOLOGY","SCIE","4,225","4.8","Q2","1.1","100"%,
"JNCI Cancer Spectrum","JNCI CANCER SPECT","OXFORD UNIV PRESS","N/A","2515-5091","ONCOLOGY","ESCI","2,957","4.8","Q2","0.82","100"%,
"Cancers","CANCERS","MDPI","N/A","2072-6694","ONCOLOGY","SCIE","153,316","4.8","Q2","0.8","99.97"%,
"STEM CELLS","STEM CELLS","OXFORD UNIV PRESS","1066-5099","1549-4918","ONCOLOGY","SCIE","14,007","4.8","Q2","0.77","31.65"%,
"JCO Precision Oncology","JCO PRECIS ONCOL","LIPPINCOTT WILLIAMS & WILKINS","N/A","2473-4284","ONCOLOGY","SCIE","6,919","4.7","Q2","1.08","38.04"%,
"ONCOLOGIST","ONCOLOGIST","OXFORD UNIV PRESS","1083-7159","1549-490X","ONCOLOGY","SCIE","19,919","4.7","Q2","0.89","99.8"%,
"ONCOLOGY REPORTS","ONCOL REP","SPANDIDOS PUBL LTD","1021-335X","1791-2431","ONCOLOGY","SCIE","18,981","4.7","Q2","0.82","84.52"%,
"MEDICAL ONCOLOGY","MED ONCOL","HUMANA PRESS INC","1357-0560","1559-131X","ONCOLOGY","SCIE","9,172","4.7","Q2","0.7","14.25"%,
"ONCOLOGY RESEARCH","ONCOL RES","TECH SCIENCE PRESS","0965-0407","1555-3906","ONCOLOGY","SCIE","3,103","4.6","Q2","1.06","57.05"%,
"Neuro-Oncology Advances","NEURO-ONCOL ADV","OXFORD UNIV PRESS","N/A","2632-2498","ONCOLOGY","ESCI","4,099","4.6","Q2","0.98","100"%,
"NAR Cancer","NAR CANCER","OXFORD UNIV PRESS","2632-8674","2632-8674","ONCOLOGY","ESCI","1,159","4.6","Q2","0.81","100"%,
"Gynecologic Oncology","GYNECOL ONCOL","ACADEMIC PRESS INC ELSEVIER SCIENCE","0090-8258","1095-6859","ONCOLOGY","SCIE","25,853","4.5","Q2","1.29","21.01"%,
"ANNALS OF THE NEW YORK ACADEMY OF SCIENCES","ANN NY ACAD SCI","WILEY","0077-8923","1749-6632","MULTIDISCIPLINARY SCIENCES","SCIE","45,077","4.5","Q1","1.04","54.47"%,
"Molecular Oncology","MOL ONCOL","WILEY","1574-7891","1878-0261","ONCOLOGY","SCIE","11,118","4.5","Q2","0.96","100"%,
"iScience","ISCIENCE","CELL PRESS","N/A","2589-0042","MULTIDISCIPLINARY SCIENCES","SCIE","57,379","4.5","Q1","0.92","99.9"%,
"ENDOCRINE-RELATED CANCER","ENDOCR-RELAT CANCER","BIOSCIENTIFICA LTD","1351-0088","1479-6821","ONCOLOGY","SCIE","6,905","4.4","Q2","0.87","23.78"%,
"SEMINARS IN RADIATION ONCOLOGY","SEMIN RADIAT ONCOL","W B SAUNDERS CO-ELSEVIER INC","1053-4296","1532-9461","ONCOLOGY","SCIE","2,861","4.3","Q2","0.99","21.13"%,
"Journal of Gynecologic Oncology","J GYNECOL ONCOL","KOREAN SOC GYNECOLOGY ONCOLOGY & COLPOSCOPY","2005-0380","2005-0399","ONCOLOGY","SCIE","3,047","4.2","Q2","1.28","100"%,
"Cancer Research and Treatment","CANCER RES TREAT","KOREAN CANCER ASSOCIATION","1598-2998","2005-9256","ONCOLOGY","SCIE","4,998","4.2","Q2","0.94","99.43"%,
"Advances in Cancer Biology-Metastasis","ADV CANCER BIOL-MET","ELSEVIER","N/A","2667-3940","ONCOLOGY","ESCI","436","4.2","Q2","0.79","100"%,
"Machine Learning-Science and Technology","MACH LEARN-SCI TECHN","IOP Publishing Ltd","N/A","2632-2153","MULTIDISCIPLINARY SCIENCES","SCIE","4,910","4.2","Q1","0.79","100"%,
"Forecasting","FORECASTING-BASEL","MDPI","N/A","2571-9394","MULTIDISCIPLINARY SCIENCES","ESCI","809","4.2","Q1","0.7","100"%,
"BMC CANCER","BMC CANCER","BMC","N/A","1471-2407","ONCOLOGY","SCIE","54,566","4.1","Q2","0.84","99.96"%,
"Therapeutic Advances in Medical Oncology","THER ADV MED ONCOL","SAGE PUBLICATIONS LTD","1758-8340","1758-8359","ONCOLOGY","SCIE","5,800","4.1","Q2","0.71","99.85"%,
"HEMATOLOGICAL ONCOLOGY","HEMATOL ONCOL","WILEY","0278-0232","1099-1069","ONCOLOGY","SCIE","2,674","4.1","Q2","0.57","49"%,
"Clinical Lymphoma Myeloma & Leukemia","CL LYMPH MYELOM LEUK","CIG MEDIA GROUP, LP","2152-2650","2152-2669","ONCOLOGY","SCIE","4,812","4.1","Q2","0.56","23.66"%,
"Cancer Innovation","CANCER INNOV","WILEY","2770-9191","2770-9183","ONCOLOGY","ESCI","526","4.1","Q2","0.53","100"%,
"Natural Sciences","NAT SCI-GER","WILEY-V C H VERLAG GMBH","2698-6248","2698-6248","MULTIDISCIPLINARY SCIENCES","ESCI","521","4.1","Q1","0.5","100"%,
"Sci","SCI-BASEL","MDPI","N/A","2413-4155","MULTIDISCIPLINARY SCIENCES","ESCI","957","4.1","Q1","0.5","100"%,
"ORAL ONCOLOGY","ORAL ONCOL","ELSEVIER","1368-8375","1879-0593","ONCOLOGY","SCIE","14,171","4","Q2","1.06","30.23"%,
"Cancer Research Communications","CANCER RES COMMUN","AMER ASSOC CANCER RESEARCH","N/A","2767-9764","ONCOLOGY","ESCI","2,676","4","Q2","0.84","100"%,
"Oncology Reviews","ONCOL REV","FRONTIERS MEDIA SA","1970-5565","1970-5557","ONCOLOGY","ESCI","887","4","Q2","0.54","100"%,
"Current Hematologic Malignancy Reports","CURR HEMATOL MALIG R","CURRENT MEDICINE GROUP","1558-8211","1558-822X","ONCOLOGY","SCIE","1,261","4","Q2","0.47","24.69"%,
"Practical Radiation Oncology","PRACT RADIAT ONCOL","ELSEVIER SCIENCE INC","1879-8500","1879-8500","ONCOLOGY","SCIE","3,748","3.9","Q2","1.04","7.65"%,
"PSYCHO-ONCOLOGY","PSYCHO-ONCOLOGY","WILEY","1057-9249","1099-1611","ONCOLOGY","SCIE","15,913","3.9","Q2","0.99","52.73"%,
"Clinical Lung Cancer","CLIN LUNG CANCER","CIG MEDIA GROUP, LP","1525-7304","1938-0690","ONCOLOGY","SCIE","5,151","3.9","Q2","0.76","12.17"%,
"Journal of Hepatocellular Carcinoma","J HEPATOCELL CARCINO","DOVE MEDICAL PRESS LTD","N/A","2253-5969","ONCOLOGY","SCIE","2,884","3.9","Q2","0.76","99.65"%,
"Translational Breast Cancer Research","TRANSL BREAST CANCER","AME PUBLISHING COMPANY","N/A","2218-6778","ONCOLOGY","ESCI","334","3.9","Q2","0.5","79.07"%,
"ANNALS OF SURGICAL ONCOLOGY","ANN SURG ONCOL","SPRINGER","1068-9265","1534-4681","ONCOLOGY","SCIE","36,204","3.8","Q2","1.23","25.86"%,
"CARCINOGENESIS","CARCINOGENESIS","OXFORD UNIV PRESS","0143-3334","1460-2180","ONCOLOGY","SCIE","13,877","3.8","Q2","0.75","18.11"%,
"BJC Reports","BJC REP","SPRINGERNATURE","N/A","2731-9377","ONCOLOGY","ESCI","444","3.8","Q2","0.65","100"%,
"JCO Global Oncology","JCO GLOB ONCOL","LIPPINCOTT WILLIAMS & WILKINS","N/A","2687-8941","ONCOLOGY","ESCI","3,344","3.8","Q2","0.64","99.82"%,
"Discover Applied Sciences","DISCOV APPL SCI","SPRINGER","N/A","3004-9261","MULTIDISCIPLINARY SCIENCES","ESCI","4,112","3.8","Q1","0.63","99.78"%,
"Frontiers in Big Data","FRONT BIG DATA","FRONTIERS MEDIA SA","N/A","2624-909X","MULTIDISCIPLINARY SCIENCES","ESCI","2,258","3.8","Q1","0.52","100"%,
"Breast Cancer","BREAST CANCER-TOKYO","SPRINGER JAPAN KK","1340-6868","1880-4233","ONCOLOGY","SCIE","3,784","3.7","Q2","0.96","41.55"%,
"PHILOSOPHICAL TRANSACTIONS OF THE ROYAL SOCIETY A-MATHEMATICAL PHYSICAL AND ENGINEERING SCIENCES","PHILOS T R SOC A","ROYAL SOC","1364-503X","1471-2962","MULTIDISCIPLINARY SCIENCES","SCIE","29,724","3.7","Q1","0.93","45.78"%,
"CANCER EPIDEMIOLOGY BIOMARKERS & PREVENTION","CANCER EPIDEM BIOMAR","AMER ASSOC CANCER RESEARCH","1055-9965","1538-7755","ONCOLOGY","SCIE","19,510","3.7","Q2","0.91","19.12"%,
"Scientific African","SCI AFR","ELSEVIER","2468-2276","2468-2276","MULTIDISCIPLINARY SCIENCES","ESCI","8,957","3.7","Q1","0.73","99.93"%,
"CLINICAL & EXPERIMENTAL METASTASIS","CLIN EXP METASTAS","SPRINGER","0262-0898","1573-7276","ONCOLOGY","SCIE","3,464","3.7","Q2","0.67","46.75"%,
"European Journal of Oncology Nursing","EUR J ONCOL NURS","ELSEVIER SCI LTD","1462-3889","1532-2122","ONCOLOGY","SCIE","5,835","3.6","Q2","1.11","24.62"%,
"Journal of Taibah University for Science","J TAIBAH UNIV SCI","TAYLOR & FRANCIS LTD","1658-3655","1658-3655","MULTIDISCIPLINARY SCIENCES","SCIE","3,678","3.6","Q1","0.95","100"%,
"JTO Clinical and Research Reports","JTO CLIN RES REP","ELSEVIER","N/A","2666-3643","ONCOLOGY","ESCI","2,083","3.6","Q2","0.91","100"%,
"Radiation Oncology","RADIAT ONCOL","BMC","N/A","1748-717X","ONCOLOGY","SCIE","9,665","3.6","Q2","0.85","100"%,
"Clinical and Translational Radiation Oncology","CLIN TRANSL RAD ONCO","ELSEVIER IRELAND LTD","N/A","2405-6308","ONCOLOGY","SCIE","3,055","3.6","Q2","0.83","99.79"%,
"Journal of Bone Oncology","J BONE ONCOL","ELSEVIER","N/A","2212-1374","ONCOLOGY","SCIE","1,769","3.6","Q2","0.73","100"%,
"JCO Clinical Cancer Informatics","JCO CLIN CANCER INFO","LIPPINCOTT WILLIAMS & WILKINS","2473-4276","2473-4276","ONCOLOGY","ESCI","3,105","3.6","Q2","0.69","38.01"%,
"Breast Cancer-Targets and Therapy","BREAST CANCER-TARGET","DOVE MEDICAL PRESS LTD","1179-1314","1179-1314","ONCOLOGY","SCIE","1,880","3.6","Q2","0.61","99.6"%,
"Current Oncology","CURR ONCOL","MDPI","1198-0052","1718-7729","ONCOLOGY","SCIE","12,046","3.6","Q2","0.61","99.9"%,
"Journal of Breast Cancer","J BREAST CANCER","KOREAN BREAST CANCER SOC","1738-6756","2092-9900","ONCOLOGY","SCIE","1,600","3.6","Q2","0.53","100"%,
"World Journal of Clinical Oncology","WORLD J CLIN ONCOL","BAISHIDENG PUBLISHING GROUP INC","2218-4333","2218-4333","ONCOLOGY","ESCI","2,706","3.6","Q2","0.49","100"%,
"EJSO","EJSO-EUR J SURG ONC","ELSEVIER SCI LTD","0748-7983","1532-2157","ONCOLOGY","SCIE","14,666","3.5","Q2","1.1","23.29"%,
"Journal of Radiation Research and Applied Sciences","J RADIAT RES APPL SC","ELSEVIER","1687-8507","1687-8507","MULTIDISCIPLINARY SCIENCES","SCIE","5,756","3.5","Q1","1.07","100"%,
"MOLECULAR CARCINOGENESIS","MOL CARCINOGEN","WILEY","0899-1987","1098-2744","ONCOLOGY","SCIE","6,265","3.5","Q2","0.72","24.19"%,
"Pigment Cell & Melanoma Research","PIGM CELL MELANOMA R","WILEY","1755-1471","1755-148X","ONCOLOGY","SCIE","5,072","3.5","Q2","0.7","41.07"%,
"Cancer Medicine","CANCER MED-US","WILEY","2045-7634","2045-7634","ONCOLOGY","SCIE","26,559","3.5","Q2","0.67","100"%,
"EXPERIMENTAL CELL RESEARCH","EXP CELL RES","ELSEVIER INC","0014-4827","1090-2422","ONCOLOGY","SCIE","20,636","3.5","Q2","0.64","23.55"%,
"Cancer Treatment and Research Communications","CANCER TREAT RES COM","ELSEVIER","2468-2942","2468-2942","ONCOLOGY","ESCI","2,311","3.5","Q2","0.62","100"%,
"SCIENCE AND ENGINEERING ETHICS","SCI ENG ETHICS","SPRINGER","1353-3452","1471-5546","MULTIDISCIPLINARY SCIENCES","SCIE","4,484","3.4","Q2","2.56","87.67"%,
"SUPPORTIVE CARE IN CANCER","SUPPORT CARE CANCER","SPRINGER","0941-4355","1433-7339","ONCOLOGY","SCIE","27,891","3.4","Q2","0.99","35.89"%,
"Journal of the Royal Society Interface","J R SOC INTERFACE","ROYAL SOC","1742-5689","1742-5662","MULTIDISCIPLINARY SCIENCES","SCIE","18,776","3.4","Q2","0.84","63.65"%,
"Journal of Cancer Survivorship","J CANCER SURVIV","SPRINGER","1932-2259","1932-2267","ONCOLOGY","SCIE","6,869","3.4","Q2","0.82","47.42"%,
"INVESTIGATIONAL NEW DRUGS","INVEST NEW DRUG","SPRINGER","0167-6997","1573-0646","ONCOLOGY","SCIE","5,761","3.4","Q2","0.79","33.73"%,
"JOURNAL OF NEURO-ONCOLOGY","J NEURO-ONCOL","SPRINGER","0167-594X","1573-7373","ONCOLOGY","SCIE","14,899","3.4","Q2","0.79","38.69"%,
"Translational Lung Cancer Research","TRANSL LUNG CANCER R","AME PUBLISHING COMPANY","2218-6751","2226-4477","ONCOLOGY","SCIE","7,606","3.4","Q2","0.76","100"%,
"Journal of Cancer","J CANCER","IVYSPRING INT PUBL","1837-9664","1837-9664","ONCOLOGY","SCIE","15,496","3.4","Q2","0.75","99.2"%,
"Cardio-Oncology","CARDIO-ONCOLOGY","BMC","N/A","2057-3804","ONCOLOGY","ESCI","995","3.4","Q2","0.72","100"%,
"Cancer Prevention Research","CANCER PREV RES","AMER ASSOC CANCER RESEARCH","1940-6207","1940-6215","ONCOLOGY","SCIE","4,888","3.4","Q2","0.62","24.43"%,
"Frontiers in Oncology","FRONT ONCOL","FRONTIERS MEDIA SA","2234-943X","2234-943X","ONCOLOGY","SCIE","111,544","3.4","Q2","0.62","99.96"%,
"Oncology and Therapy","ONCOL THER","SPRINGER","2366-1070","2366-1089","ONCOLOGY","ESCI","832","3.4","Q2","0.53","100"%,
"JOURNAL OF KING SAUD UNIVERSITY SCIENCE","J KING SAUD UNIV SCI","SCIENTIFIC SCHOLAR LLC","1018-3647","2213-686X","MULTIDISCIPLINARY SCIENCES","SCIE","11,046","3.3","Q2","0.81","98.4"%,
"BREAST CANCER RESEARCH AND TREATMENT","BREAST CANCER RES TR","SPRINGER","0167-6806","1573-7217","ONCOLOGY","SCIE","22,454","3.3","Q2","0.67","43.85"%,
"JOURNAL OF CANCER RESEARCH AND CLINICAL ONCOLOGY","J CANCER RES CLIN","SPRINGER","0171-5216","1432-1335","ONCOLOGY","SCIE","15,251","3.3","Q2","0.63","63.18"%,
"Lung Cancer-Targets and Therapy","LUNG CANCER-TARGETS","DOVE MEDICAL PRESS LTD","N/A","1179-2728","ONCOLOGY","ESCI","522","3.3","Q2","0.58","97.67"%,
"Seminars in Oncology Nursing","SEMIN ONCOL NURS","ELSEVIER SCIENCE INC","0749-2081","1878-3449","ONCOLOGY","SCIE","3,012","3.2","Q2","0.9","40.28"%,
"Physics & Imaging in Radiation Oncology","PHYS IMAG RADIAT ONC","ELSEVIER","N/A","2405-6316","ONCOLOGY","ESCI","2,153","3.2","Q2","0.84","100"%,
"Advanced Theory and Simulations","ADV THEOR SIMUL","WILEY-V C H VERLAG GMBH","N/A","2513-0390","MULTIDISCIPLINARY SCIENCES","SCIE","4,693","3.2","Q2","0.59","19.4"%,
"Blood and Lymphatic Cancer-Targets and Therapy","BLOOD LYMPHAT CANCER","DOVE MEDICAL PRESS LTD","1179-9889","1179-9889","ONCOLOGY","ESCI","193","3.2","Q2","0.59","96.67"%,
"Infectious Agents and Cancer","INFECT AGENTS CANCER","BMC","1750-9378","1750-9378","ONCOLOGY","SCIE","2,166","3.2","Q2","0.58","100"%,
"SN Applied Sciences","SN APPL SCI","SPRINGER INT PUBL AG","2523-3963","2523-3971","MULTIDISCIPLINARY SCIENCES","ESCI","17,588","3.2","Q2","0.5","100"%,
"JOURNAL OF MAMMARY GLAND BIOLOGY AND NEOPLASIA","J MAMMARY GLAND BIOL","SPRINGER/PLENUM PUBLISHERS","1083-3021","1573-7039","ONCOLOGY","SCIE","1,801","3.1","Q2","0.79","98.33"%,
"HEMATOLOGY-ONCOLOGY CLINICS OF NORTH AMERICA","HEMATOL ONCOL CLIN N","W B SAUNDERS CO-ELSEVIER INC","0889-8588","1558-1977","ONCOLOGY","SCIE","3,562","3.1","Q2","0.72","2.65"%,
"American Journal of Cancer Research","AM J CANCER RES","E-CENTURY PUBLISHING CORP","2156-6976","2156-6976","ONCOLOGY","SCIE","11,933","3.1","Q2","0.6","1.75"%,
"INTEGRATIVE CANCER THERAPIES","INTEGR CANCER THER","SAGE PUBLICATIONS INC","1534-7354","1552-695X","ONCOLOGY","SCIE","3,794","3.1","Q2","0.6","100"%,
"Beni-Suef University Journal of Basic and Applied Sciences","BENI-SUEF U J BASIC","SPRINGERNATURE","N/A","2314-8543","MULTIDISCIPLINARY SCIENCES","ESCI","2,560","3.1","Q2","0.58","100"%,
"Future Oncology","FUTURE ONCOL","TAYLOR & FRANCIS LTD","1479-6694","1744-8301","ONCOLOGY","SCIE","8,527","3.1","Q2","0.58","23.77"%,
"Cancer Control","CANCER CONTROL","SAGE PUBLICATIONS INC","1073-2748","1526-2359","ONCOLOGY","SCIE","3,864","3.1","Q2","0.56","100"%,
"ARABIAN JOURNAL FOR SCIENCE AND ENGINEERING","ARAB J SCI ENG","SPRINGER HEIDELBERG","2193-567X","2191-4281","MULTIDISCIPLINARY SCIENCES","SCIE","22,382","3.1","Q2","0.55","10.88"%,
"Journal of Immunotherapy and Precision Oncology","J IMMUNOTHER PRECIS","Innovative Healthcare Institute","2666-2345","2590-017X","ONCOLOGY","ESCI","388","3.1","Q2","0.54","96.39"%,
"Royal Society Open Science","ROY SOC OPEN SCI","ROYAL SOC","2054-5703","2054-5703","MULTIDISCIPLINARY SCIENCES","SCIE","20,601","3","Q2","0.9","99.95"%,
"Cancer Epidemiology","CANCER EPIDEMIOL","ELSEVIER SCI LTD","1877-7821","1877-783X","ONCOLOGY","SCIE","5,498","3","Q3","0.7","39.21"%,
"International Journal of Clinical Oncology","INT J CLIN ONCOL","SPRINGER JAPAN KK","1341-9625","1437-7772","ONCOLOGY","SCIE","5,800","3","Q3","0.6","29.22"%,
"Expert Review of Anticancer Therapy","EXPERT REV ANTICANC","TAYLOR & FRANCIS LTD","1473-7140","1744-8328","ONCOLOGY","SCIE","4,327","3","Q3","0.43","2.11"%,
"FRACTALS-COMPLEX GEOMETRY PATTERNS AND SCALING IN NATURE AND SOCIETY","FRACTALS","WORLD SCIENTIFIC PUBL CO PTE LTD","0218-348X","1793-6543","MULTIDISCIPLINARY SCIENCES","SCIE","5,968","2.9","Q2","1.07","56.3"%,
"CANCER CYTOPATHOLOGY","CANCER CYTOPATHOL","WILEY","1934-662X","1934-6638","ONCOLOGY","SCIE","3,016","2.9","Q3","0.86","40.56"%,
"PeerJ","PEERJ","PEERJ INC","2167-8359","2167-8359","MULTIDISCIPLINARY SCIENCES","SCIE","58,761","2.9","Q2","0.73","99.51"%,
"Advances in Radiation Oncology","ADV RADIAT ONCOL","ELSEVIER INC","N/A","2452-1094","ONCOLOGY","ESCI","3,336","2.9","Q3","0.71","100"%,
"JOURNAL OF IMMUNOTHERAPY","J IMMUNOTHER","LIPPINCOTT WILLIAMS & WILKINS","1524-9557","1537-4513","ONCOLOGY","SCIE","3,016","2.9","Q3","0.67","25.38"%,
"Journal of Geriatric Oncology","J GERIATR ONCOL","ELSEVIER","1879-4068","1879-4076","ONCOLOGY","SCIE","3,784","2.9","Q3","0.62","24.14"%,
"MethodsX","METHODSX","ELSEVIER","N/A","2215-0161","MULTIDISCIPLINARY SCIENCES","ESCI","8,321","2.9","Q2","0.56","100"%,
"PROCEEDINGS OF THE JAPAN ACADEMY SERIES B-PHYSICAL AND BIOLOGICAL SCIENCES","P JPN ACAD B-PHYS","JAPAN ACAD","0386-2208","1349-2896","MULTIDISCIPLINARY SCIENCES","SCIE","2,575","2.9","Q2","0.53","94.74"%,
"World Journal of Surgical Oncology","WORLD J SURG ONCOL","BMC","N/A","1477-7819","ONCOLOGY","SCIE","9,974","2.8","Q3","0.89","100"%,
"PLoS One","PLOS ONE","PUBLIC LIBRARY SCIENCE","N/A","1932-6203","MULTIDISCIPLINARY SCIENCES","SCIE","876,526","2.8","Q2","0.8","99.93"%,
"INTERNATIONAL JOURNAL OF HYPERTHERMIA","INT J HYPERTHER","TAYLOR & FRANCIS LTD","0265-6736","1464-5157","ONCOLOGY","SCIE","6,822","2.8","Q3","0.75","100"%,
"UROLOGIC ONCOLOGY-SEMINARS AND ORIGINAL INVESTIGATIONS","UROL ONCOL-SEMIN ORI","ELSEVIER SCIENCE INC","1078-1439","1873-2496","ONCOLOGY","SCIE","7,423","2.8","Q3","0.69","20.05"%,
"STRAHLENTHERAPIE UND ONKOLOGIE","STRAHLENTHER ONKOL","SPRINGER HEIDELBERG","0179-7158","1439-099X","ONCOLOGY","SCIE","3,656","2.8","Q3","0.65","65.03"%,
"Discover Oncology","DISCOV ONCOL","SPRINGER","N/A","2730-6011","ONCOLOGY","SCIE","5,580","2.8","Q3","0.54","100"%,
"Hereditary Cancer in Clinical Practice","HERED CANCER CLIN PR","BMC","1731-2302","1897-4287","ONCOLOGY","SCIE","666","2.8","Q3","0.46","100"%,
"Journal of the American Society of Cytopathology","J AM SOC CYTOPATHOL","ELSEVIER","2213-2945","2213-2953","ONCOLOGY","ESCI","844","2.7","Q3","1.53","12.5"%,
"PROCEEDINGS OF THE ROYAL SOCIETY A-MATHEMATICAL PHYSICAL AND ENGINEERING SCIENCES","P ROY SOC A-MATH PHY","ROYAL SOC","1364-5021","1471-2946","MULTIDISCIPLINARY SCIENCES","SCIE","26,372","2.7","Q2","0.79","45.5"%,
"PATHOLOGY & ONCOLOGY RESEARCH","PATHOL ONCOL RES","FRONTIERS MEDIA SA","1219-4956","1532-2807","ONCOLOGY","SCIE","3,514","2.7","Q3","0.69","100"%,
"Facets","FACETS","CANADIAN SCIENCE PUBLISHING","2371-1671","2371-1671","MULTIDISCIPLINARY SCIENCES","SCIE","1,634","2.7","Q2","0.65","97.61"%,
"Photodiagnosis and Photodynamic Therapy","PHOTODIAGN PHOTODYN","ELSEVIER","1572-1000","1873-1597","ONCOLOGY","SCIE","10,052","2.7","Q3","0.6","62.85"%,
"Clinical Colorectal Cancer","CLIN COLORECTAL CANC","CIG MEDIA GROUP, LP","1533-0028","1938-0674","ONCOLOGY","SCIE","2,344","2.7","Q3","0.57","20.67"%,
"Clinical Breast Cancer","CLIN BREAST CANCER","CIG MEDIA GROUP, LP","1526-8209","1938-0666","ONCOLOGY","SCIE","4,956","2.7","Q3","0.55","14.34"%,
"RENDICONTI LINCEI-SCIENZE FISICHE E NATURALI","REND LINCEI-SCI FIS","SPRINGER-VERLAG ITALIA SRL","2037-4631","1720-0776","MULTIDISCIPLINARY SCIENCES","SCIE","1,932","2.7","Q2","0.53","33.06"%,
"TECHNOLOGY IN CANCER RESEARCH & TREATMENT","TECHNOL CANCER RES T","SAGE PUBLICATIONS INC","1533-0346","1533-0338","ONCOLOGY","SCIE","5,348","2.7","Q3","0.53","99.82"%,
"World Journal of Gastrointestinal Oncology","WORLD J GASTRO ONCOL","BAISHIDENG PUBLISHING GROUP INC","1948-5204","1948-5204","ONCOLOGY","SCIE","4,137","2.7","Q3","0.51","100"%,
"ACTA ONCOLOGICA","ACTA ONCOL","Medical Journal Sweden AB","0284-186X","1651-226X","ONCOLOGY","SCIE","8,443","2.7","Q3","0.5","99.62"%,
"Clinical & Translational Oncology","CLIN TRANSL ONCOL","SPRINGER INT PUBL AG","1699-048X","1699-3055","ONCOLOGY","SCIE","6,747","2.7","Q3","0.49","24.78"%,
"NUTRITION AND CANCER-AN INTERNATIONAL JOURNAL","NUTR CANCER","ROUTLEDGE JOURNALS, TAYLOR & FRANCIS LTD","0163-5581","1532-7914","ONCOLOGY","SCIE","7,362","2.7","Q3","0.49","5.79"%,
"Chinese Clinical Oncology","CHIN CLIN ONCOL","AME PUBLISHING COMPANY","2304-3865","2304-3873","ONCOLOGY","ESCI","1,596","2.7","Q3","0.33","100"%,
"Heritage","HERITAGE-BASEL","MDPI","2571-9408","2571-9408","MULTIDISCIPLINARY SCIENCES","ESCI","3,820","2.6","Q2","3.01","99.77"%,
"SCIENCE PROGRESS","SCI PROGRESS-UK","SAGE PUBLICATIONS LTD","0036-8504","2047-7163","MULTIDISCIPLINARY SCIENCES","SCIE","3,987","2.6","Q2","0.98","100"%,
"CANCER NURSING","CANCER NURS","LIPPINCOTT WILLIAMS & WILKINS","0162-220X","1538-9804","ONCOLOGY","SCIE","5,273","2.6","Q3","0.88","6.99"%,
"Cancer Genomics & Proteomics","CANCER GENOM PROTEOM","INT INST ANTICANCER RESEARCH","1109-6535","1790-6245","ONCOLOGY","SCIE","1,764","2.6","Q3","0.67","99.5"%,
"Thoracic Cancer","THORAC CANCER","WILEY","1759-7706","1759-7714","ONCOLOGY","SCIE","7,337","2.6","Q3","0.59","100"%,
"Kuwait Journal of Science","KUWAIT J SCI","ELSEVIER","2307-4108","2307-4116","MULTIDISCIPLINARY SCIENCES","SCIE","1,580","2.6","Q2","0.57","99.82"%,
"Anti-Cancer Agents in Medicinal Chemistry","ANTI-CANCER AGENT ME","BENTHAM SCIENCE PUBL LTD","1871-5206","1875-5992","ONCOLOGY","SCIE","6,101","2.6","Q3","0.56","3.83"%,
"JMIR Cancer","JMIR CANCER","JMIR PUBLICATIONS, INC","2369-1999","2369-1999","ONCOLOGY","ESCI","1,369","2.6","Q3","0.56","98.86"%,
"Cancer Management and Research","CANCER MANAG RES","DOVE MEDICAL PRESS LTD","1179-1322","1179-1322","ONCOLOGY","SCIE","11,274","2.6","Q3","0.48","99.43"%,
"Clinical Medicine Insights-Oncology","CLIN MED INSIGHTS-ON","SAGE PUBLICATIONS LTD","N/A","1179-5549","ONCOLOGY","SCIE","1,015","2.6","Q3","0.4","100"%,
"ESMO Real World Data and Digital Oncology","ESMO REAL WORLD DATA","ELSEVIER","N/A","2949-8201","ONCOLOGY","ESCI","164","2.6","Q3","0.38","99.23"%,
"Analytical Cellular Pathology","ANAL CELL PATHOL","WILEY","2210-7177","2210-7185","ONCOLOGY","SCIE","1,282","2.5","Q3","0.67","100"%,
"Neuro-Oncology Practice","NEURO-ONCOL PRACT","OXFORD UNIV PRESS","2054-2577","2054-2585","ONCOLOGY","ESCI","1,670","2.5","Q3","0.64","42.91"%,
"CANCER CHEMOTHERAPY AND PHARMACOLOGY","CANCER CHEMOTH PHARM","SPRINGER","0344-5704","1432-0843","ONCOLOGY","SCIE","8,961","2.5","Q3","0.58","34.66"%,
"CLINICAL ONCOLOGY","CLIN ONCOL-UK","ELSEVIER SCIENCE LONDON","0936-6555","1433-2981","ONCOLOGY","SCIE","4,695","2.5","Q3","0.58","23.53"%,
"EUROPEAN JOURNAL OF CANCER PREVENTION","EUR J CANCER PREV","LIPPINCOTT WILLIAMS & WILKINS","0959-8278","1473-5709","ONCOLOGY","SCIE","2,804","2.5","Q3","0.54","20.41"%,
"CURRENT CANCER DRUG TARGETS","CURR CANCER DRUG TAR","BENTHAM SCIENCE PUBL LTD","1568-0096","1873-5576","ONCOLOGY","SCIE","3,375","2.5","Q3","0.49","8.03"%,
"NEOPLASMA","NEOPLASMA","AEPRESS SRO","0028-2685","1338-4317","ONCOLOGY","SCIE","2,523","2.5","Q3","0.47","4.14"%,
"JAPANESE JOURNAL OF CLINICAL ONCOLOGY","JPN J CLIN ONCOL","OXFORD UNIV PRESS","0368-2811","1465-3621","ONCOLOGY","SCIE","5,584","2.5","Q3","0.43","24.95"%,
"Journal of Cancer Prevention","J CANCER PREV","KOREAN SOC CANCER PREVENTION","2288-3649","2288-3657","ONCOLOGY","ESCI","1,056","2.5","Q3","0.4","100"%,
"Cancer Reports","CANCER REP-US","WILEY","N/A","2573-8348","ONCOLOGY","ESCI","2,474","2.5","Q3","0.39","100"%,
"Clinical Genitourinary Cancer","CLIN GENITOURIN CANC","CIG MEDIA GROUP, LP","1558-7673","1938-0682","ONCOLOGY","SCIE","4,012","2.4","Q3","0.75","19.53"%,
"INTERNATIONAL JOURNAL OF BIFURCATION AND CHAOS","INT J BIFURCAT CHAOS","WORLD SCIENTIFIC PUBL CO PTE LTD","0218-1274","1793-6551","MULTIDISCIPLINARY SCIENCES","SCIE","8,267","2.4","Q2","0.74","1.55"%,
"PEDIATRIC BLOOD & CANCER","PEDIATR BLOOD CANCER","WILEY","1545-5009","1545-5017","ONCOLOGY","SCIE","16,888","2.4","Q3","0.66","36.12"%,
"Recent Patents on Anti-Cancer Drug Discovery","RECENT PAT ANTI-CANC","BENTHAM SCIENCE PUBL LTD","1574-8928","2212-3970","ONCOLOGY","SCIE","1,217","2.4","Q3","0.59","7.02"%,
"Breast Journal","BREAST J","WILEY","1075-122X","1524-4741","ONCOLOGY","SCIE","2,990","2.4","Q3","0.55","100"%,
"CURRENT PROBLEMS IN CANCER","CURR PROB CANCER","MOSBY-ELSEVIER","0147-0272","1535-6345","ONCOLOGY","SCIE","1,472","2.4","Q3","0.55","21.48"%,
"Data","DATA-BASEL","MDPI","N/A","2306-5729","MULTIDISCIPLINARY SCIENCES","ESCI","2,752","2.4","Q2","0.53","100"%,
"LEUKEMIA RESEARCH","LEUKEMIA RES","PERGAMON-ELSEVIER SCIENCE LTD","0145-2126","1873-5835","ONCOLOGY","SCIE","4,850","2.4","Q3","0.52","21.91"%,
"OncoTargets and Therapy","ONCOTARGETS THER","DOVE MEDICAL PRESS LTD","1178-6930","1178-6930","ONCOLOGY","SCIE","13,101","2.4","Q3","0.44","98.47"%,
"Radiation Oncology Journal","RADIAT ONCOL J","KOREAN SOC THERAPEUTIC RADIOLOGY & ONCOLOGY","2234-1900","2234-3156","ONCOLOGY","ESCI","945","2.4","Q3","0.42","96.77"%,
"CURRENT OPINION IN ONCOLOGY","CURR OPIN ONCOL","LIPPINCOTT WILLIAMS & WILKINS","1040-8746","1531-703X","ONCOLOGY","SCIE","2,892","2.4","Q3","0.34","12.6"%,
"Journal of Physics-Complexity","J PHYS-COMPLEXITY","IOP Publishing Ltd","N/A","2632-072X","MULTIDISCIPLINARY SCIENCES","ESCI","800","2.3","Q2","0.68","100"%,
"GENES CHROMOSOMES & CANCER","GENE CHROMOSOME CANC","WILEY","1045-2257","1098-2264","ONCOLOGY","SCIE","4,537","2.3","Q3","0.62","50.7"%,
"JOURNAL OF THE ROYAL SOCIETY OF NEW ZEALAND","J ROY SOC NEW ZEAL","WILEY","0303-6758","1175-8899","MULTIDISCIPLINARY SCIENCES","SCIE","1,453","2.3","Q2","0.56","33.72"%,
"Breast Care","BREAST CARE","KARGER","1661-3791","1661-3805","ONCOLOGY","SCIE","1,634","2.3","Q3","0.55","21.17"%,
"Radiology and Oncology","RADIOL ONCOL","Paradigm Publishing Services-De Gruyter Brill Sp Zoo","1318-2099","1581-3207","ONCOLOGY","SCIE","1,612","2.3","Q3","0.52","100"%,
"INTERNATIONAL JOURNAL OF BIOLOGICAL MARKERS","INT J BIOL MARKER","SAGE PUBLICATIONS LTD","0393-6155","1724-6008","ONCOLOGY","SCIE","1,182","2.3","Q3","0.46","98.82"%,
"World Journal of Oncology","WORLD J ONCOL","ELMER PRESS INC","1920-4531","1920-454X","ONCOLOGY","ESCI","1,751","2.3","Q3","0.43","100"%,
"JOURNAL OF THE INDIAN INSTITUTE OF SCIENCE","J INDIAN I SCI","SPRINGER","0970-4140","0019-4964","MULTIDISCIPLINARY SCIENCES","SCIE","1,232","2.3","Q2","0.27","10.08"%,
"Symmetry-Basel","SYMMETRY-BASEL","MDPI","N/A","2073-8994","MULTIDISCIPLINARY SCIENCES","SCIE","28,764","2.2","Q2","0.76","99.93"%,
"Journal of Cancer Policy","J CANCER POLICY","ELSEVIER SCI LTD","N/A","2213-5383","ONCOLOGY","ESCI","837","2.2","Q3","0.61","37.67"%,
"CANCER CAUSES & CONTROL","CANCER CAUSE CONTROL","SPRINGER","0957-5243","1573-7225","ONCOLOGY","SCIE","7,445","2.2","Q3","0.57","36.73"%,
"Brain Tumor Pathology","BRAIN TUMOR PATHOL","SPRINGER JAPAN KK","1433-7398","1861-387X","ONCOLOGY","SCIE","725","2.2","Q3","0.56","32.26"%,
"Peer Community Journal","PEER COMMUNITY J","Peer Community In - PCI","N/A","2804-3871","MULTIDISCIPLINARY SCIENCES","ESCI","941","2.2","Q2","0.55","100"%,
"Breast Cancer-Basic and Clinical Research","BREAST CANCER-BASIC","SAGE PUBLICATIONS LTD","1178-2234","1178-2234","ONCOLOGY","ESCI","753","2.2","Q3","0.42","100"%,
"CANCER INVESTIGATION","CANCER INVEST","TAYLOR & FRANCIS INC","0735-7907","1532-4192","ONCOLOGY","SCIE","2,393","2.2","Q3","0.41","6.7"%,
"Journal of the Egyptian National Cancer Institute","J EGYPT NATL CANCER","SPRINGER","1110-0362","2589-0409","ONCOLOGY","ESCI","899","2.2","Q3","0.4","100"%,
"Journal of Gastrointestinal Cancer","J GASTROINTEST CANC","SPRINGER","1941-6628","1941-6636","ONCOLOGY","ESCI","2,348","2.2","Q3","0.38","20.69"%,
"Bladder Cancer","BLADDER CANCER","SAGE PUBLICATIONS INC","2352-3727","2352-3735","ONCOLOGY","SCIE","608","2.2","Q3","0.33","88.46"%,
"SCIENTIFIC AMERICAN","SCI AM","SPRINGER","0036-8733","1946-7087","MULTIDISCIPLINARY SCIENCES","SCIE","8,124","2.2","Q2","0.04","0"%,
"SURGICAL ONCOLOGY-OXFORD","SURG ONCOL","ELSEVIER SCI LTD","0960-7404","1879-3320","ONCOLOGY","SCIE","3,538","2.1","Q3","0.74","24.03"%,
"JOURNAL OF CHEMOTHERAPY","J CHEMOTHERAPY","TAYLOR & FRANCIS LTD","1120-009X","1973-9478","ONCOLOGY","SCIE","1,871","2.1","Q3","0.53","4.68"%,
"JOURNAL OF RADIATION RESEARCH","J RADIAT RES","OXFORD UNIV PRESS","0449-3060","1349-9157","ONCOLOGY","SCIE","3,539","2.1","Q3","0.53","100"%,
"Cancer Informatics","CANCER INFORM","SAGE PUBLICATIONS LTD","N/A","1176-9351","ONCOLOGY","ESCI","812","2.1","Q3","0.49","98.77"%,
"Journal of Gastrointestinal Oncology","J GASTROINTEST ONCOL","AME PUBLISHING COMPANY","2078-6891","2219-679X","ONCOLOGY","SCIE","4,621","2.1","Q3","0.46","99.22"%,
"Oncology Letters","ONCOL LETT","SPANDIDOS PUBL LTD","1792-1074","1792-1082","ONCOLOGY","SCIE","23,961","2.1","Q3","0.45","99.32"%,
"Familial Cancer","FAM CANCER","SPRINGER","1389-9600","1573-7292","ONCOLOGY","SCIE","1,780","2.1","Q3","0.43","47.65"%,
"LEUKEMIA & LYMPHOMA","LEUKEMIA LYMPHOMA","TAYLOR & FRANCIS LTD","1042-8194","1029-2403","ONCOLOGY","SCIE","9,091","2.1","Q3","0.41","12.17"%,
"Oncologie","ONCOLOGIE","WALTER DE GRUYTER GMBH","1292-3818","1765-2839","ONCOLOGY","SCIE","541","2.1","Q3","0.4","99.59"%,
"Translational Cancer Research","TRANSL CANCER RES","AME PUBLISHING COMPANY","2218-676X","2219-6803","ONCOLOGY","SCIE","6,180","2.1","Q3","0.4","99.93"%,
"European Journal of Breast Health","EUR J BREAST HEALTH","GALENOS PUBL HOUSE","N/A","2587-0831","ONCOLOGY","ESCI","743","2.1","Q3","0.39","99.28"%,
"Molecular & Cellular Oncology","MOL CELL ONCOL","TAYLOR & FRANCIS INC","N/A","2372-3556","ONCOLOGY","ESCI","1,092","2.1","Q3","0.39","100"%,
"CANCER JOURNAL","CANCER J","LIPPINCOTT WILLIAMS & WILKINS","1528-9117","1540-336X","ONCOLOGY","SCIE","2,925","2.1","Q3","0.34","4.11"%,
"Asia-Pacific Journal of Clinical Oncology","ASIA-PAC J CLIN ONCO","WILEY","1743-7555","1743-7563","ONCOLOGY","SCIE","2,111","2.1","Q3","0.33","36.4"%,
"Pleura and Peritoneum","PLEURA PERITONEUM","WALTER DE GRUYTER GMBH","2364-7671","2364-768X","ONCOLOGY","ESCI","439","2","Q4","0.65","100"%,
"Technical Innovations & Patient Support in Radiation Oncology","TECH INNOV PATIENT S","ELSEVIER","N/A","2405-6324","ONCOLOGY","ESCI","676","2","Q4","0.59","100"%,
"EJC Paediatric Oncology","EJC PAEDIATR ONCOL","ELSEVIER","N/A","2772-610X","ONCOLOGY","ESCI","267","2","Q4","0.57","99.42"%,
"International Journal of Particle Therapy","INT J PART THER","ELSEVIER","N/A","2331-5180","ONCOLOGY","ESCI","676","2","Q4","0.57","100"%,
"ANTI-CANCER DRUGS","ANTI-CANCER DRUG","LIPPINCOTT WILLIAMS & WILKINS","0959-4973","1473-5741","ONCOLOGY","SCIE","4,071","2","Q4","0.56","27.32"%,
"Tumori Journal","TUMORI J","SAGE PUBLICATIONS LTD","0300-8916","2038-2529","ONCOLOGY","SCIE","1,986","2","Q4","0.36","24.79"%,
"ONCOLOGY-NEW YORK","ONCOLOGY-NY","UBM MEDICA","0890-9091","2767-7389","ONCOLOGY","SCIE","1,430","2","Q4","0.35","0"%,
"Hepatic Oncology","HEPAT ONCOL","TAYLOR & FRANCIS LTD","2045-0923","2045-0931","ONCOLOGY","ESCI","225","2","Q4","0.3","100"%,
"Applied Research","APPL RES-GER","WILEY-V C H VERLAG GMBH","2702-4288","2702-4288","MULTIDISCIPLINARY SCIENCES","ESCI","424","2","Q2","0.29","32.35"%,
"Clinical Advances in Hematology & Oncology","CLIN ADV HEMATOL ONC","MILLENNIUM MEDICAL PUBLISHING, INC","1543-0790","1543-0790","ONCOLOGY","ESCI","694","2","Q4","0.28","0"%,
"Surgical Oncology Clinics of North America","SURG ONCOL CLIN N AM","W B SAUNDERS CO-ELSEVIER INC","1055-3207","1558-5042","ONCOLOGY","SCIE","1,771","1.9","Q4","0.81","0"%,
"JOURNAL OF SURGICAL ONCOLOGY","J SURG ONCOL","WILEY","0022-4790","1096-9098","ONCOLOGY","SCIE","11,539","1.9","Q4","0.62","31.57"%,
"International Journal of Breast Cancer","INT J BREAST CANCER","WILEY","2090-3170","2090-3189","ONCOLOGY","ESCI","558","1.9","Q4","0.48","100"%,
"SOUTH AFRICAN JOURNAL OF SCIENCE","S AFR J SCI","ACAD SCIENCE SOUTH AFRICA - ASSAf","0038-2353","1996-7489","MULTIDISCIPLINARY SCIENCES","SCIE","3,756","1.9","Q2","0.44","99.17"%,
"Applied Network Science","APPL NETW SCI","SPRINGERNATURE","N/A","2364-8228","MULTIDISCIPLINARY SCIENCES","ESCI","1,583","1.9","Q2","0.38","100"%,
"Data in Brief","DATA BRIEF","ELSEVIER","2352-3409","2352-3409","MULTIDISCIPLINARY SCIENCES","ESCI","13,493","1.9","Q2","0.38","100"%,
"ONCOLOGY","ONCOLOGY-BASEL","KARGER","0030-2414","1423-0232","ONCOLOGY","SCIE","3,907","1.9","Q4","0.36","13.37"%,
"Molecular and Clinical Oncology","MOL CLIN ONCOL","SPANDIDOS PUBL LTD","2049-9450","2049-9469","ONCOLOGY","ESCI","3,288","1.9","Q4","0.33","99.68"%,
"MELANOMA RESEARCH","MELANOMA RES","LIPPINCOTT WILLIAMS & WILKINS","0960-8931","1473-5636","ONCOLOGY","SCIE","2,188","1.8","Q4","0.52","22.34"%,
"Cancer Biomarkers","CANCER BIOMARK","SAGE PUBLICATIONS INC","1574-0153","1875-8592","ONCOLOGY","SCIE","2,887","1.8","Q4","0.49","42.32"%,
"ANTICANCER RESEARCH","ANTICANCER RES","INT INST ANTICANCER RESEARCH","0250-7005","1791-7530","ONCOLOGY","SCIE","19,645","1.8","Q4","0.41","31.9"%,
"AMERICAN JOURNAL OF CLINICAL ONCOLOGY-CANCER CLINICAL TRIALS","AM J CLIN ONCOL-CANC","LIPPINCOTT WILLIAMS & WILKINS","0277-3732","1537-453X","ONCOLOGY","SCIE","4,300","1.8","Q4","0.36","10.93"%,
"American Journal of Translational Research","AM J TRANSL RES","E-CENTURY PUBLISHING CORP","1943-8141","1943-8141","ONCOLOGY","SCIE","14,245","1.8","Q4","0.36","1.4"%,
"Annals of Breast Surgery","ANN BREAST SURG","AME PUBLISHING COMPANY","N/A","2616-2776","ONCOLOGY","ESCI","216","1.8","Q4","0.32","86.32"%,
"FOLIA BIOLOGICA","FOLIA BIOL-PRAGUE","CHARLES UNIV PRAGUE, FIRST FACULTY MEDICINE","0015-5500","0015-5500","ONCOLOGY","SCIE","494","1.8","Q4","0.26","100"%,
"Hepatoma Research","HEPATOMA RES","OAE PUBLISHING INC","2394-5079","2454-2520","ONCOLOGY","ESCI","572","1.8","Q4","0.25","100"%,
"Prostate Cancer","PROSTATE CANCER-US","WILEY","2090-3111","2090-312X","ONCOLOGY","ESCI","235","1.8","Q4","0.24","100"%,
"Science of Nature","SCI NAT-HEIDELBERG","SPRINGER HEIDELBERG","0028-1042","1432-1904","MULTIDISCIPLINARY SCIENCES","SCIE","1,447","1.7","Q2","0.65","31.13"%,
"ONCOLOGY NURSING FORUM","ONCOL NURS FORUM","ONCOLOGY NURSING SOC","0190-535X","1538-0688","ONCOLOGY","SCIE","3,703","1.7","Q4","0.48","0.74"%,
"CANCER BIOTHERAPY AND RADIOPHARMACEUTICALS","CANCER BIOTHER RADIO","SAGE PUBLICATIONS INC","1084-9785","1557-8852","ONCOLOGY","SCIE","2,507","1.7","Q4","0.46","7.65"%,
"BMC Research Notes","BMC RES NOTES","SPRINGERNATURE","N/A","1756-0500","MULTIDISCIPLINARY SCIENCES","ESCI","16,348","1.7","Q2","0.44","99.69"%,
"Brachytherapy","BRACHYTHERAPY","ELSEVIER SCIENCE INC","1538-4721","1873-1449","ONCOLOGY","SCIE","2,293","1.7","Q4","0.42","10.49"%,
"Journal of Breast Imaging","J BREAST IMAGING","OXFORD UNIV PRESS","2631-6110","2631-6129","ONCOLOGY","ESCI","779","1.7","Q4","0.41","8.82"%,
"Medical Dosimetry","MED DOSIM","ELSEVIER SCIENCE INC","0958-3947","1873-4022","ONCOLOGY","SCIE","1,182","1.7","Q4","0.4","14.81"%,
"Reports of Practical Oncology and Radiotherapy","REP PRACT ONCOL RADI","VIA MEDICA","1507-1367","2083-4640","ONCOLOGY","ESCI","1,736","1.7","Q4","0.4","99.61"%,
"ESMO Gastrointestinal Oncology","ESMO GASTROINTEST ON","ELSEVIER","N/A","2949-8198","ONCOLOGY","ESCI","162","1.7","Q4","0.21","98.84"%,
"COMPLEXITY","COMPLEXITY","WILEY","1076-2787","1099-0526","MULTIDISCIPLINARY SCIENCES","SCIE","9,543","1.6","Q2","0.56","100"%,
"Journal of Pediatric Hematology-Oncology Nursing","J PEDIAT HEMAT ONC N","SAGE PUBLICATIONS INC","2752-7530","2752-7549","ONCOLOGY","SCIE","233","1.6","Q4","0.51","9.62"%,
"JOURNAL OF CANCER EDUCATION","J CANCER EDUC","SPRINGER","0885-8195","1543-0154","ONCOLOGY","SCIE","4,247","1.6","Q4","0.45","31.22"%,
"GigaByte","GIGABYTE-PRC","GigaScience Press","N/A","2709-4715","MULTIDISCIPLINARY SCIENCES","ESCI","311","1.6","Q2","0.39","78.57"%,
"African Journal of Science Technology Innovation & Development","AFR J SCI TECHNOL IN","ROUTLEDGE JOURNALS, TAYLOR & FRANCIS LTD","2042-1338","2042-1346","MULTIDISCIPLINARY SCIENCES","ESCI","1,193","1.6","Q2","0.36","14.21"%,
"Journal of Adolescent and Young Adult Oncology","J ADOLESC YOUNG ADUL","SAGE PUBLICATIONS INC","2156-5333","2156-535X","ONCOLOGY","SCIE","1,791","1.6","Q4","0.29","5.56"%,
"Smart Science","SMART SCI","TAYLOR & FRANCIS LTD","N/A","2308-0477","MULTIDISCIPLINARY SCIENCES","ESCI","488","1.6","Q2","0.29","0"%,
"Journal of Cancer Metastasis and Treatment","J CANCER METAS TREAT","OAE PUBLISHING INC","2394-4722","2454-2857","ONCOLOGY","ESCI","584","1.6","Q4","0.17","98.97"%,
"Science and Innovation","SCI INNOV","NATL ACAD SCIENCES UKRAINE","2409-9066","2413-4996","MULTIDISCIPLINARY SCIENCES","ESCI","330","1.6","Q2","0.13","99.34"%,
"Hematology Transfusion and Cell Therapy","HEMATOL TRANSF CELL","ELSEVIER","2531-1379","2531-1379","ONCOLOGY","ESCI","971","1.5","Q4","0.31","100"%,
"Journal of Contemporary Brachytherapy","J CONTEMP BRACHYTHER","TERMEDIA PUBLISHING HOUSE LTD","1689-832X","2081-2841","ONCOLOGY","SCIE","1,041","1.5","Q4","0.31","97.47"%,
"eCancerMedicalScience","ECANCERMEDICALSCIENC","eCancer Global Foundation","1754-6605","1754-6605","ONCOLOGY","ESCI","2,686","1.5","Q4","0.28","96.79"%,
"Iranian Journal of Science","IRAN J SCI","SPRINGER INT PUBL AG","2731-8095","2731-8109","MULTIDISCIPLINARY SCIENCES","SCIE","614","1.4","Q3","0.57","1.34"%,
"DISCRETE DYNAMICS IN NATURE AND SOCIETY","DISCRETE DYN NAT SOC","WILEY","1026-0226","1607-887X","MULTIDISCIPLINARY SCIENCES","SCIE","3,750","1.4","Q3","0.44","100"%,
"Baghdad Science Journal","BAGHDAD SCI J","COLL SCIENCE WOMEN, UNIV BAGHDAD","2078-8665","2411-7986","MULTIDISCIPLINARY SCIENCES","ESCI","2,060","1.4","Q3","0.36","98.26"%,
"CHEMOTHERAPY","CHEMOTHERAPY","KARGER","0009-3157","1421-9794","ONCOLOGY","SCIE","1,311","1.4","Q4","0.34","11.11"%,
"PEDIATRIC HEMATOLOGY AND ONCOLOGY","PEDIATR HEMAT ONCOL","TAYLOR & FRANCIS INC","0888-0018","1521-0669","ONCOLOGY","SCIE","1,529","1.4","Q4","0.32","3.48"%,
"All Life","ALL LIFE","TAYLOR & FRANCIS LTD","2689-5293","2689-5307","MULTIDISCIPLINARY SCIENCES","SCIE","517","1.4","Q3","0.28","100"%,
"Oncology Research and Treatment","ONCOL RES TREAT","KARGER","2296-5270","2296-5262","ONCOLOGY","SCIE","1,322","1.4","Q4","0.28","16.22"%,
"Journal of Cancer Research and Therapeutics","J CANCER RES THER","WOLTERS KLUWER MEDKNOW PUBLICATIONS","0973-1482","1998-4138","ONCOLOGY","SCIE","5,191","1.4","Q4","0.26","100"%,
"ISSUES IN SCIENCE AND TECHNOLOGY","ISSUES SCI TECHNOL","NATL ACAD SCIENCES","0748-5492","1938-1557","MULTIDISCIPLINARY SCIENCES","SCIE","834","1.4","Q3","0.17","0"%,
"Kidney Cancer","KIDNEY CANCER","SAGE PUBLICATIONS INC","2468-4562","2468-4570","ONCOLOGY","ESCI","171","1.4","Q4","0.17","79.17"%,
"INTERDISCIPLINARY SCIENCE REVIEWS","INTERDISCIPL SCI REV","SAGE PUBLICATIONS INC","0308-0188","1743-2790","MULTIDISCIPLINARY SCIENCES","SCIE","755","1.3","Q3","0.51","40.35"%,
"PROCEEDINGS OF THE NATIONAL ACADEMY OF SCIENCES INDIA SECTION A-PHYSICAL SCIENCES","P NATL A SCI INDIA A","NATL ACAD SCIENCES INDIA","0369-8203","2250-1762","MULTIDISCIPLINARY SCIENCES","SCIE","763","1.3","Q3","0.4","3.51"%,
"Cancer Radiotherapie","CANCER RADIOTHER","ELSEVIER","1278-3218","1769-6658","ONCOLOGY","SCIE","1,497","1.3","Q4","0.37","19.74"%,
"International Journal of Clinical and Experimental Pathology","INT J CLIN EXP PATHO","E-CENTURY PUBLISHING CORP","1936-2625","1936-2625","ONCOLOGY","ESCI","7,483","1.3","Q4","0.34","2.14"%,
"Journal of Kidney Cancer","J KIDNEY CANCER","CODON PUBLICATIONS","2203-5826","2203-5826","ONCOLOGY","ESCI","271","1.3","Q4","0.3","68.42"%,
"Proceedings of the Indian National Science Academy","P INDIAN NATL SCI AC","INDIAN NAT SCI ACAD","0370-0046","2454-9983","MULTIDISCIPLINARY SCIENCES","ESCI","1,305","1.3","Q3","0.28","0.39"%,
"EuroBiotech Journal","EUROBIOTECH J","Paradigm Publishing Services-De Gruyter Brill Sp Zoo","N/A","2564-615X","MULTIDISCIPLINARY SCIENCES","ESCI","230","1.3","Q3","0.26","100"%,
"Wspolczesna Onkologia-Contemporary Oncology","WSPOLCZESNA ONKOL","TERMEDIA PUBLISHING HOUSE LTD","1428-2526","1897-4309","ONCOLOGY","ESCI","1,476","1.3","Q4","0.25","98.45"%,
"JOURNAL OF ONCOLOGY PHARMACY PRACTICE","J ONCOL PHARM PRACT","SAGE PUBLICATIONS LTD","1078-1552","1477-092X","ONCOLOGY","SCIE","3,086","1.3","Q4","0.23","11.49"%,
"Eurasian Journal of Medicine and Oncology","EURASIAN J MED ONCOL","Accscience Publishing","N/A","2587-196X","ONCOLOGY","ESCI","256","1.3","Q4","0.19","87.63"%,
"ANAIS DA ACADEMIA BRASILEIRA DE CIENCIAS","AN ACAD BRAS CIENC","ACAD BRASILEIRA DE CIENCIAS","0001-3765","1678-2690","MULTIDISCIPLINARY SCIENCES","SCIE","6,431","1.2","Q3","0.34","95.97"%,
"Jove-Journal of Visualized Experiments","JOVE-J VIS EXP","JOURNAL OF VISUALIZED EXPERIMENTS","1940-087X","1940-087X","MULTIDISCIPLINARY SCIENCES","SCIE","26,374","1.2","Q3","0.25","0.73"%,
"Chinese Science Bulletin-Chinese","CHIN SCI B-CHIN","SCIENCE PRESS","0023-074X","2095-9419","MULTIDISCIPLINARY SCIENCES","ESCI","3,366","1.2","Q3","0.24","0.83"%,
"Rare Tumors","RARE TUMORS","SAGE PUBLICATIONS LTD","2036-3605","2036-3613","ONCOLOGY","ESCI","498","1.2","Q4","0.15","100"%,
"EUROPEAN JOURNAL OF CANCER CARE","EUR J CANCER CARE","WILEY","0961-5423","1365-2354","ONCOLOGY","SCIE","5,014","1.1","Q4","0.58","99.52"%,
"ARO-The Scientific Journal of Koya University","ARO","KOYA UNIV","2307-549X","2410-9355","MULTIDISCIPLINARY SCIENCES","ESCI","316","1.1","Q3","0.3","100"%,
"ADVANCES IN COMPLEX SYSTEMS","ADV COMPLEX SYST","WORLD SCIENTIFIC PUBL CO PTE LTD","0219-5259","1793-6802","MULTIDISCIPLINARY SCIENCES","SCIE","551","1.1","Q3","0.28","4.92"%,
"Gazi University Journal of Science","GAZI U J SCI","GAZI UNIV","2147-1762","2147-1762","MULTIDISCIPLINARY SCIENCES","ESCI","1,009","1.1","Q3","0.24","100"%,
"Melanoma Management","MELANOMA MANAG","TAYLOR & FRANCIS LTD","2045-0885","2045-0893","ONCOLOGY","ESCI","224","1.1","Q4","0.22","100"%,
"NATIONAL ACADEMY SCIENCE LETTERS-INDIA","NATL ACAD SCI LETT","SPRINGER INDIA","0250-541X","2250-1754","MULTIDISCIPLINARY SCIENCES","SCIE","1,438","1.1","Q3","0.22","0.66"%,
"BULLETIN DU CANCER","B CANCER","ELSEVIER MASSON, CORP OFF","0007-4551","1769-6917","ONCOLOGY","SCIE","1,573","1.1","Q4","0.18","20.95"%,
"Journal of Physical Science","J PHYS SCI","UNIV SAINS MALAYSIA","1675-3402","2180-4230","MULTIDISCIPLINARY SCIENCES","ESCI","735","1.1","Q3","0.16","88.33"%,
"Pertanika Journal of Science and Technology","PERTANIKA J SCI TECH","UNIV PUTRA MALAYSIA PRESS","0128-7680","0128-7680","MULTIDISCIPLINARY SCIENCES","ESCI","1,164","1.1","Q3","0.16","91.44"%,
"Surgical Oncology Insight","SURG ONCOL INSIGHT","ELSEVIER","N/A","2950-2470","ONCOLOGY","ESCI","120","1","Q4","0.26","61.68"%,
"Chiang Mai Journal of Science","CHIANG MAI J SCI","CHIANG MAI UNIV, FAC SCIENCE","0125-2526","0125-2526","MULTIDISCIPLINARY SCIENCES","SCIE","1,262","1","Q3","0.18","4.53"%,
"Current Breast Cancer Reports","CURR BREAST CANCER R","SPRINGER","1943-4588","1943-4596","ONCOLOGY","ESCI","526","1","Q4","0.17","18.42"%,
"NEW SCIENTIST","NEW SCI","NEW SCIENTIST LTD","0262-4079","N/A","MULTIDISCIPLINARY SCIENCES","SCIE","781","1","Q3","0.02","0"%,
"Clinical Journal of Oncology Nursing","CLIN J ONCOL NURS","ONCOLOGY NURSING SOC","1092-1095","1538-067X","ONCOLOGY","SCIE","2,062","0.9","Q4","0.29","0.92"%,
"JOURNAL OF PEDIATRIC HEMATOLOGY ONCOLOGY","J PEDIAT HEMATOL ONC","LIPPINCOTT WILLIAMS & WILKINS","1077-4114","1536-3678","ONCOLOGY","SCIE","4,349","0.9","Q4","0.27","6"%,
"CURRENT SCIENCE","CURR SCI INDIA","INDIAN ACAD SCIENCES","0011-3891","0011-3891","MULTIDISCIPLINARY SCIENCES","SCIE","12,555","0.9","Q3","0.22","90.56"%,
"Journal of Psychosocial Oncology Research and Practice","J PSYCHOSOC ONCOL R","LIPPINCOTT WILLIAMS & WILKINS","N/A","2637-5974","ONCOLOGY","ESCI","135","0.9","Q4","0.22","98.53"%,
"SCIENCEASIA","SCIENCEASIA","SCIENCE SOCIETY THAILAND","1513-1874","N/A","MULTIDISCIPLINARY SCIENCES","SCIE","1,166","0.9","Q3","0.22","98.45"%,
"Chemistry-Didactics-Ecology-Metrology","CHEM-DIDACT-ECOL-MET","Paradigm Publishing Services-De Gruyter Brill Sp Zoo","1640-9019","2084-4506","MULTIDISCIPLINARY SCIENCES","ESCI","84","0.9","Q3","0.21","100"%,
"Trakya University Journal of Natural Sciences","TRAKYA U J NAT SCI","TRAKYA UNIV BALKAN YERLESESI ENSTITULER BINASI","N/A","2528-9691","MULTIDISCIPLINARY SCIENCES","ESCI","120","0.9","Q3","0.2","100"%,
"Malaysian Journal of Fundamental and Applied Sciences","MALAYS J FUNDAM APPL","PENERBIT UTM PRESS","2289-5981","2289-599X","MULTIDISCIPLINARY SCIENCES","ESCI","801","0.9","Q3","0.18","95.51"%,
"Makara Journal of Science","MAKARA J SCI","UNIV INDONESIA","2339-1995","2356-0851","MULTIDISCIPLINARY SCIENCES","ESCI","281","0.9","Q3","0.15","97.83"%,
"Technology and Innovation","TECHNOL INNOV","NATL ACAD INVENTORS","1949-8241","1949-825X","MULTIDISCIPLINARY SCIENCES","ESCI","235","0.9","Q3","0.11","75.56"%,
"Proceedings of the Estonian Academy of Sciences","P EST ACAD SCI","ESTONIAN ACAD PUBLISHERS","1736-6046","1736-7530","MULTIDISCIPLINARY SCIENCES","SCIE","529","0.8","Q3","0.28","99.31"%,
"Leukemia Research Reports","LEUKEMIA RES REP","ELSEVIER ADVANCED TECHNOLOGY","2213-0489","2213-0489","ONCOLOGY","ESCI","353","0.8","Q4","0.19","100"%,
"Ceylon Journal of Science","CEYLON J SCI","UNIV PERADENIYA","2513-2814","2513-230X","MULTIDISCIPLINARY SCIENCES","ESCI","432","0.8","Q3","0.18","98.17"%,
"Sains Malaysiana","SAINS MALAYS","UNIV KEBANGSAAN MALAYSIA, FAC SCIENCE & TECHNOLOGY","0126-6039","N/A","MULTIDISCIPLINARY SCIENCES","SCIE","2,967","0.8","Q3","0.18","99.46"%,
"INDIAN JOURNAL OF CANCER","INDIAN J CANCER","WOLTERS KLUWER MEDKNOW PUBLICATIONS","0019-509X","1998-4774","ONCOLOGY","SCIE","1,596","0.8","Q4","0.17","66.56"%,
"DEFENCE SCIENCE JOURNAL","DEFENCE SCI J","DEFENCE SCIENTIFIC INFORMATION DOCUMENTATION CENTRE","0011-748X","0976-464X","MULTIDISCIPLINARY SCIENCES","SCIE","1,360","0.8","Q3","0.14","87.45"%,
"Rehabilitation Oncology","REHABIL ONCOL","LIPPINCOTT WILLIAMS & WILKINS","2168-3808","2381-2427","ONCOLOGY","ESCI","232","0.8","Q4","0.13","5.45"%,
"Colorectal Cancer","COLORECTAL CANCER-UK","TAYLOR & FRANCIS LTD","1758-194X","1758-1958","ONCOLOGY","ESCI","65","0.8","Q4","0.11","100"%,
"Current Cancer Therapy Reviews","CURR CANCER THER REV","BENTHAM SCIENCE PUBL LTD","1573-3947","1875-6301","ONCOLOGY","ESCI","256","0.8","Q4","0.11","0.51"%,
"Journal of Science and Arts","J SCI ARTS","EDITURA BIBLIOTHECA-BIBLIOTHECA PUBL HOUSE","1844-9581","2068-3049","MULTIDISCIPLINARY SCIENCES","ESCI","360","0.7","Q3","0.22","8.76"%,
"Case Reports in Oncology","CASE REP ONCOL","KARGER","1662-6575","1662-6575","ONCOLOGY","ESCI","1,555","0.7","Q4","0.16","100"%,
"International Journal of Advanced and Applied Sciences","INT J ADV APPL SCI","INST ADVANCED SCIENCE EXTENSION","2313-626X","2313-3724","MULTIDISCIPLINARY SCIENCES","ESCI","1,229","0.7","Q3","0.15","99.44"%,
"South Asian Journal of Cancer","SOUTH ASIAN J CANCER","GEORG THIEME VERLAG KG","2278-330X","2278-4306","ONCOLOGY","ESCI","754","0.7","Q4","0.14","100"%,
"Indian Journal of Surgical Oncology","INDIA J SURG ONCOL","SPRINGER INDIA","0975-7651","0976-6952","ONCOLOGY","ESCI","1,604","0.7","Q4","0.13","7.21"%,
"JOURNAL OF THE NATIONAL SCIENCE FOUNDATION OF SRI LANKA","J NATL SCI FOUND SRI","NATL SCIENCE FOUNDATION SRI LANKA","1391-4588","2362-0161","MULTIDISCIPLINARY SCIENCES","SCIE","574","0.7","Q3","0.11","98.51"%,
"Uniciencia","UNICIENCIA","UNIV NACL, FAC CIENCIAS EXACTAS & NATURALES","1011-0275","2215-3470","MULTIDISCIPLINARY SCIENCES","ESCI","188","0.6","Q4","0.19","100"%,
"ACTA SCIENTIARUM-TECHNOLOGY","ACTA SCI-TECHNOL","UNIV ESTADUAL MARINGA, PRO-REITORIA PESQUISA POS-GRADUACAO","1806-2563","1807-8664","MULTIDISCIPLINARY SCIENCES","SCIE","619","0.6","Q4","0.14","98.33"%,
"Case Reports in Oncological Medicine","CASE REP ONCOL MED","WILEY","2090-6706","2090-6714","ONCOLOGY","ESCI","430","0.6","Q4","0.13","100"%,
"CienciaUat","CIENCIAUAT","UNIV AUTONOMA TAMAULIPAS","2007-7521","2007-7858","MULTIDISCIPLINARY SCIENCES","ESCI","176","0.6","Q4","0.13","100"%,
"Revista Investigaciones Altoandinas-Journal of High Andean Research","REV INVESTIG ALTOAND","UNIV NACL ALTIPLANO","2306-8582","2313-2957","MULTIDISCIPLINARY SCIENCES","ESCI","108","0.6","Q4","0.12","96.97"%,
"Memo-Magazine of European Medical Oncology","MEMO-MAG EUR MED ONC","SPRINGER WIEN","1865-5041","1865-5076","ONCOLOGY","ESCI","282","0.6","Q4","0.09","62.92"%,
"Atti Accademia Peloritana dei Pericolanti-Classe di Scienze Fisiche Matematiche e Naturali","ATTI ACCAD PELORIT","ACCAD PELORITANA PERICOLANTI","0365-0359","1825-1242","MULTIDISCIPLINARY SCIENCES","ESCI","141","0.5","Q4","1.35","0"%,
"Proceedings of the Romanian Academy Series A-Mathematics Physics Technical Sciences Information Science","P ROMANIAN ACAD A","EDITURA ACAD ROMANE","1454-9069","1454-9069","MULTIDISCIPLINARY SCIENCES","SCIE","258","0.5","Q4","0.33","0"%,
"REVISTA DE LA ACADEMIA COLOMBIANA DE CIENCIAS EXACTAS FISICAS Y NATURALES","REV ACAD COLOMB CIEN","ACAD COLOMB CIEN EXACTAS FISICAS NAT","0370-3908","2382-4980","MULTIDISCIPLINARY SCIENCES","ESCI","628","0.5","Q4","0.31","98.31"%,
"TRANSACTIONS OF THE ROYAL SOCIETY OF SOUTH AUSTRALIA","T ROY SOC SOUTH AUST","TAYLOR & FRANCIS LTD","0372-1426","2204-0293","MULTIDISCIPLINARY SCIENCES","SCIE","470","0.5","Q4","0.22","25.64"%,
"AMERICAN SCIENTIST","AM SCI","SIGMA XI-SCI RES SOC","0003-0996","1545-2786","MULTIDISCIPLINARY SCIENCES","SCIE","2,580","0.5","Q4","0.14","0"%,
"Psycho-Oncologie","PSYCHO-ONCOLOGIE","PiscoMed Publ Pte Ltd","1778-3798","1778-381X","ONCOLOGY","SCIE","86","0.5","Q4","0.13","81.32"%,
"Middle East Journal of Cancer","MIDDLE EAST J CANCER","SHIRAZ UNIV MEDICAL SCIENCES","2008-6709","2008-6687","ONCOLOGY","ESCI","275","0.5","Q4","0.1","0"%,
"Oncology in Clinical Practice","ONCOL CLIN PRACT","VIA MEDICA","2450-1654","2450-6478","ONCOLOGY","ESCI","229","0.5","Q4","0.09","99.6"%,
"Current Problems in Cancer: Case Reports","CURR PROB CANCER-C R","ELSEVIER","2666-6219","2666-6219","ONCOLOGY","ESCI","133","0.5","Q4","0.07","100"%,
"JOURNAL OF ADVANCED APPLIED SCIENTIFIC RESEARCH","J ADV APPL SCI RES","JAMAL MOHAMED COLL PUBL","2454-3225","2454-3225","MULTIDISCIPLINARY SCIENCES","ESCI","73","0.5","Q4","0.07","12.12"%,
"Indian Journal of Medical and Paediatric Oncology","INDIAN J MED PAEDIAT","THIEME MEDICAL PUBL INC","0971-5851","0975-2129","ONCOLOGY","ESCI","921","0.5","Q4","0.06","99.1"%,
"ENDEAVOUR","ENDEAVOUR","PERGAMON-ELSEVIER SCIENCE LTD","0160-9327","1873-1929","MULTIDISCIPLINARY SCIENCES","SCIE","722","0.4","Q4","0.6","33.33"%,
"HERALD OF THE RUSSIAN ACADEMY OF SCIENCES","HER RUSS ACAD SCI+","PLEIADES PUBLISHING LTD","1019-3316","1555-6492","MULTIDISCIPLINARY SCIENCES","SCIE","592","0.4","Q4","0.25","0"%,
"Maejo International Journal of Science and Technology","MAEJO INT J SCI TECH","MAEJO UNIV","1905-7873","N/A","MULTIDISCIPLINARY SCIENCES","SCIE","234","0.4","Q4","0.16","0"%,
"COMPTES RENDUS DE L ACADEMIE BULGARE DES SCIENCES","CR ACAD BULG SCI","PUBL HOUSE BULGARIAN ACAD SCI","1310-1331","N/A","MULTIDISCIPLINARY SCIENCES","SCIE","938","0.4","Q4","0.12","97.53"%,
"International Cancer Conference Journal","INT CANCER CONF J","SPRINGER INT PUBL AG","2192-3183","2192-3183","ONCOLOGY","ESCI","285","0.4","Q4","0.11","12.24"%,
"International Journal of Cancer Management","INT J CANCER MANAG","BRIEFLANDS","2538-4422","2538-497X","ONCOLOGY","ESCI","338","0.4","Q4","0.09","99.45"%,
"Momona Ethiopian Journal of Science","MOMONA ETHIOP J SCI","MEKELLE UNIV, COLL NATURAL & COMPUTATIONAL SCIENCES","2073-073X","2073-073X","MULTIDISCIPLINARY SCIENCES","ESCI","228","0.4","Q4","0.07","100"%,
"UHOD-Uluslararasi Hematoloji-Onkoloji Dergisi","UHOD-ULUSLAR HEMATOL","AKAD DOKTORLAR YAYINEVI","1306-133X","1306-133X","ONCOLOGY","SCIE","110","0.4","Q4","0.04","71.23"%,
"SCIENTIST","SCIENTIST","LABX MEDIA GROUP","0890-3670","1547-0806","MULTIDISCIPLINARY SCIENCES","SCIE","436","0.4","Q4","0.01","0"%,
"World Cancer Research Journal","WORLD CANCER RES J","VERDUCI PUBLISHER","2372-3416","2372-3416","ONCOLOGY","ESCI","176","0.3","Q4","0.12","0"%,
"Uchenye Zapiski Kazanskogo Universiteta-Seriya Estestvennye Nauki","UCHEN ZAP KAZ U-ESTE","KAZAN FEDERAL UNIV","2542-064X","2500-218X","MULTIDISCIPLINARY SCIENCES","ESCI","108","0.3","Q4","0.07","100"%,
"Suranaree Journal of Science and Technology","SURANAREE J SCI TECH","SURANAREE UNIV TECHNOLOGY","0858-849X","0858-849X","MULTIDISCIPLINARY SCIENCES","ESCI","311","0.3","Q4","0.05","0"%,
"Revista Innovaciencia","REV INNOVACIENCIA","UNIV SANTANDER","2346-075X","2346-075X","MULTIDISCIPLINARY SCIENCES","ESCI","35","0.3","Q4","0.04","100"%,
"Journal of the Selva Andina Research Society","J SELVA ANDIN RES SO","SOC INVESTIGACON SELVA ANDINA","2072-9294","2072-9308","MULTIDISCIPLINARY SCIENCES","ESCI","33","0.3","Q4","0.01","46.43"%,
"Mindanao Journal of Science and Technology","MINDANAO J SCI TECHN","UNIV SCIENCE & TECHNOLOGY SOUTHERN PHILIPPINES","2244-0410","2449-3686","MULTIDISCIPLINARY SCIENCES","ESCI","71","0.2","Q4","0.07","0"%,
"Journal of Mathematical and Fundamental Sciences","J MATH FUNDAM SCI","INST TEKNOLOGI BANDUNG","2337-5760","2337-5760","MULTIDISCIPLINARY SCIENCES","ESCI","164","0.2","Q4","0.06","100"%,
"Estudios-Centro de Estudios Avanzados-Universidad Nacional de Cordoba","ESTUD-CENT ESTUD AV-","UNIV NAC CORDOBA, CENTRO ESTUDIOS AVANZADOS","0328-185X","1852-1568","MULTIDISCIPLINARY SCIENCES","ESCI","29","0.2","Q4","0.05","54.17"%,
"Holos","HOLOS","CENTRO FEDERAL EDUCACAO TECNOLOGICA RIO GRANDE NORTE","1518-1634","1807-1600","MULTIDISCIPLINARY SCIENCES","ESCI","267","0.2","Q4","0.04","69.39"%,
"Onkologie","ONKOLOGIE-GER","SPRINGER HEIDELBERG","2731-7226","2731-7234","ONCOLOGY","SCIE","229","0.2","Q4","0.04","11.69"%,
"Turk Onkoloji Dergisi-Turkish Journal of Oncology","TURK ONCOL DERG","KARE PUBL","1300-7467","1300-7467","ONCOLOGY","ESCI","167","0.2","Q4","0.04","100"%,
"Uroonkoloji Bulteni-Bulletin of Urooncology","UROONKOLOJI BUL","GALENOS PUBL HOUSE","2147-2270","2147-2270","ONCOLOGY","ESCI","51","0.2","Q4","0.04","100"%,
"Avances","AVANCES","CENTRO INFORMACION & GESTION TECNOLOGICA PINAR DEL RIO","1562-3297","1562-3297","MULTIDISCIPLINARY SCIENCES","ESCI","85","0.2","Q4","0.02","0"%,
"Informes Cientificos y Tecnicos","INF CIENTIF TECN","UNIV NAC PATAGONIA AUSTRAL","1852-4516","1852-4516","MULTIDISCIPLINARY SCIENCES","ESCI","41","0.2","Q4","0.02","88.98"%,
"Tecnologia en Marcha","TECNOL MARCHA","INST TECNOLOGICO COSTA RICA","0379-3982","2215-3241","MULTIDISCIPLINARY SCIENCES","ESCI","274","0.2","Q4","0.02","93.11"%,
"Gaceta Mexicana de Oncologia","GAC MEX ONCOL","SOC MEXICANA ONCOLOGIA, A C","1665-9201","1665-9201","ONCOLOGY","ESCI","84","0.2","Q4","0.01","100"%,
"Revista Colombiana de Cancerologia","REV COLOMB CANCEROL","INST NACIONAL CANCEROLOGIA","0123-9015","2346-0199","ONCOLOGY","ESCI","60","0.2","Q4","0.01","68.49"%,
"Cultura Cientifica","CULT CIENT","FUNDACION UNIV JUAN CASTELLANOS","1657-463X","2389-9638","MULTIDISCIPLINARY SCIENCES","ESCI","11","0.2","Q4","0","40"%,
"Interdisciplinary Studies of Complex Systems","INTERDISCIP STUD COM","DRAGOMANOV NATL PEDAGOGICAL UNIV","2307-4515","2307-4515","MULTIDISCIPLINARY SCIENCES","ESCI","18","0.1","Q4","0.11","87.72"%,
"DOKLADY NATSIONALNOI AKADEMII NAUK BELARUSI","DOKL NAN BELARUSI","BELARUSKAYA NAVUKA","1561-8323","2524-2431","MULTIDISCIPLINARY SCIENCES","ESCI","53","0.1","Q4","0.06","96.69"%,
"Revista de Senologia y Patologia Mamaria","REV SENOL PATOL MAM","ELSEVIER","0214-1582","1578-1399","ONCOLOGY","ESCI","62","0.1","Q4","0.06","5.04"%,
"Journal of Rajasthan Academy of Physical Sciences","J RAJASTHAN ACAD PHY","RAJASTHAN ACAD PHYSICAL SCIENCES-RAOPS","0972-6306","0972-6306","MULTIDISCIPLINARY SCIENCES","ESCI","35","0.1","Q4","0.05","0"%,
"Tomsk State University Journal","TOMSK STATE UNIV J","TOMSK STATE UNIV","1561-7793","1561-803X","MULTIDISCIPLINARY SCIENCES","ESCI","291","0.1","Q4","0.04","14.94"%,
"Onkologija","ONKOLOGIJA","INST ONCOLOGY LJUBLJANA","1408-1741","1581-3215","ONCOLOGY","ESCI","12","0.1","Q4","0.02","0"%,
"Revista Univap","REV UNIVAP","UNIV VALE PARAIBA-UNIVAP","1517-3275","2237-1753","MULTIDISCIPLINARY SCIENCES","ESCI","36","0.1","Q4","0.02","89.77"%,
"Onkourologiya","ONKOUROLOGIYA","ABV-PRESS PUBL HOUSE","1726-9776","1996-1812","ONCOLOGY","ESCI","61","0.1","Q4","0.01","92.31"%,

Copyright (c) 2026 Clarivate 
By exporting the selected data; you agree to the data usage policy set forth in the Terms of Use 
